序号,转换后JH,JX,dy➗dx,status
1,B16-X1,0,,0
2,B16-X1,0.21,0.018229167,0
3,B16-X1,0.3,0.003208556,0
4,B16-X1,0.48,0.006526468,0
5,B16-X1,0.53,0.001772421,0
6,B16-X1,0.92,0.01396348,0
7,B16-X1,1.88,0.104803493,1
8,B16-X1,2.56,0.071881607,1
9,B16-X1,3.55,0.107725789,1
10,B16-X1,4.26,0.073881374,1
11,B16-X1,5.31,0.109489051,1
12,B16-X1,6.06,0.078451883,1
13,B16-X1,7.24,0.124341412,1
14,B16-X1,8.01,0.080291971,1
15,B16-X1,8.68,0.069430052,1
16,B16-X1,9.35,0.07120085,1
17,B16-X1,10.21,0.089026915,1
18,B16-X1,11.04,0.086368366,1
19,B16-X1,11.79,0.078125,1
20,B16-X1,12.54,0.07780083,1
21,B16-X1,13.45,0.094594595,1
22,B16-X1,14.22,0.08012487,1
23,B16-X1,15.03,0.084375,1
24,B16-X1,15.68,0.068710359,1
25,B16-X1,16.23,0.057955743,1
26,B16-X1,17.01,0.082105263,1
27,B16-X1,17.84,0.087830688,1
28,B16-X1,18.28,0.015256588,2
29,B16-X1,18.15,-0.004501385,2
30,B16-X1,18.06,-0.009355509,2
31,B16-X1,18,-0.006369427,2
32,B16-X1,18.13,0.012310606,2
33,B16-X1,18.21,0.00279916,2
34,B16-X1,18.24,0.001040944,2
35,B16-X1,18.2,-0.001352722,2
36,B16-X1,18,-0.006944444,2
37,B16-X1,17.8,-0.006963788,2
38,B16-X1,17.8,0,2
39,B16-X1,17.75,-0.001748252,2
40,B16-X1,17.7,-0.001730703,2
41,B16-X1,17.67,-0.001044568,2
42,B16-X1,18.35,0.023562024,2
43,B16-X1,19.47,0.03882149,2
44,B16-X1,19.12,-0.012199373,2
45,B16-X1,18.94,-0.006306938,2
46,B16-X1,18.53,-0.014226232,2
47,B16-X1,18.06,-0.01652602,2
48,B16-X1,17.92,-0.004842615,2
49,B16-X1,17.71,-0.007291667,2
50,B16-X1,17.8,0.003138075,2
51,B16-X1,17.89,0.003126085,2
52,B16-X1,17.83,-0.00211491,2
53,B16-X1,17.71,-0.004152249,2
54,B16-X1,18.33,0.021527778,2
55,B16-X1,17.67,-0.022996516,2
56,B16-X1,17.35,-0.011216264,2
57,B16-X1,17.01,-0.011821975,2
58,B16-X1,18.85,0.063866713,2
59,B16-X1,19.86,0.035228462,2
60,B16-X1,19.74,-0.004178273,2
61,B16-X1,19.69,-0.001736111,2
62,B16-X1,19.46,-0.008039147,2
63,B16-X1,19.34,-0.004201681,2
64,B16-X1,19.01,-0.011550578,2
65,B16-X1,18.68,-0.011422638,2
66,B16-X1,18.55,-0.004481213,2
67,B16-X1,18.41,-0.004827586,2
68,B16-X1,18.23,-0.00628053,2
69,B16-X1,17.93,-0.010478519,2
70,B16-X1,17.58,-0.012354395,2
71,B16-X1,17.31,-0.009430667,2
72,B16-X1,18.89,0.05561422,2
73,B16-X1,19.56,0.023255814,2
74,B16-X1,19.47,-0.003140265,2
75,B16-X1,19.47,0,2
76,B16-X1,19.88,0.014330654,2
77,B16-X1,20.35,0.016456583,2
78,B16-X1,20.43,0.002791347,2
79,B16-X1,20.52,0.003159003,2
80,B16-X1,20.13,-0.013645906,2
81,B16-X1,19.91,-0.007681564,2
82,B16-X1,19.75,-0.005594406,2
83,B16-X1,19.42,-0.011502266,2
84,B16-X1,19.12,-0.01552795,2
85,B16-X1,19.6,0.016161616,2
86,B16-X1,19.6,0,2
87,B16-X1,19.65,0.001736714,2
88,B16-X1,18.8,-0.029678771,2
89,B16-X1,18.06,-0.025641026,2
90,B16-X1,17,-0.037101855,2
91,B16-X1,15.78,-0.042229145,2
92,B16-X1,16.88,0.038448095,2
93,B16-X1,16.83,-0.001736714,2
94,B16-X1,17.51,0.023817863,2
95,B16-X1,19.6,0.073153658,2
96,B16-X1,19.91,0.010850543,2
97,B16-X1,19.25,-0.022940563,2
98,B16-X1,18.54,-0.024894811,2
99,B16-X1,17.71,-0.028729664,2
100,B16-X1,16.69,-0.035404373,2
101,B16-X1,18.75,0.071280277,2
102,B16-X1,20.37,0.056445993,2
103,B16-X1,19.59,-0.027244149,2
104,B16-X1,18.94,-0.022624434,2
105,B16-X1,18.59,-0.012267788,2
106,B16-X1,18.4,-0.006627136,2
107,B16-X1,17.23,-0.040952048,2
108,B16-X1,16.01,-0.041909997,2
109,B16-X1,17.8,0.062917399,2
110,B16-X1,17.93,0.004529617,2
111,B16-X1,15.86,-0.072529783,2
112,B16-X1,18.15,0.079930192,2
113,B16-X1,19.67,0.05346465,2
114,B16-X1,18.9,-0.026885475,2
115,B16-X1,18.72,-0.006263048,2
116,B16-X1,18.46,-0.009065551,2
117,B16-X1,17.97,-0.016960886,2
118,B16-X1,18.59,0.021512838,2
119,B16-X1,18.11,-0.016557434,2
120,B16-X1,17.91,-0.020725389,2
121,B16-X1,17.71,-0.007347539,2
122,B16-X1,18.06,0.012224939,2
123,B16-X1,17.45,-0.021143847,2
124,B16-X1,17.75,0.018259282,2
125,B16-X1,17.97,0.01784266,2
126,B16-X1,18.33,0.012587413,2
127,B16-X1,18.5,0.008844953,2
128,B16-X1,18.72,0.007668177,2
129,B16-X1,18.55,-0.008812856,2
130,B16-X1,18.55,0,2
131,B16-X1,18.55,0,2
184,B16-X13,0,#VALUE!,0
185,B16-X13,0,0,0
186,B16-X13,0.3,0.012,0
187,B16-X13,0.4,0.004,0
188,B16-X13,0.53,0.0052,0
189,B16-X13,0.44,-0.0036,0
190,B16-X13,0.26,-0.0072,0
191,B16-X13,0.33,0.0028,0
192,B16-X13,0.37,0.0016,0
193,B16-X13,0.29,-0.0032,0
194,B16-X13,0.57,0.0112,0
195,B16-X13,0.62,0.0025,0
196,B16-X13,0.62,0,0
197,B16-X13,0.62,0,0
198,B16-X13,0.65,0.001363017,0
199,B16-X13,1.02,0.01286509,0
200,B16-X13,0.88,-0.004856053,0
201,B16-X13,0.95,0.002442428,0
202,B16-X13,1.1,0.005213764,0
203,B16-X13,0.52,-0.020187957,0
204,B16-X13,0.4,-0.004192872,0
205,B16-X13,0.72,0.011138183,0
206,B16-X13,1.05,0.011498258,0
207,B16-X13,1.41,0.012547926,0
208,B16-X13,1.32,-0.003129346,0
209,B16-X13,1.21,-0.003831418,0
210,B16-X13,1.01,-0.006958942,0
211,B16-X13,2.11,0.057024365,1
212,B16-X13,3.47,0.144067797,1
213,B16-X13,4.88,0.146722164,1
214,B16-X13,6.66,0.187368421,1
215,B16-X13,8.33,0.174321503,1
216,B16-X13,9.86,0.159874608,1
217,B16-X13,11.59,0.180208333,1
218,B16-X13,13.07,0.154327424,1
219,B16-X13,14.53,0.151767152,1
220,B16-X13,15.86,0.139121339,1
221,B16-X13,17.01,0.119791667,1
222,B16-X13,18.32,0.137172775,1
223,B16-X13,19.65,0.138830898,1
224,B16-X13,20.92,0.132706374,1
225,B16-X13,22.06,0.119496855,1
226,B16-X13,23.18,0.117277487,1
227,B16-X13,24.35,0.122384937,1
228,B16-X13,25.69,0.140314136,1
229,B16-X13,27.03,0.140167364,1
230,B16-X13,28.21,0.123301985,1
231,B16-X13,29.02,0.08490566,1
232,B16-X13,30.01,0.0515625,2
233,B16-X13,29.98,-0.001046755,2
234,B16-X13,29.95,-0.001046755,2
235,B16-X13,29.93,-0.00069735,2
236,B16-X13,29.29,-0.022315202,2
237,B16-X13,28.63,-0.022972503,2
238,B16-X13,28.04,-0.020564657,2
239,B16-X13,27.76,-0.009776536,2
240,B16-X13,27.62,-0.004886562,2
241,B16-X13,27.55,-0.002437326,2
242,B16-X13,27.46,-0.003133705,2
243,B16-X13,27.41,-0.001686341,2
244,B16-X13,27.38,-0.001044932,2
245,B16-X13,29.22,0.064089168,2
246,B16-X13,28.93,-0.010097493,2
247,B16-X13,28.65,-0.009773124,2
248,B16-X13,28.53,-0.004175365,2
249,B16-X13,28.39,-0.004878049,2
250,B16-X13,28.44,0.001743375,2
251,B16-X13,28.48,0.001391788,2
252,B16-X13,28.42,-0.002094972,2
253,B16-X13,28.21,-0.007327285,2
254,B16-X13,28.13,-0.002788428,2
255,B16-X13,27.95,-0.006269592,2
256,B16-X13,27.73,-0.007657501,2
257,B16-X13,27.99,0.009049774,2
258,B16-X13,28.02,0.001042753,2
259,B16-X13,28.04,0.000698324,2
260,B16-X13,28.61,0.019846797,2
261,B16-X13,28.9,0.010090466,2
262,B16-X13,29.18,0.009762901,2
263,B16-X13,29.49,0.010816469,2
264,B16-X13,29.62,0.004537522,2
265,B16-X13,31.2,0.054975644,2
266,B16-X13,30.45,-0.026096033,2
267,B16-X13,31.86,0.049060543,2
268,B16-X13,33.57,0.059685864,2
269,B16-X13,32.12,-0.050628492,2
270,B16-X13,31.99,-0.004526462,2
271,B16-X13,32.7,0.024764562,2
272,B16-X13,32.12,-0.020180932,2
273,B16-X13,32.8,0.071278826,2
274,B16-X13,33.89,0.037979094,2
275,B16-X13,32.64,-0.043478261,2
276,B16-X13,31.38,-0.043933054,2
277,B16-X13,29.62,-0.061238692,2
278,B16-X13,30.45,0.028950122,2
279,B16-X13,27.95,-0.086986778,3
280,B16-X13,26.28,-0.058026407,3
281,B16-X13,26.98,0.024373259,3
282,B16-X13,26.02,-0.033449477,3
283,B16-X13,24.19,-0.063852059,3
284,B16-X13,22.02,-0.07558342,3
285,B16-X13,19.03,-0.104435906,3
286,B16-X13,16.88,-0.075069832,3
287,B16-X13,14.94,-0.067572274,3
288,B16-X13,12.51,-0.084876004,3
289,B16-X13,10.11,-0.083507307,3
290,B16-X13,9.23,-0.030619346,3
291,B16-X13,8.96,-0.009427374,3
292,B16-X13,8.71,-0.008698678,3
293,B16-X13,8.53,-0.00627834,3
294,B16-X13,8.66,0.004520167,3
295,B16-X13,8.67,0.003215434,3
296,B16-X13,8.79,0.004678363,3
297,B16-X13,8.62,-0.005929543,3
298,B16-X13,8.44,-0.006271777,3
299,B16-X13,8.32,-0.00418702,3
300,B16-X13,8.22,-0.00348675,3
301,B16-X13,8.16,-0.002090592,3
302,B16-X13,8.09,-0.002437326,3
303,B16-X13,8.39,0.010449321,3
304,B16-X13,8.79,0.01394214,3
305,B16-X13,8.85,0.002091321,3
306,B16-X13,8.91,0.002089136,3
307,B16-X13,8.96,0.001744592,3
308,B16-X13,9.31,0.012224939,3
309,B16-X13,9.79,0.016742239,3
310,B16-X13,10.2,0.014315642,3
311,B16-X13,10.53,0.011402903,3
312,B16-X13,10.67,0.004839267,3
313,B16-X13,10.75,0.002768166,3
314,B16-X13,11.22,0.016387727,3
315,B16-X13,11.54,0.011126565,3
316,B16-X13,11.82,0.013678554,3
317,B16-X13,11.98,0.009411765,3
318,B16-X13,11.98,0,3
355,B16-X14,0,#VALUE!,0
356,B16-X14,0,0,0
357,B16-X14,0.46,0.0184,0
358,B16-X14,0.6,0.0056,0
359,B16-X14,0.44,-0.0064,0
360,B16-X14,0.47,0.0012,0
361,B16-X14,0.4,-0.0028,0
362,B16-X14,0.29,-0.0044,0
363,B16-X14,0.33,0.0016,0
364,B16-X14,0.38,0.002,0
365,B16-X14,0.37,-0.0004,0
366,B16-X14,0.49,0.006315789,0
367,B16-X14,0.49,0,0
368,B16-X14,0.49,0,0
369,B16-X14,0.4,-0.004287756,0
370,B16-X14,1.8,0.04867872,0
371,B16-X14,2.11,0.010752688,0
372,B16-X14,2.46,0.012212142,0
373,B16-X14,1.32,-0.039624609,0
374,B16-X14,1.71,0.013574661,0
375,B16-X14,1.19,-0.018169113,0
376,B16-X14,1.49,0.010442047,0
377,B16-X14,1.29,-0.006968641,0
378,B16-X14,1.26,-0.001045661,0
379,B16-X14,1.23,-0.001008065,0
380,B16-X14,1.6,0.012909979,0
381,B16-X14,3.33,0.180020812,1
382,B16-X14,5.08,0.182863114,1
383,B16-X14,6.57,0.155046826,1
384,B16-X14,7.65,0.112970711,1
385,B16-X14,8.62,0.100936524,1
386,B16-X14,9.71,0.114016736,1
387,B16-X14,10.72,0.105098855,1
388,B16-X14,11.73,0.106315789,1
389,B16-X14,12.74,0.105427975,1
390,B16-X14,13.75,0.10553814,1
391,B16-X14,14.76,0.105208333,1
392,B16-X14,15.77,0.10531804,1
393,B16-X14,17.42,0.171517672,1
394,B16-X14,19.08,0.173640167,1
395,B16-X14,20.52,0.15,1
396,B16-X14,21.73,0.126701571,1
397,B16-X14,22.91,0.123173278,1
398,B16-X14,24.28,0.143155695,1
399,B16-X14,25.97,0.177148847,1
400,B16-X14,27.83,0.194764398,1
401,B16-X14,29.37,0.161087866,1
402,B16-X14,30.82,0.151832461,1
403,B16-X14,32.06,0.129707113,1
404,B16-X14,33.51,0.151515152,1
405,B16-X14,35.01,0.157232704,1
406,B16-X14,36.57,0.1625,1
407,B16-X14,38.38,0.188541667,1
408,B16-X14,38.62,0.00837404,1
409,B16-X14,39.24,0.021632938,2
410,B16-X14,38.93,-0.010808926,2
411,B16-X14,38.63,-0.010460251,2
412,B16-X14,38.36,-0.009397842,2
413,B16-X14,38.1,-0.009062391,2
414,B16-X14,37.82,-0.009776536,2
415,B16-X14,37.53,-0.010122164,2
416,B16-X14,37.11,-0.014623955,2
417,B16-X14,36.87,-0.008356546,2
418,B16-X14,37.1,0.007757167,2
419,B16-X14,37.35,0.008707767,2
420,B16-X14,37.24,-0.003831418,2
421,B16-X14,37.02,-0.007660167,2
422,B16-X14,36.96,-0.002094241,2
423,B16-X14,36.72,-0.008350731,2
424,B16-X14,36.47,-0.008710801,2
425,B16-X14,38.45,0.069037657,2
426,B16-X14,38.42,-0.001043841,2
427,B16-X14,38.41,-0.000349162,2
428,B16-X14,39.11,0.024424285,2
429,B16-X14,39.54,0.014987801,2
430,B16-X14,39.99,0.015673981,2
431,B16-X14,40.08,0.003132614,2
432,B16-X14,40.22,0.004872955,2
433,B16-X14,40.47,0.008689607,2
434,B16-X14,41.23,0.026536313,2
435,B16-X14,41.88,0.022632312,2
436,B16-X14,41.09,-0.027487822,2
437,B16-X14,41.09,0,2
438,B16-X14,41.09,0,2
439,B16-X14,41.52,0.015008726,2
440,B16-X14,41.92,0.013917884,2
441,B16-X14,40.96,-0.033402923,2
442,B16-X14,41.61,0.022616562,2
443,B16-X14,42.28,0.023385689,2
444,B16-X14,40.83,-0.050628492,2
445,B16-X14,40.28,-0.019150418,2
446,B16-X14,39.73,-0.019183816,2
447,B16-X14,39.49,-0.008350731,2
448,B16-X14,39.29,-0.006973501,2
449,B16-X14,38.31,-0.034122563,2
450,B16-X14,37.28,-0.03586351,3
451,B16-X14,36.34,-0.032786885,3
452,B16-X14,34.89,-0.050505051,3
453,B16-X14,34.01,-0.045833333,3
454,B16-X14,33.75,-0.009065551,3
455,B16-X14,35.65,0.066041015,3
456,B16-X14,33.13,-0.087804878,3
457,B16-X14,31.68,-0.050469892,3
458,B16-X14,30.98,-0.024390244,3
459,B16-X14,30.46,-0.018169113,3
460,B16-X14,29.97,-0.017096999,3
461,B16-X14,29.05,-0.032100488,3
462,B16-X14,27.73,-0.046009062,3
463,B16-X14,26.32,-0.049111808,3
464,B16-X14,24.89,-0.049808429,3
465,B16-X14,22.94,-0.068015347,3
466,B16-X14,21.24,-0.059130435,3
467,B16-X14,19.16,-0.072524407,3
468,B16-X14,16.68,-0.086471409,3
469,B16-X14,14.28,-0.083420229,3
470,B16-X14,13.11,-0.040752351,3
471,B16-X14,12.04,-0.0372433,3
472,B16-X14,11.54,-0.017439833,3
473,B16-X14,11.07,-0.023833671,3
474,B16-X14,10.85,-0.024608501,3
475,B16-X14,10.49,-0.012547926,3
476,B16-X14,10.12,-0.012887496,3
477,B16-X14,10,-0.006204757,3
478,B16-X14,10,0,3
503,B16-X15,0,#VALUE!,0
504,B16-X15,0.21,0.00704698,0
505,B16-X15,0.15,-0.002054795,0
506,B16-X15,0.1,-0.001716444,0
507,B16-X15,0.13,0.00106082,0
508,B16-X15,1.14,0.035764873,0
509,B16-X15,1.65,0.018072289,0
510,B16-X15,1.71,0.002120141,0
511,B16-X15,1.8,0.003181336,1
512,B16-X15,2.05,0.008722959,1
513,B16-X15,2.32,0.009401114,1
514,B16-X15,2.68,0.012517385,1
515,B16-X15,2.73,0.001735509,1
516,B16-X15,2.81,0.002791347,1
517,B16-X15,2.9,0.003305178,1
518,B16-X15,2.59,-0.016062176,1
519,B16-X15,3.73,0.119246862,1
520,B16-X15,4.86,0.117219917,1
521,B16-X15,6.43,0.164225941,1
522,B16-X15,7.97,0.16008316,1
523,B16-X15,9.81,0.192468619,1
524,B16-X15,11.57,0.183524505,1
525,B16-X15,13.02,0.15167364,1
526,B16-X15,14.43,0.145811789,1
527,B16-X15,15.82,0.145702306,1
528,B16-X15,17.45,0.169791667,1
529,B16-X15,19.25,0.187110187,1
530,B16-X15,20.87,0.16875,1
531,B16-X15,22.79,0.200208551,1
532,B16-X15,24.79,0.209863589,1
533,B16-X15,26.3,0.158280922,1
534,B16-X15,28.42,0.221063608,1
535,B16-X15,30.01,0.167544784,1
536,B16-X15,32.08,0.21835443,1
537,B16-X15,34.13,0.213541667,1
538,B16-X15,35.66,0.160041841,1
539,B16-X15,37.71,0.213541667,1
540,B16-X15,37.97,0.009043478,2
541,B16-X15,37.66,-0.010824022,2
542,B16-X15,37.31,-0.012233485,2
543,B16-X15,36.83,-0.016724739,2
544,B16-X15,36.61,-0.007657501,2
545,B16-X15,36.34,-0.009388039,2
546,B16-X15,36.36,0.000678656,2
547,B16-X15,36.39,0.001039861,2
548,B16-X15,36.12,-0.009420796,2
549,B16-X15,35.73,-0.013631597,2
550,B16-X15,35.6,-0.004531196,2
551,B16-X15,35.46,-0.004901961,2
552,B16-X15,36.47,0.035253054,2
553,B16-X15,36.69,0.007678883,2
554,B16-X15,36.47,-0.007641542,2
555,B16-X15,35.96,-0.017726799,2
556,B16-X15,35.42,-0.018887723,2
557,B16-X15,36.47,0.036470997,2
558,B16-X15,36.43,-0.001396648,2
559,B16-X15,36.39,-0.001387444,2
560,B16-X15,36,-0.013579387,2
561,B16-X15,35.64,-0.012547926,2
562,B16-X15,35.71,0.002439875,2
563,B16-X15,35.73,0.000701754,2
564,B16-X15,35.32,-0.014285714,2
565,B16-X15,36.07,0.026114206,2
566,B16-X15,37.27,0.041811847,2
567,B16-X15,37.12,-0.005213764,2
568,B16-X15,37.05,-0.002434783,2
569,B16-X15,36.65,-0.013927577,2
570,B16-X15,36.43,-0.007662835,2
571,B16-X15,36.98,0.019090594,2
572,B16-X15,37.57,0.020550331,2
573,B16-X15,37.75,0.006247831,2
574,B16-X15,37.49,-0.009009009,2
575,B16-X15,37.97,0.016736402,2
576,B16-X15,38.1,0.004520167,2
577,B16-X15,38.32,0.007623008,2
578,B16-X15,38.5,0.006237006,2
579,B16-X15,38.14,-0.012547926,2
580,B16-X15,37.97,-0.00590688,2
581,B16-X15,37.83,-0.004905396,2
582,B16-X15,37.66,-0.005900729,2
583,B16-X15,37.82,0.005565217,2
584,B16-X15,38.01,0.006608696,2
585,B16-X15,38.48,0.016347826,2
586,B16-X15,38.76,0.009712105,2
587,B16-X15,39.2,0.014784946,2
588,B16-X15,39.52,0.011118833,2
589,B16-X15,39.81,0.010108052,2
590,B16-X15,40.21,0.013932428,2
591,B16-X15,39.24,-0.03373913,2
592,B16-X15,38.46,-0.027064539,2
593,B16-X15,37.71,-0.026168876,2
594,B16-X15,38.06,0.012195122,2
595,B16-X15,37.23,-0.028839472,2
596,B16-X15,36.58,-0.022663877,2
597,B16-X15,36.05,-0.01853795,2
598,B16-X15,38.97,0.10174216,2
599,B16-X15,41.96,0.103963839,2
600,B16-X15,41.95,-0.000521648,2
601,B16-X15,41.9,-0.002610966,2
602,B16-X15,41.95,0.001744592,2
603,B16-X15,41.94,-0.000347826,2
604,B16-X15,41.96,0.00069808,2
605,B16-X15,42,0.001395187,2
606,B16-X15,42.1,0.00349895,2
607,B16-X15,41.87,-0.008016731,2
608,B16-X15,41.63,-0.008350731,2
609,B16-X15,41,-0.021867407,2
610,B16-X15,40.78,-0.007662835,2
611,B16-X15,40.39,-0.013565217,2
612,B16-X15,39.95,-0.015224913,2
613,B16-X15,39.23,-0.025043478,2
614,B16-X15,38.54,-0.024092179,2
615,B16-X15,37.25,-0.044916435,3
616,B16-X15,35.82,-0.049756437,3
617,B16-X15,37,0.041129313,3
618,B16-X15,37.71,0.024482759,3
619,B16-X15,36.34,-0.04776848,3
620,B16-X15,34.46,-0.065734266,3
621,B16-X15,32.52,-0.067548747,3
622,B16-X15,30.32,-0.07628294,3
623,B16-X15,31.73,0.048873484,3
624,B16-X15,34.01,0.079414838,3
625,B16-X15,33.64,-0.012878524,3
626,B16-X15,33.22,-0.014649459,3
627,B16-X15,33.83,0.021151179,3
628,B16-X15,34.41,0.02027972,3
629,B16-X15,34.45,0.001395673,3
630,B16-X15,35.02,0.019874477,3
631,B16-X15,35.43,0.014246004,3
632,B16-X15,35.86,0.015024458,3
633,B16-X15,36.21,0.012144344,3
634,B16-X15,35.86,-0.012140132,3
635,B16-X15,36.47,0.021195274,3
636,B16-X15,36.65,0.006239168,3
637,B16-X15,37.28,0.023577844,3
638,B16-X15,37.33,0.024752475,3
639,B16-X15,38.58,0.043675751,3
640,B16-X15,39.76,0.040943789,3
641,B16-X15,36.82,-0.1020479,3
642,B16-X15,35.88,-0.032650226,3
643,B16-X15,36,0.004181185,3
644,B16-X15,36,0,3
666,B16-X20,0,#VALUE!,0
667,B16-X20,0.32,0.010738255,0
668,B16-X20,0.66,0.011643836,0
669,B16-X20,0.53,-0.004462753,0
670,B16-X20,0.26,-0.009547383,0
671,B16-X20,0.4,0.004957507,0
672,B16-X20,0.63,0.008150248,0
673,B16-X20,0.79,0.00565371,0
674,B16-X20,1.71,0.032520325,0
675,B16-X20,4.92,0.112002791,1
676,B16-X20,7.16,0.077994429,1
677,B16-X20,9.76,0.090403338,1
678,B16-X20,12.44,0.093023256,1
679,B16-X20,12.76,0.033684211,1
680,B16-X20,13.01,0.026068822,1
681,B16-X20,13.32,0.032392894,1
682,B16-X20,14.03,0.07357513,1
683,B16-X20,14.75,0.075,1
684,B16-X20,15.51,0.079166667,1
685,B16-X20,16.49,0.10251046,1
686,B16-X20,17.38,0.092323651,1
687,B16-X20,18.33,0.099372385,1
688,B16-X20,19.36,0.107068607,1
689,B16-X20,20.38,0.106694561,1
690,B16-X20,21.4,0.106360792,1
691,B16-X20,22.98,0.165271967,1
692,B16-X20,24.13,0.118924509,1
693,B16-X20,25.33,0.125786164,1
694,B16-X20,26.98,0.171875,1
695,B16-X20,28.52,0.16008316,1
696,B16-X20,30.23,0.178125,1
697,B16-X20,31.61,0.143899896,1
698,B16-X20,32.99,0.144805876,1
699,B16-X20,34.37,0.144654088,1
700,B16-X20,35.82,0.151199166,1
701,B16-X20,37.43,0.169652266,1
702,B16-X20,38.94,0.1592827,1
703,B16-X20,40.72,0.185416667,1
704,B16-X20,42.29,0.164225941,1
705,B16-X20,44.08,0.186458333,1
706,B16-X20,44.21,0.013626834,2
707,B16-X20,44.3,0.013353116,2
708,B16-X20,45.26,0.032933105,2
709,B16-X20,45.08,-0.006072874,2
710,B16-X20,44.91,-0.005941978,2
711,B16-X20,44.85,-0.002090592,2
712,B16-X20,44.72,-0.004524887,2
713,B16-X20,44.78,0.002086231,2
714,B16-X20,44.76,-0.000678656,2
715,B16-X20,44.76,0,2
716,B16-X20,44.78,0.000697837,2
717,B16-X20,44.56,-0.007689619,2
718,B16-X20,44.35,-0.007319624,2
719,B16-X20,44.17,-0.006302521,2
720,B16-X20,44.02,-0.005235602,2
721,B16-X20,43.91,-0.003839442,2
722,B16-X20,43.77,-0.0048628,2
723,B16-X20,43.81,0.001390337,2
724,B16-X20,43.86,0.001748863,2
725,B16-X20,43.72,-0.0048628,2
726,B16-X20,43.59,-0.004539106,2
727,B16-X20,43.43,-0.005549775,2
728,B16-X20,43.29,-0.004874652,2
729,B16-X20,43.11,-0.006273963,2
730,B16-X20,43.46,0.012199373,2
731,B16-X20,44.08,0.021754386,2
732,B16-X20,44.38,0.010452962,2
733,B16-X20,44.56,0.006267409,2
734,B16-X20,45.04,0.016724739,2
735,B16-X20,44.72,-0.011122697,2
736,B16-X20,44.43,-0.010086957,2
737,B16-X20,45.09,0.022980501,2
738,B16-X20,43.73,-0.045775833,2
739,B16-X20,44.08,0.01214856,2
740,B16-X20,45,0.032044584,2
741,B16-X20,44.3,-0.024297119,2
742,B16-X20,44.17,-0.004504505,2
743,B16-X20,44.34,0.005927476,2
744,B16-X20,45.04,0.02433936,2
745,B16-X20,45.83,0.027373527,2
746,B16-X20,46.1,0.009355509,2
747,B16-X20,46.34,0.008365284,2
748,B16-X20,46.58,0.008339124,2
749,B16-X20,46.63,0.001751927,2
750,B16-X20,47.75,0.03887539,2
751,B16-X20,46.41,-0.046608696,2
752,B16-X20,45.02,-0.072433559,2
753,B16-X20,45.44,0.021932115,2
754,B16-X20,46.17,0.025382476,2
755,B16-X20,46.89,0.024973985,2
756,B16-X20,46.29,-0.020869565,2
757,B16-X20,44.82,-0.051148225,2
758,B16-X20,45.58,0.026453185,2
759,B16-X20,46.32,0.025801953,2
760,B16-X20,45.07,-0.043417853,2
761,B16-X20,44.21,-0.029871483,2
762,B16-X20,44.56,0.012203626,2
763,B16-X20,44.17,-0.013593587,2
764,B16-X20,43.76,-0.01426087,2
765,B16-X20,43.24,-0.018131102,2
766,B16-X20,42.67,-0.01993007,2
767,B16-X20,42.19,-0.016724739,2
768,B16-X20,45.75,0.123654047,2
769,B16-X20,45.48,-0.009397842,2
770,B16-X20,45.18,-0.010467551,2
771,B16-X20,45.74,0.019478261,2
772,B16-X20,47.75,0.067790894,2
773,B16-X20,48.38,0.021597532,2
774,B16-X20,48.47,0.003323486,2
775,B16-X20,48.56,0.003136982,2
776,B16-X20,48.65,0.003131524,2
777,B16-X20,48.65,0,2
778,B16-X20,48.12,-0.018460467,2
779,B16-X20,48.03,-0.003130435,2
780,B16-X20,48.82,0.02733564,2
781,B16-X20,46.45,-0.082434783,2
782,B16-X20,45.75,-0.024441341,2
783,B16-X20,45.57,-0.006267409,2
784,B16-X20,45.06,-0.017745303,2
785,B16-X20,44.52,-0.018821889,2
786,B16-X20,44.08,-0.015172414,2
787,B16-X20,43.95,-0.004532775,2
788,B16-X20,43.33,-0.021678322,2
789,B16-X20,42.37,-0.033426184,2
790,B16-X20,41.53,-0.029126214,2
791,B16-X20,40.46,-0.037088388,2
792,B16-X20,39.42,-0.036224312,2
793,B16-X20,39.36,-0.002088409,2
794,B16-X20,39.29,-0.002441577,2
795,B16-X20,39.59,0.010402219,2
796,B16-X20,39.95,0.012587413,2
797,B16-X20,39.96,0.002183406,2
798,B16-X20,39.99,0.001245847,2
799,B16-X20,40.52,0.018479777,2
800,B16-X20,41.03,0.017720639,2
801,B16-X20,41.52,0.017120894,2
802,B16-X20,41.96,0.017047656,2
803,B16-X20,41.96,0,2
822,B16-X21,0,#VALUE!,0
823,B16-X21,0.21,0.00704698,0
824,B16-X21,0.35,0.004794521,0
825,B16-X21,0.79,0.015104703,0
826,B16-X21,0.73,-0.002121641,0
827,B16-X21,0.62,-0.003895184,0
828,B16-X21,0.62,0,0
829,B16-X21,0.66,0.001413428,0
830,B16-X21,0.7,0.001413927,0
831,B16-X21,0.77,0.002442428,0
832,B16-X21,0.82,0.001740947,0
833,B16-X21,0.88,0.002086231,0
834,B16-X21,0.72,-0.005553627,0
835,B16-X21,0.61,-0.003838102,0
836,B16-X21,0.48,-0.005052468,0
837,B16-X21,0.5,0.000961538,0
838,B16-X21,2.02,0.052851182,1
839,B16-X21,2.87,0.088357588,1
840,B16-X21,3.76,0.093096234,1
841,B16-X21,5.01,0.130344108,1
842,B16-X21,6.31,0.135983264,1
843,B16-X21,7.52,0.125129266,1
844,B16-X21,8.7,0.123689727,1
845,B16-X21,10.01,0.136458333,1
846,B16-X21,11.36,0.14033264,1
847,B16-X21,12.81,0.151041667,1
848,B16-X21,14.5,0.176225235,1
849,B16-X21,16.13,0.171038825,1
850,B16-X21,17.62,0.156184486,1
851,B16-X21,18.9,0.133472367,1
852,B16-X21,20.15,0.131717597,1
853,B16-X21,21.27,0.11814346,1
854,B16-X21,22.65,0.14375,1
855,B16-X21,23.98,0.139121339,1
856,B16-X21,25.4,0.147916667,1
857,B16-X21,26.96,0.163522013,1
858,B16-X21,28.62,0.172736733,1
859,B16-X21,30.15,0.159375,1
860,B16-X21,31.67,0.159831756,1
861,B16-X21,33.29,0.168925965,1
862,B16-X21,34.8,0.158280922,1
863,B16-X21,35.24,0.045881126,2
864,B16-X21,35.61,0.038865546,2
865,B16-X21,35.86,0.026315789,2
866,B16-X21,36.02,0.005574913,2
867,B16-X21,36.17,0.005221023,2
868,B16-X21,35.95,-0.007649513,2
869,B16-X21,35.86,-0.003053953,2
870,B16-X21,35.28,-0.020103986,2
871,B16-X21,34.8,-0.016748081,2
872,B16-X21,34.64,-0.00559245,2
873,B16-X21,35.53,0.031021262,2
874,B16-X21,34.41,-0.039215686,2
875,B16-X21,34.02,-0.013612565,2
876,B16-X21,33.49,-0.018499127,2
877,B16-X21,33.24,-0.008683571,2
878,B16-X21,33.05,-0.006604101,2
879,B16-X21,32.11,-0.032878629,2
880,B16-X21,31.46,-0.022577284,2
881,B16-X21,33.62,0.075418994,2
882,B16-X21,33.28,-0.011793271,2
883,B16-X21,32.92,-0.012534819,2
884,B16-X21,32.78,-0.004879749,2
885,B16-X21,32.74,-0.001394214,2
886,B16-X21,32.33,-0.014385965,2
887,B16-X21,31.95,-0.013240418,2
888,B16-X21,35.16,0.111768802,2
889,B16-X21,34.82,-0.01184669,2
890,B16-X21,34.41,-0.014250956,2
891,B16-X21,34.22,-0.006608696,2
892,B16-X21,33.97,-0.008704735,2
893,B16-X21,34.63,0.022988506,2
894,B16-X21,35.24,0.021173204,2
895,B16-X21,35.08,-0.005572971,2
896,B16-X21,34.89,-0.006594932,2
897,B16-X21,34.79,-0.005186722,2
898,B16-X21,34.63,-0.008350731,2
899,B16-X21,34.5,-0.004535939,2
900,B16-X21,34.8,0.010423905,2
901,B16-X21,34.94,0.004851005,2
902,B16-X21,34.43,-0.017665397,2
903,B16-X21,33.62,-0.028301887,2
904,B16-X21,33.84,0.007644197,2
905,B16-X21,34.12,0.009786788,2
906,B16-X21,34.46,0.01181376,2
907,B16-X21,34.77,0.010771369,2
908,B16-X21,35.02,0.008695652,2
909,B16-X21,35.68,0.02294854,2
910,B16-X21,35.73,0.001676165,2
911,B16-X21,35.68,-0.00173913,2
912,B16-X21,35.99,0.01078636,2
913,B16-X21,35.58,-0.014270797,2
914,B16-X21,35.16,-0.014644351,2
915,B16-X21,34.72,-0.015283084,2
916,B16-X21,36.65,0.067037166,2
917,B16-X21,36.21,-0.015341702,2
918,B16-X21,34.85,-0.047403276,2
919,B16-X21,36.34,0.051826087,2
920,B16-X21,35.81,-0.018479777,2
921,B16-X21,35.24,-0.01993007,2
922,B16-X21,34.94,-0.010452962,2
923,B16-X21,34.63,-0.010767628,2
924,B16-X21,34.3,-0.011486251,2
925,B16-X21,34.06,-0.00837404,2
926,B16-X21,35.99,0.067130435,2
927,B16-X21,35.62,-0.012914485,2
928,B16-X21,35.29,-0.01151029,2
929,B16-X21,34.63,-0.023093072,2
930,B16-X21,33.75,-0.030672708,2
931,B16-X21,35.38,0.056715379,2
932,B16-X21,37.18,0.062478306,2
933,B16-X21,36.59,-0.020550331,3
934,B16-X21,36.04,-0.019130435,3
935,B16-X21,35.28,-0.026297578,3
936,B16-X21,34.41,-0.03026087,3
937,B16-X21,33.72,-0.024092179,3
938,B16-X21,32.92,-0.027855153,3
939,B16-X21,32.16,-0.026443981,3
940,B16-X21,31.29,-0.030324155,3
941,B16-X21,30.19,-0.037931034,3
942,B16-X21,29.4,-0.027545328,3
943,B16-X21,28.65,-0.026223776,3
944,B16-X21,28.12,-0.018454039,3
945,B16-X21,27.51,-0.021151179,3
946,B16-X21,26.72,-0.027383016,3
947,B16-X21,26.93,0.007314525,3
948,B16-X21,27.11,0.006265228,3
949,B16-X21,26.86,-0.008719916,3
950,B16-X21,26.54,-0.0110957,3
951,B16-X21,26.39,-0.005244755,3
952,B16-X21,26.28,-0.003838102,3
953,B16-X21,26.22,-0.00319659,3
954,B16-X21,26.19,-0.003027245,3
955,B16-X21,26.32,0.004517026,3
956,B16-X21,26.38,0.002096436,3
957,B16-X21,26.43,0.001734906,3
958,B16-X21,26.49,0.002728513,3
959,B16-X21,26.49,0,3
979,B16-X22,0,#VALUE!,0
980,B16-X22,0.1,0.003355705,0
981,B16-X22,0.22,0.004109589,0
982,B16-X22,0.3,0.00274631,0
983,B16-X22,0.36,0.002121641,0
984,B16-X22,0.44,0.002832861,0
985,B16-X22,0.57,0.004606662,0
986,B16-X22,0.66,0.003180212,0
987,B16-X22,1.63,0.034287734,0
988,B16-X22,1.75,0.00418702,0
989,B16-X22,1.86,0.003830084,0
990,B16-X22,1.98,0.004172462,0
991,B16-X22,1.83,-0.005206526,0
992,B16-X22,1.65,-0.00628053,0
993,B16-X22,1.54,-0.006384214,0
994,B16-X22,1.42,-0.004095563,0
995,B16-X22,1.36,-0.002086231,0
996,B16-X22,1.97,0.063278008,1
997,B16-X22,3.12,0.120545073,1
998,B16-X22,4.44,0.137643379,1
999,B16-X22,5.98,0.161087866,1
1000,B16-X22,7.58,0.165460186,1
1001,B16-X22,9.01,0.149895178,1
1002,B16-X22,10.03,0.10625,1
1003,B16-X22,11.05,0.106029106,1
1004,B16-X22,12.28,0.128125,1
1005,B16-X22,13.9,0.168925965,1
1006,B16-X22,15.32,0.149003148,1
1007,B16-X22,17.03,0.179245283,1
1008,B16-X22,18.79,0.183524505,1
1009,B16-X22,20.36,0.165437302,1
1010,B16-X22,22.01,0.174050633,1
1011,B16-X22,22.98,0.101041667,1
1012,B16-X22,24.05,0.111924686,1
1013,B16-X22,25.14,0.113541667,1
1014,B16-X22,26.73,0.166666667,1
1015,B16-X22,28.26,0.159209157,1
1016,B16-X22,29.66,0.145833333,1
1017,B16-X22,31.09,0.150368034,1
1018,B16-X22,32.56,0.153284672,1
1019,B16-X22,34.18,0.169811321,1
1020,B16-X22,35.86,0.175182482,1
1021,B16-X22,37.42,0.163865546,1
1022,B16-X22,39.2,0.187368421,1
1023,B16-X22,39.46,0.009059233,2
1024,B16-X22,38.41,-0.036547163,2
1025,B16-X22,38.76,0.01216968,2
1026,B16-X22,39.07,0.010519172,2
1027,B16-X22,38.5,-0.019757366,2
1028,B16-X22,38.14,-0.012561061,2
1029,B16-X22,38.28,0.004893394,2
1030,B16-X22,38.23,-0.001742768,2
1031,B16-X22,38.45,0.007703081,2
1032,B16-X22,38.8,0.012216405,2
1033,B16-X22,38.57,-0.008027923,2
1034,B16-X22,38.36,-0.007294199,2
1035,B16-X22,38.36,0,2
1036,B16-X22,38.67,0.010842952,2
1037,B16-X22,38.46,-0.007294199,2
1038,B16-X22,38.28,-0.006284916,2
1039,B16-X22,38.36,0.002774887,2
1040,B16-X22,38.41,0.001740947,2
1041,B16-X22,38.72,0.010805159,2
1042,B16-X22,39.07,0.012199373,2
1043,B16-X22,39.11,0.001403509,2
1044,B16-X22,39.16,0.00174216,2
1045,B16-X22,39.28,0.004178273,2
1046,B16-X22,39.46,0.006271777,2
1047,B16-X22,39.34,-0.004171011,2
1048,B16-X22,39.2,-0.004869565,2
1049,B16-X22,39.41,0.007311978,2
1050,B16-X22,39.59,0.006058566,2
1051,B16-X22,39.56,-0.001041305,2
1052,B16-X22,39.55,-0.000348311,2
1053,B16-X22,39.57,0.000694203,2
1054,B16-X22,39.55,-0.000693001,2
1055,B16-X22,39.64,0.003138075,2
1056,B16-X22,39.95,0.01077886,2
1057,B16-X22,40.25,0.01039501,2
1058,B16-X22,40.69,0.015246015,2
1059,B16-X22,41.47,0.027187173,2
1060,B16-X22,41.88,0.014246004,2
1061,B16-X22,40.47,-0.049404345,2
1062,B16-X22,40.65,0.006247831,2
1063,B16-X22,40.83,0.00626087,2
1064,B16-X22,41.09,0.009043478,2
1065,B16-X22,41.65,0.019478261,2
1066,B16-X22,42.1,0.015608741,2
1067,B16-X22,42.82,0.037558685,2
1068,B16-X22,43.55,0.03806048,2
1069,B16-X22,42.32,-0.042797495,2
1070,B16-X22,42.23,-0.003132614,2
1071,B16-X22,42.15,-0.0027894,2
1072,B16-X22,42.06,-0.003126085,2
1073,B16-X22,42.8,0.025703369,2
1074,B16-X22,42.1,-0.024407252,2
1075,B16-X22,41.96,-0.004879749,2
1076,B16-X22,41.63,-0.011478261,2
1077,B16-X22,41.31,-0.011157601,2
1078,B16-X22,41.04,-0.009440559,2
1079,B16-X22,40.87,-0.005923345,2
1080,B16-X22,41.57,0.024313998,2
1081,B16-X22,42.28,0.024712844,2
1082,B16-X22,42.19,-0.003140265,2
1083,B16-X22,40.83,-0.047304348,2
1084,B16-X22,37.84,-0.104363002,3
1085,B16-X22,37.75,-0.00313917,3
1086,B16-X22,37.66,-0.003149055,3
1087,B16-X22,35.07,-0.090275357,3
1088,B16-X22,35.16,0.003131524,3
1089,B16-X22,35.02,-0.004859424,3
1090,B16-X22,35.11,0.003134796,3
1091,B16-X22,31.82,-0.114434783,3
1092,B16-X22,31.46,-0.012456747,3
1093,B16-X22,31.07,-0.013565217,3
1094,B16-X22,30.67,-0.01396648,3
1095,B16-X22,30.28,-0.013579387,3
1096,B16-X22,30.15,-0.004523312,3
1097,B16-X22,26.81,-0.11641687,3
1098,B16-X22,26.24,-0.019655172,3
1099,B16-X22,25.05,-0.041492329,3
1100,B16-X22,24.04,-0.035314685,3
1101,B16-X22,25.84,0.062674095,3
1102,B16-X22,24.65,-0.041262136,3
1103,B16-X22,23.86,-0.027383016,3
1104,B16-X22,22.85,-0.03517938,3
1105,B16-X22,23.86,0.03515489,3
1106,B16-X22,23.86,0,3
1107,B16-X22,26.63,0.096047157,3
1108,B16-X22,26.24,-0.013636364,3
1109,B16-X22,26.1,-0.004884857,3
1110,B16-X22,26.07,-0.001046025,3
1111,B16-X22,26.06,-0.000347464,3
1112,B16-X22,25.97,-0.003144654,3
1113,B16-X22,25.88,-0.003122831,3
1114,B16-X22,26.45,0.019771072,3
1115,B16-X22,27.03,0.020173913,3
1116,B16-X22,26.9,-0.009200283,3
1117,B16-X22,26.76,-0.009491525,3
1118,B16-X22,26.24,-0.01809325,3
1119,B16-X22,25.86,-0.012755958,3
1120,B16-X22,25.86,0,3
1150,B16-X25,0,#VALUE!,0
1151,B16-X25,0.48,0.016107383,0
1152,B16-X25,0.44,-0.001369863,0
1153,B16-X25,0.22,-0.007552352,0
1154,B16-X25,0.63,0.014497878,0
1155,B16-X25,1.1,0.016643059,0
1156,B16-X25,1.89,0.02799433,1
1157,B16-X25,4,0.074558304,1
1158,B16-X25,6.5,0.088370449,1
1159,B16-X25,10.02,0.12281926,1
1160,B16-X25,11.23,0.126701571,1
1161,B16-X25,12.46,0.127858628,1
1162,B16-X25,13.58,0.117277487,1
1163,B16-X25,14.53,0.098958333,1
1164,B16-X25,15.49,0.10041841,1
1165,B16-X25,16.44,0.098958333,1
1166,B16-X25,17.71,0.132291667,1
1167,B16-X25,18.98,0.131606218,1
1168,B16-X25,20.36,0.144351464,1
1169,B16-X25,21.75,0.146315789,1
1170,B16-X25,23.34,0.165797706,1
1171,B16-X25,24.84,0.156739812,1
1172,B16-X25,26.64,0.186528497,1
1173,B16-X25,28.57,0.201041667,1
1174,B16-X25,30.15,0.164583333,1
1175,B16-X25,31.98,0.191422594,1
1176,B16-X25,34.05,0.21473029,1
1177,B16-X25,35.51,0.152719665,1
1178,B16-X25,37.26,0.181912682,1
1179,B16-X25,38.98,0.179916318,1
1180,B16-X25,40.47,0.155370177,1
1181,B16-X25,40.83,0.012478336,2
1182,B16-X25,40.81,-0.001136364,2
1183,B16-X25,40.72,-0.003122831,2
1184,B16-X25,40.65,-0.002442428,2
1185,B16-X25,40.42,-0.008053221,2
1186,B16-X25,40.2,-0.007649513,2
1187,B16-X25,40.03,-0.005913043,2
1188,B16-X25,39.77,-0.009078212,2
1189,B16-X25,39.51,-0.009087732,2
1190,B16-X25,39.24,-0.009407666,2
1191,B16-X25,38.95,-0.010093978,2
1192,B16-X25,38.76,-0.006606398,2
1193,B16-X25,39.65,0.030200204,2
1194,B16-X25,40.21,0.019410745,2
1195,B16-X25,40.56,0.012212142,2
1196,B16-X25,40.96,0.013981125,2
1197,B16-X25,41.23,0.009410945,2
1198,B16-X25,41.48,0.008753501,2
1199,B16-X25,39.11,-0.082722513,2
1200,B16-X25,39.16,0.001745201,2
1201,B16-X25,38.89,-0.009378256,2
1202,B16-X25,38.63,-0.009037192,2
1203,B16-X25,39.02,0.013641133,2
1204,B16-X25,38.8,-0.007641542,2
1205,B16-X25,38.96,0.005586592,2
1206,B16-X25,39.07,0.00381547,2
1207,B16-X25,38.76,-0.010793872,2
1208,B16-X25,38.58,-0.006273963,2
1209,B16-X25,39.16,0.020216103,2
1210,B16-X25,39.51,0.012280702,2
1211,B16-X25,40.26,0.026132404,2
1212,B16-X25,41.04,0.027158774,2
1213,B16-X25,41.02,-0.000696864,2
1214,B16-X25,41,-0.000695169,2
1215,B16-X25,41.03,0.001043478,2
1216,B16-X25,41.09,0.002089136,2
1217,B16-X25,41.55,0.015483002,2
1218,B16-X25,42.01,0.015966678,2
1219,B16-X25,40.35,-0.028859527,2
1220,B16-X25,40.81,0.015939016,2
1221,B16-X25,41.16,0.01829587,2
1222,B16-X25,41.4,0.01255887,2
1223,B16-X25,42.32,0.031966644,2
1224,B16-X25,43.21,0.030838531,2
1225,B16-X25,41.88,-0.046068583,2
1226,B16-X25,42.26,0.013277428,2
1227,B16-X25,43.32,0.036831133,2
1228,B16-X25,41.29,-0.070954212,2
1229,B16-X25,40.21,-0.03752606,2
1230,B16-X25,40.5,0.010076442,2
1231,B16-X25,40.78,0.00973913,2
1232,B16-X25,39.81,-0.033727399,2
1233,B16-X25,40.56,0.026014568,2
1234,B16-X25,41.31,0.026086957,2
1235,B16-X25,42.46,0.040013918,2
1236,B16-X25,43.36,0.03132614,2
1237,B16-X25,41.87,-0.05195258,2
1238,B16-X25,40.65,-0.042375825,2
1239,B16-X25,41.03,0.013199027,2
1240,B16-X25,41.44,0.014295676,2
1241,B16-X25,41.7,0.009062391,2
1242,B16-X25,41.53,-0.005913043,2
1243,B16-X25,42.08,0.019177127,2
1244,B16-X25,42.67,0.020629371,2
1245,B16-X25,42.85,0.006271777,2
1246,B16-X25,42.93,0.002778743,2
1247,B16-X25,42.49,-0.015315002,2
1248,B16-X25,41.88,-0.02128402,2
1249,B16-X25,42.43,0.019130435,2
1250,B16-X25,42.63,0.006980803,2
1251,B16-X25,40.78,-0.064527381,2
1252,B16-X25,41.13,0.012246326,2
1253,B16-X25,41,-0.004531196,2
1254,B16-X25,41,0,2
1255,B16-X25,41,0,2
1256,B16-X25,41.44,0.01532567,2
1257,B16-X25,41.31,-0.004521739,2
1258,B16-X25,41.53,0.007612457,2
1259,B16-X25,40.68,-0.029565217,2
1260,B16-X25,39.86,-0.028631285,2
1261,B16-X25,38.94,-0.032033426,2
1262,B16-X25,38.02,-0.032011134,2
1263,B16-X25,37.31,-0.024747299,2
1264,B16-X25,36.85,-0.015862069,2
1265,B16-X25,36.34,-0.017782427,2
1266,B16-X25,35.43,-0.031818182,2
1267,B16-X25,34.5,-0.032381616,2
1268,B16-X25,34.13,-0.012829404,2
1269,B16-X25,33.71,-0.014558059,2
1270,B16-X25,34.23,0.018112156,2
1271,B16-X25,34.47,0.025,2
1272,B16-X25,34.94,0.02456874,2
1273,B16-X25,35.07,0.004534356,2
1274,B16-X25,35.46,0.013522885,2
1275,B16-X25,35.82,0.012587413,2
1276,B16-X25,35.83,0.006451613,2
1277,B16-X25,35.83,0,2
1296,B16-X27,0,#VALUE!,0
1297,B16-X27,0.21,0.00704698,0
1298,B16-X27,0.42,0.007191781,0
1299,B16-X27,0.57,0.005422993,0
1300,B16-X27,1.98,0.050957716,1
1301,B16-X27,4.83,0.102962428,1
1302,B16-X27,6.94,0.076173285,1
1303,B16-X27,9.49,0.091103966,1
1304,B16-X27,11.56,0.075163399,1
1305,B16-X27,11.99,0.044421488,1
1306,B16-X27,12.5,0.053459119,1
1307,B16-X27,12.88,0.04,1
1308,B16-X27,13.81,0.097997893,1
1309,B16-X27,14.73,0.095336788,1
1310,B16-X27,15.64,0.094496366,1
1311,B16-X27,17.26,0.167010309,1
1312,B16-X27,18.67,0.14795383,1
1313,B16-X27,20.13,0.15320042,1
1314,B16-X27,21.75,0.168224299,1
1315,B16-X27,23.33,0.164754953,1
1316,B16-X27,24.83,0.154320988,1
1317,B16-X27,26.47,0.172631579,1
1318,B16-X27,28.12,0.170454545,1
1319,B16-X27,29.66,0.162447257,1
1320,B16-X27,31.35,0.174767322,1
1321,B16-X27,33.02,0.173416407,1
1322,B16-X27,34.56,0.161087866,1
1323,B16-X27,36.12,0.161323681,1
1324,B16-X27,37.73,0.167533819,1
1325,B16-X27,39.27,0.161087866,1
1326,B16-X27,40.88,0.169117647,1
1327,B16-X27,42.53,0.173684211,1
1328,B16-X27,44.15,0.168399168,1
1329,B16-X27,45.65,0.15560166,1
1330,B16-X27,46.06,0.016921172,2
1331,B16-X27,47.37,0.0593835,2
1332,B16-X27,47.13,-0.0125,2
1333,B16-X27,46.89,-0.008304498,2
1334,B16-X27,46.02,-0.030114226,2
1335,B16-X27,44.2,-0.063436738,2
1336,B16-X27,43.85,-0.012081464,2
1337,B16-X27,43.42,-0.014873746,2
1338,B16-X27,43.23,-0.006565308,2
1339,B16-X27,43.07,-0.005542085,2
1340,B16-X27,43.77,0.024255024,2
1341,B16-X27,44.03,0.009075044,2
1342,B16-X27,44.3,0.009158752,2
1343,B16-X27,44.93,0.021814404,2
1344,B16-X27,45.66,0.025623026,2
1345,B16-X27,45.72,0.002072539,2
1346,B16-X27,45.88,0.005522955,2
1347,B16-X27,45.86,-0.000693963,2
1348,B16-X27,45.83,-0.001041305,2
1349,B16-X27,45.88,0.001729505,2
1350,B16-X27,45.92,0.001379786,2
1351,B16-X27,45.89,-0.00104639,2
1352,B16-X27,45.86,-0.001045661,2
1353,B16-X27,45.44,-0.014553015,2
1354,B16-X27,45.21,-0.007969508,2
1355,B16-X27,45.04,-0.005900729,2
1356,B16-X27,45.67,0.021928298,2
1357,B16-X27,46.32,0.022616562,2
1358,B16-X27,46.23,-0.003136982,2
1359,B16-X27,46.49,0.008686936,2
1360,B16-X27,44.79,-0.058823529,2
1361,B16-X27,44.92,0.00449827,2
1362,B16-X27,45.17,0.008638563,2
1363,B16-X27,45.2,0.001035912,2
1364,B16-X27,45.21,0.00034638,2
1365,B16-X27,45.76,0.019157088,2
1366,B16-X27,46.31,0.019083969,2
1367,B16-X27,45.81,-0.017343045,2
1368,B16-X27,44.38,-0.049480969,2
1369,B16-X27,44.48,0.003455425,2
1370,B16-X27,44.55,0.002423823,2
1371,B16-X27,44.5,-0.001730104,2
1372,B16-X27,44.38,-0.004145078,2
1373,B16-X27,45.19,0.027979275,2
1374,B16-X27,46,0.028125,2
1375,B16-X27,46.18,0.006221915,2
1376,B16-X27,46.43,0.008653513,2
1377,B16-X27,46.71,0.009668508,2
1378,B16-X27,46.23,-0.016563147,2
1379,B16-X27,45.74,-0.017162872,2
1380,B16-X27,46.13,0.013490142,2
1381,B16-X27,46.62,0.017132867,2
1382,B16-X27,46.66,0.002080083,2
1383,B16-X27,46.75,0.00466805,2
1384,B16-X27,44.38,-0.083216292,2
1385,B16-X27,45.39,0.034972299,2
1386,B16-X27,45.87,0.016718913,2
1387,B16-X27,46.57,0.024204703,2
1388,B16-X27,43.98,-0.090243902,2
1389,B16-X27,44.73,0.025879917,2
1390,B16-X27,45.16,0.015013966,2
1391,B16-X27,45.65,0.016984402,2
1392,B16-X27,46.09,0.01526188,2
1393,B16-X27,46.68,0.020479,2
1394,B16-X27,47.37,0.023801311,2
1395,B16-X27,45.65,-0.059453854,2
1396,B16-X27,45.43,-0.007652174,2
1397,B16-X27,45.39,-0.001390821,2
1398,B16-X27,45.39,0,2
1399,B16-X27,45.21,-0.006228374,2
1400,B16-X27,45.61,0.0138217,2
1401,B16-X27,45.92,0.010708117,2
1402,B16-X27,46.31,0.013485477,2
1403,B16-X27,45.08,-0.042752868,2
1404,B16-X27,45.21,0.004495159,2
1405,B16-X27,44.73,-0.016707275,2
1406,B16-X27,44.99,0.009005888,2
1407,B16-X27,45.04,0.001734305,2
1408,B16-X27,45.21,0.005890506,2
1409,B16-X27,43.81,-0.048409405,2
1410,B16-X27,43.59,-0.007638889,2
1411,B16-X27,43.5,-0.003125,2
1412,B16-X27,43.59,0.003138075,2
1413,B16-X27,43.67,0.002765296,2
1414,B16-X27,43.72,0.001727116,2
1415,B16-X27,43.76,0.00140007,2
1416,B16-X27,45.78,0.069823712,2
1417,B16-X27,45.17,-0.021232162,2
1418,B16-X27,44.99,-0.006267409,2
1419,B16-X27,47.32,0.08067867,2
1420,B16-X27,46.98,-0.011764706,2
1421,B16-X27,45.95,-0.035726674,2
1422,B16-X27,44.96,-0.034220532,2
1423,B16-X27,44.03,-0.032494759,2
1424,B16-X27,43.01,-0.035453597,2
1425,B16-X27,43.46,0.015565548,2
1426,B16-X27,43.51,0.001731902,2
1427,B16-X27,44.15,0.022145329,2
1428,B16-X27,44.69,0.018659295,2
1429,B16-X27,44.78,0.006228374,2
1430,B16-X27,44.87,0.006263048,2
1431,B16-X27,45.11,0.008347826,2
1432,B16-X27,45.3,0.006590357,2
1433,B16-X27,45.52,0.00862069,2
1434,B16-X27,45.52,0,2
1455,B16-X30,0,#VALUE!,0
1456,B16-X30,0.66,0.022147651,0
1457,B16-X30,2.61,0.066780822,1
1458,B16-X30,5.23,0.09297374,1
1459,B16-X30,7.38,0.077757685,1
1460,B16-X30,10.51,0.113652869,1
1461,B16-X30,13.5,0.108372599,1
1462,B16-X30,14.35,0.090811966,1
1463,B16-X30,15.28,0.103563474,1
1464,B16-X30,16.17,0.098342541,1
1465,B16-X30,16.39,0.02420242,1
1466,B16-X30,16.63,0.026344676,1
1467,B16-X30,16.88,0.027262814,1
1468,B16-X30,16.17,-0.075935829,1
1469,B16-X30,16.15,-0.00209205,1
1470,B16-X30,16.16,0.001038422,1
1471,B16-X30,16.6,0.046315789,1
1472,B16-X30,16.98,0.040254237,1
1473,B16-X30,17.36,0.039874082,1
1474,B16-X30,18.33,0.102645503,1
1475,B16-X30,19.4,0.111342352,1
1476,B16-X30,20.63,0.128258603,1
1477,B16-X30,21.72,0.114495798,1
1478,B16-X30,23.11,0.145093946,1
1479,B16-X30,24.14,0.107628004,1
1480,B16-X30,25.43,0.133956386,1
1481,B16-X30,26.75,0.13735692,1
1482,B16-X30,27.92,0.121748179,1
1483,B16-X30,29.01,0.114136126,1
1484,B16-X30,30.05,0.108786611,1
1485,B16-X30,31.1,0.10960334,1
1486,B16-X30,32.46,0.143763214,1
1487,B16-X30,33.81,0.13946281,1
1488,B16-X30,35.16,0.143160127,1
1489,B16-X30,36.67,0.157127992,1
1490,B16-X30,38.03,0.140786749,1
1491,B16-X30,38.98,0.098752599,1
1492,B16-X30,40.18,0.12539185,1
1493,B16-X30,41.48,0.134297521,1
1494,B16-X30,42.76,0.047093451,1
1495,B16-X30,43.23,0.016393443,2
1496,B16-X30,43.68,0.015690377,2
1497,B16-X30,43.35,-0.011518325,2
1498,B16-X30,43.32,-0.00105042,2
1499,B16-X30,43.33,0.000349406,2
1500,B16-X30,43.3,-0.00104639,2
1501,B16-X30,43.27,-0.001041667,2
1502,B16-X30,43.24,-0.001042753,2
1503,B16-X30,43.29,0.00174642,2
1504,B16-X30,43.36,0.002432245,2
1505,B16-X30,43.42,0.002089864,2
1506,B16-X30,43.72,0.010442047,2
1507,B16-X30,44.01,0.010072942,2
1508,B16-X30,44.3,0.010111576,2
1509,B16-X30,42.1,-0.077030812,2
1510,B16-X30,41.97,-0.004499827,2
1511,B16-X30,41.75,-0.007599309,2
1512,B16-X30,41.62,-0.004532775,2
1513,B16-X30,41.41,-0.007347796,2
1514,B16-X30,41.23,-0.00625,2
1515,B16-X30,41.01,-0.007703081,2
1516,B16-X30,42.57,0.054736842,2
1517,B16-X30,43.99,0.049598323,2
1518,B16-X30,43.82,-0.00591922,2
1519,B16-X30,43.64,-0.006232687,2
1520,B16-X30,43.54,-0.00349895,2
1521,B16-X30,43.46,-0.002814919,2
1522,B16-X30,43.33,-0.00456621,2
1523,B16-X30,43.56,0.007975035,2
1524,B16-X30,43.77,0.007327285,2
1525,B16-X30,43.77,0,2
1526,B16-X30,44.02,0.008710801,2
1527,B16-X30,44.3,0.00980049,2
1528,B16-X30,42.21,-0.072619875,2
1529,B16-X30,40.12,-0.070441523,2
1530,B16-X30,40.85,0.025382476,2
1531,B16-X30,41.66,0.028341498,2
1532,B16-X30,41.71,0.001740947,2
1533,B16-X30,41.75,0.001392758,2
1534,B16-X30,42.1,0.012242043,2
1535,B16-X30,42.01,-0.003143556,2
1536,B16-X30,43.14,0.039732771,2
1537,B16-X30,44.38,0.043010753,2
1538,B16-X30,44.82,0.015172414,2
1539,B16-X30,43.81,-0.035203904,2
1540,B16-X30,43.73,-0.002783577,2
1541,B16-X30,43.16,-0.019798541,2
1542,B16-X30,41.31,-0.064685315,2
1543,B16-X30,42.25,0.032821229,2
1544,B16-X30,43.2,0.033228402,2
1545,B16-X30,44.3,0.038181187,2
1546,B16-X30,40.78,-0.122477383,2
1547,B16-X30,41.57,0.027402012,2
1548,B16-X30,42.69,0.039270687,2
1549,B16-X30,43.86,0.040526498,2
1550,B16-X30,44.15,0.010083449,2
1551,B16-X30,43.46,-0.024041812,2
1552,B16-X30,44.12,0.02294854,2
1553,B16-X30,44.17,0.001730104,2
1554,B16-X30,43.73,-0.015240734,2
1555,B16-X30,43.42,-0.010816469,2
1556,B16-X30,43.07,-0.012182388,2
1557,B16-X30,43.26,0.006588072,2
1558,B16-X30,43.51,0.008692629,2
1559,B16-X30,43.12,-0.013569937,2
1560,B16-X30,42.71,-0.014401124,2
1561,B16-X30,42.47,-0.008344924,2
1562,B16-X30,42.23,-0.008321775,2
1563,B16-X30,42.46,0.008005569,2
1564,B16-X30,42.28,-0.00621547,2
1565,B16-X30,41.98,-0.010431154,2
1566,B16-X30,41.75,-0.008,2
1567,B16-X30,41.81,0.002095704,2
1568,B16-X30,41.88,0.002430556,2
1569,B16-X30,41.13,-0.02596054,2
1570,B16-X30,40.7,-0.015019211,3
1571,B16-X30,40.08,-0.021557719,3
1572,B16-X30,39.16,-0.032258065,3
1573,B16-X30,38.28,-0.030576789,3
1574,B16-X30,37.02,-0.043719639,3
1575,B16-X30,35.68,-0.046738751,3
1576,B16-X30,34.19,-0.051898293,3
1577,B16-X30,34.24,0.0042123,3
1578,B16-X30,34.32,0.004714202,3
1579,B16-X30,34.72,0.014010508,3
1580,B16-X30,35.36,0.022268615,3
1581,B16-X30,35.9,0.01876303,3
1582,B16-X30,36.36,0.016016713,3
1583,B16-X30,36.83,0.016387727,3
1584,B16-X30,37.13,0.014866204,3
1585,B16-X30,37.13,0,3
1609,B16-X31,0,#VALUE!,0
1610,B16-X31,0.2,0.006711409,0
1611,B16-X31,0.31,0.003767123,0
1612,B16-X31,0.27,-0.001446132,0
1613,B16-X31,0.25,-0.000722804,0
1614,B16-X31,0.22,-0.001083815,0
1615,B16-X31,1.14,0.033212996,1
1616,B16-X31,2.05,0.097326203,1
1617,B16-X31,2.93,0.094420601,1
1618,B16-X31,3.87,0.100858369,1
1619,B16-X31,4.59,0.080898876,1
1620,B16-X31,5.25,0.071583514,1
1621,B16-X31,6.06,0.085987261,1
1622,B16-X31,7.15,0.112603306,1
1623,B16-X31,8.2,0.110062893,1
1624,B16-X31,9.12,0.096842105,1
1625,B16-X31,10.03,0.095890411,1
1626,B16-X31,10.94,0.094300518,1
1627,B16-X31,11.82,0.091381101,1
1628,B16-X31,12.56,0.07628866,1
1629,B16-X31,13.3,0.077649528,1
1630,B16-X31,14.06,0.079748164,1
1631,B16-X31,14.93,0.090342679,1
1632,B16-X31,15.81,0.091762252,1
1633,B16-X31,16.66,0.08744856,1
1634,B16-X31,17.35,0.072631579,1
1635,B16-X31,17.88,0.054752066,1
1636,B16-X31,18.37,0.051687764,1
1637,B16-X31,18.76,0.04033092,1
1638,B16-X31,19.19,0.044652129,1
1639,B16-X31,19.6,0.042887029,1
1640,B16-X31,19.71,0.011375388,1
1641,B16-X31,19.82,0.01144641,1
1642,B16-X31,19.91,0.009414226,1
1643,B16-X31,20.85,0.098739496,1
1644,B16-X31,21.77,0.096842105,1
1645,B16-X31,22.73,0.0997921,1
1646,B16-X31,24.16,0.148340249,1
1647,B16-X31,25.58,0.147609148,1
1648,B16-X31,26.89,0.135751295,1
1649,B16-X31,28.41,0.161358811,1
1650,B16-X31,29.92,0.156476684,1
1651,B16-X31,31.21,0.135078534,1
1652,B16-X31,32.92,0.177570093,1
1653,B16-X31,34.63,0.177754678,1
1654,B16-X31,36.18,0.160621762,1
1655,B16-X31,37.89,0.177385892,1
1656,B16-X31,39.62,0.179089027,1
1657,B16-X31,41.2,0.164754953,1
1658,B16-X31,43.58,0.087985213,1
1659,B16-X31,43.55,-0.001559252,2
1660,B16-X31,43.12,-0.014842941,2
1661,B16-X31,42.73,-0.013490142,2
1662,B16-X31,42.28,-0.015549413,2
1663,B16-X31,42.1,-0.006234846,2
1664,B16-X31,41.97,-0.004504505,2
1665,B16-X31,41.88,-0.003141361,2
1666,B16-X31,43.02,0.038670285,2
1667,B16-X31,42.86,-0.005540166,2
1668,B16-X31,42.75,-0.003861004,2
1669,B16-X31,42.63,-0.004145078,2
1670,B16-X31,42.16,-0.01622368,2
1671,B16-X31,41.74,-0.014573213,2
1672,B16-X31,41.26,-0.016660882,2
1673,B16-X31,41.17,-0.00311311,2
1674,B16-X31,41.09,-0.002759572,2
1675,B16-X31,41,-0.00313917,2
1676,B16-X31,41.08,0.002788428,2
1677,B16-X31,41.18,0.003465003,2
1678,B16-X31,40.88,-0.01039501,2
1679,B16-X31,40.69,-0.006594932,2
1680,B16-X31,42.5,0.063000348,2
1681,B16-X31,42.83,0.011482255,2
1682,B16-X31,43.24,0.014290694,2
1683,B16-X31,42.95,-0.009689275,2
1684,B16-X31,42.71,-0.008304498,2
1685,B16-X31,42.76,0.001730104,2
1686,B16-X31,42.8,0.00138217,2
1687,B16-X31,42.8,0,2
1688,B16-X31,45.22,0.083824039,2
1689,B16-X31,45.81,0.020550331,2
1690,B16-X31,46.4,0.020471895,2
1691,B16-X31,45.36,-0.036073535,2
1692,B16-X31,42.89,-0.085467128,2
1693,B16-X31,43.33,0.01520387,2
1694,B16-X31,42.89,-0.015235457,2
1695,B16-X31,43.85,0.033217993,2
1696,B16-X31,44.91,0.036614853,2
1697,B16-X31,45.22,0.010708117,2
1698,B16-X31,43.02,-0.076388889,2
1699,B16-X31,43.17,0.005184929,2
1700,B16-X31,43.33,0.005538249,2
1701,B16-X31,43.95,0.02140884,2
1702,B16-X31,44.52,0.019668737,2
1703,B16-X31,45.09,0.019964974,2
1704,B16-X31,45.88,0.027326185,2
1705,B16-X31,46.41,0.018531469,2
1706,B16-X31,45.16,-0.043327556,2
1707,B16-X31,44.78,-0.013291361,2
1708,B16-X31,44.91,0.004518596,2
1709,B16-X31,45.56,0.022538141,2
1710,B16-X31,46.19,0.021852237,2
1711,B16-X31,45.88,-0.010760153,2
1712,B16-X31,45.83,-0.001733102,2
1713,B16-X31,45.46,-0.012891986,2
1714,B16-X31,45,-0.016005567,2
1715,B16-X31,44.9,-0.003463803,2
1716,B16-X31,44.78,-0.004169562,2
1717,B16-X31,44.22,-0.019297037,2
1718,B16-X31,43.59,-0.021784232,2
1719,B16-X31,43.46,-0.004523312,2
1720,B16-X31,43.37,-0.003126085,2
1721,B16-X31,43.63,0.013562859,2
1722,B16-X31,43.77,0.007272727,2
1723,B16-X31,43.58,-0.006574394,2
1724,B16-X31,43.37,-0.007256393,2
1725,B16-X31,43.29,-0.002763385,2
1726,B16-X31,45.4,0.072959889,2
1727,B16-X31,45.88,0.016684046,2
1728,B16-X31,45.4,-0.01659751,2
1729,B16-X31,44.56,-0.029237731,2
1730,B16-X31,43.59,-0.033598892,2
1731,B16-X31,44.52,0.032258065,2
1732,B16-X31,43.64,-0.03049203,2
1733,B16-X31,45.83,0.075726141,2
1734,B16-X31,45.62,-0.007291667,2
1735,B16-X31,44.47,-0.039930556,2
1736,B16-X31,44.08,-0.033333333,2
1737,B16-X31,43.51,-0.033568905,2
1738,B16-X31,43.59,0.002765296,2
1739,B16-X31,43.33,-0.008981002,2
1740,B16-X31,43.51,0.006300315,2
1741,B16-X31,43.52,0.000345662,2
1742,B16-X31,43.46,-0.002088409,2
1743,B16-X31,43.75,0.009934909,2
1744,B16-X31,43.75,0,2
1763,B16-X35,0,#VALUE!,0
1764,B16-X35,0.2,0.006711409,0
1765,B16-X35,0.28,0.002739726,0
1766,B16-X35,0.31,0.001064207,0
1767,B16-X35,0.75,0.015913201,0
1768,B16-X35,1.41,0.072368421,1
1769,B16-X35,2.43,0.109559613,1
1770,B16-X35,3.47,0.114160263,1
1771,B16-X35,4.2,0.080662983,1
1772,B16-X35,4.92,0.076923077,1
1773,B16-X35,5.19,0.029411765,1
1774,B16-X35,6.13,0.10042735,1
1775,B16-X35,7.1,0.108017817,1
1776,B16-X35,7.95,0.093922652,1
1777,B16-X35,9.12,0.128712871,1
1778,B16-X35,10.06,0.103183315,1
1779,B16-X35,10.42,0.039258451,1
1780,B16-X35,11.29,0.093048128,1
1781,B16-X35,12.12,0.086820084,1
1782,B16-X35,12.92,0.083073728,1
1783,B16-X35,13.98,0.111578947,1
1784,B16-X35,15.07,0.115466102,1
1785,B16-X35,16.13,0.111227702,1
1786,B16-X35,16.95,0.086772487,1
1787,B16-X35,17.76,0.084287201,1
1788,B16-X35,18.54,0.081334724,1
1789,B16-X35,19.09,0.057773109,1
1790,B16-X35,19.63,0.056367432,1
1791,B16-X35,20.17,0.056426332,1
1792,B16-X35,21.02,0.088265836,1
1793,B16-X35,21.89,0.090530697,1
1794,B16-X35,22.76,0.090530697,1
1795,B16-X35,23.55,0.082722513,1
1796,B16-X35,24.35,0.083682008,1
1797,B16-X35,24.93,0.060542797,1
1798,B16-X35,26.17,0.131078224,1
1799,B16-X35,27.41,0.128099174,1
1800,B16-X35,28.61,0.127253446,1
1801,B16-X35,30.18,0.163371488,1
1802,B16-X35,31.61,0.148033126,1
1803,B16-X35,33.18,0.163201663,1
1804,B16-X35,34.78,0.167189133,1
1805,B16-X35,36.22,0.148760331,1
1806,B16-X35,37.84,0.168399168,1
1807,B16-X35,39.26,0.149159664,1
1808,B16-X35,40.62,0.141078838,1
1809,B16-X35,41.92,0.136698212,1
1810,B16-X35,43.29,0.142263759,1
1811,B16-X35,44.61,0.136929461,1
1812,B16-X35,45.97,0.144527099,1
1813,B16-X35,46.58,0.063212435,1
1814,B16-X35,47.65,0.11227702,1
1815,B16-X35,48.96,0.138331573,1
1816,B16-X35,49.35,0.013655462,2
1817,B16-X35,49.65,0.011131725,2
1818,B16-X35,50.01,0.018808777,2
1819,B16-X35,49.02,-0.034530869,2
1820,B16-X35,47.9,-0.038888889,2
1821,B16-X35,47.76,-0.00486618,2
1822,B16-X35,47.64,-0.004191408,2
1823,B16-X35,47.73,0.003127172,2
1824,B16-X35,47.64,-0.003060184,2
1825,B16-X35,48.18,0.018795684,2
1826,B16-X35,48.61,0.014935742,2
1827,B16-X35,49,0.013598326,2
1828,B16-X35,48.95,-0.0017507,2
1829,B16-X35,48.91,-0.001384562,2
1830,B16-X35,48.97,0.002072539,2
1831,B16-X35,49.04,0.002440725,2
1832,B16-X35,48.03,-0.035339398,2
1833,B16-X35,47.07,-0.033333333,2
1834,B16-X35,47.59,0.018207283,2
1835,B16-X35,48.12,0.018596491,2
1836,B16-X35,47.86,-0.009081383,2
1837,B16-X35,48.82,0.033426184,2
1838,B16-X35,49.75,0.032202216,2
1839,B16-X35,49.75,0,2
1840,B16-X35,49.63,-0.004222379,2
1841,B16-X35,49.51,-0.004214963,2
1842,B16-X35,49.35,-0.00554785,2
1843,B16-X35,49.28,-0.002360081,2
1844,B16-X35,49,-0.00970201,2
1845,B16-X35,48.99,-0.000348432,2
1846,B16-X35,48.96,-0.001050053,2
1847,B16-X35,46.98,-0.068797776,2
1848,B16-X35,47.36,0.013254273,2
1849,B16-X35,47.72,0.012517385,2
1850,B16-X35,48.34,0.021693492,2
1851,B16-X35,48.53,0.006615599,2
1852,B16-X35,48.74,0.007311978,2
1853,B16-X35,49.45,0.024833858,2
1854,B16-X35,50.14,0.024100594,2
1855,B16-X35,47.98,-0.075949367,2
1856,B16-X35,46.54,-0.049947971,2
1857,B16-X35,46.82,0.009655172,2
1858,B16-X35,47.15,0.011502266,2
1859,B16-X35,47.85,0.024356298,2
1860,B16-X35,48.52,0.023271969,2
1861,B16-X35,49.36,0.029370629,2
1862,B16-X35,50.14,0.027234637,2
1863,B16-X35,48.6,-0.053864988,2
1864,B16-X35,47.85,-0.038880249,2
1865,B16-X35,48.47,0.032563025,2
1866,B16-X35,48.98,0.01765928,2
1867,B16-X35,49.53,0.019177127,2
1868,B16-X35,52.08,0.089129675,2
1869,B16-X35,50.18,-0.065812262,2
1870,B16-X35,49.26,-0.031988873,2
1871,B16-X35,47.68,-0.054975644,2
1872,B16-X35,48.33,0.022727273,2
1873,B16-X35,49.04,0.024525043,2
1874,B16-X35,49.79,0.025978524,2
1875,B16-X35,48.47,-0.046186144,2
1876,B16-X35,48.52,0.001729505,2
1877,B16-X35,48.56,0.001395187,2
1878,B16-X35,48.34,-0.007615092,2
1879,B16-X35,48.6,0.009049774,2
1880,B16-X35,48.47,-0.004559804,2
1881,B16-X35,48.78,0.01077886,2
1882,B16-X35,49.03,0.008662509,2
1883,B16-X35,49.26,0.008,2
1884,B16-X35,49.33,0.002432245,2
1885,B16-X35,49.39,0.002076843,2
1886,B16-X35,49.37,-0.000697593,2
1887,B16-X35,49.35,-0.000698568,2
1888,B16-X35,49.56,0.007263923,2
1889,B16-X35,49.75,0.006629449,2
1890,B16-X35,49.63,-0.004156564,2
1891,B16-X35,49.48,-0.00523743,2
1892,B16-X35,49.53,0.001750088,2
1893,B16-X35,49.61,0.002774887,2
1894,B16-X35,49.37,-0.008344924,2
1895,B16-X35,49.13,-0.008412198,2
1896,B16-X35,49.12,-0.000346021,2
1897,B16-X35,49.13,0.0003465,2
1898,B16-X35,49.32,0.006657323,2
1899,B16-X35,49.48,0.005563282,2
1900,B16-X35,49.11,-0.015520134,2
1901,B16-X35,49.03,-0.016326531,2
1902,B16-X35,48.56,-0.016387727,2
1903,B16-X35,48.78,0.007657501,2
1904,B16-X35,49.11,0.011426593,2
1905,B16-X35,49.36,0.008668516,2
1906,B16-X35,49.59,0.014180025,2
1907,B16-X35,49.59,0,2
1928,B16-X36,0,#VALUE!,0
1929,B16-X36,0.12,0.004026846,0
1930,B16-X36,0.2,0.002739726,0
1931,B16-X36,0.26,0.002169197,0
1932,B16-X36,0.35,0.00325262,0
1933,B16-X36,0.4,0.001806358,0
1934,B16-X36,0.53,0.004693141,0
1935,B16-X36,1.47,0.050348152,1
1936,B16-X36,2.46,0.106223176,1
1937,B16-X36,3.32,0.096629213,1
1938,B16-X36,4.11,0.085683297,1
1939,B16-X36,4.7,0.062632696,1
1940,B16-X36,5.69,0.102272727,1
1941,B16-X36,6.7,0.105870021,1
1942,B16-X36,7.69,0.104210526,1
1943,B16-X36,8.72,0.1085353,1
1944,B16-X36,9.76,0.107772021,1
1945,B16-X36,10.8,0.107995846,1
1946,B16-X36,11.93,0.116494845,1
1947,B16-X36,13.06,0.118572928,1
1948,B16-X36,14.02,0.100734523,1
1949,B16-X36,14.75,0.075804777,1
1950,B16-X36,15.43,0.070907195,1
1951,B16-X36,16.17,0.076131687,1
1952,B16-X36,16.7,0.055789474,1
1953,B16-X36,17.15,0.046487603,1
1954,B16-X36,17.58,0.04535865,1
1955,B16-X36,18.37,0.081695967,1
1956,B16-X36,19.12,0.07788162,1
1957,B16-X36,19.95,0.086820084,1
1958,B16-X36,20.86,0.094105481,1
1959,B16-X36,21.71,0.088449532,1
1960,B16-X36,22.5,0.082635983,1
1961,B16-X36,23.71,0.12710084,1
1962,B16-X36,24.92,0.127368421,1
1963,B16-X36,26.1,0.122661123,1
1964,B16-X36,27.04,0.097510373,1
1965,B16-X36,28.02,0.101871102,1
1966,B16-X36,29.16,0.118134715,1
1967,B16-X36,30.59,0.151804671,1
1968,B16-X36,32.02,0.148186528,1
1969,B16-X36,33.44,0.148691099,1
1970,B16-X36,34.95,0.156801661,1
1971,B16-X36,36.51,0.162162162,1
1972,B16-X36,37.97,0.151295337,1
1973,B16-X36,40.06,0.144736842,1
1974,B16-X36,40.19,0.005788068,2
1975,B16-X36,40.21,0.002085506,2
1976,B16-X36,40.07,-0.004879749,2
1977,B16-X36,39.9,-0.005868139,2
1978,B16-X36,40.25,0.012106538,2
1979,B16-X36,40.11,-0.004837595,2
1980,B16-X36,39.95,-0.005542085,2
1981,B16-X36,39.81,-0.004851005,2
1982,B16-X36,40.1,0.010122164,2
1983,B16-X36,40.43,0.01119403,2
1984,B16-X36,40.78,0.012119114,2
1985,B16-X36,41.12,0.011934012,2
1986,B16-X36,41.45,0.011398964,2
1987,B16-X36,41.66,0.007248878,2
1988,B16-X36,39.68,-0.06870229,2
1989,B16-X36,39.64,-0.001388407,2
1990,B16-X36,39.57,-0.002421308,2
1991,B16-X36,39.51,-0.002069679,2
1992,B16-X36,39.47,-0.001395187,2
1993,B16-X36,39.41,-0.002091321,2
1994,B16-X36,39.38,-0.001039501,2
1995,B16-X36,39.21,-0.005890506,2
1996,B16-X36,38.98,-0.007983339,2
1997,B16-X36,38.72,-0.009049774,2
1998,B16-X36,38.61,-0.003827418,2
1999,B16-X36,38.48,-0.004531196,2
2000,B16-X36,38.36,-0.004009355,2
2001,B16-X36,38.43,0.002422145,2
2002,B16-X36,38.52,0.003114187,2
2003,B16-X36,38.76,0.00829302,2
2004,B16-X36,38.81,0.001726519,2
2005,B16-X36,39.07,0.009005888,2
2006,B16-X36,39.38,0.010797631,2
2007,B16-X36,37.49,-0.065579459,2
2008,B16-X36,37.63,0.004856053,2
2009,B16-X36,37.84,0.007266436,2
2010,B16-X36,37.44,-0.0138217,2
2011,B16-X36,37.76,0.011080332,2
2012,B16-X36,38.1,0.011764706,2
2013,B16-X36,38.54,0.015198618,2
2014,B16-X36,39.21,0.023143351,2
2015,B16-X36,39.96,0.026041667,2
2016,B16-X36,40.43,0.016246111,2
2017,B16-X36,40.65,0.007615092,2
2018,B16-X36,41.35,0.024171271,2
2019,B16-X36,41.92,0.019668737,2
2020,B16-X36,42.58,0.023117338,2
2021,B16-X36,41.66,-0.031822899,2
2022,B16-X36,41.92,0.009090909,2
2023,B16-X36,41.66,-0.009012132,2
2024,B16-X36,42.01,0.012242043,2
2025,B16-X36,42.45,0.022904737,2
2026,B16-X36,42.89,0.02289282,2
2027,B16-X36,42.41,-0.016718913,2
2028,B16-X36,42.67,0.008990318,2
2029,B16-X36,42.93,0.009059233,2
2030,B16-X36,43,0.002415459,2
2031,B16-X36,43.07,0.002444134,2
2032,B16-X36,43.1,0.001039861,2
2033,B16-X36,43.12,0.000693722,2
2034,B16-X36,43.11,-0.000347102,2
2035,B16-X36,43.11,0,2
2036,B16-X36,42.93,-0.006221915,2
2037,B16-X36,42.54,-0.013565217,2
2038,B16-X36,42.5,-0.001390821,2
2039,B16-X36,42.72,0.007644197,2
2040,B16-X36,42.93,0.007266436,2
2041,B16-X36,42.85,-0.00276434,2
2042,B16-X36,42.93,0.002763385,2
2043,B16-X36,43.24,0.010719225,2
2044,B16-X36,41.84,-0.0486618,3
2045,B16-X36,41.46,-0.013139696,3
2046,B16-X36,41.18,-0.00974591,3
2047,B16-X36,40.87,-0.01073779,3
2048,B16-X36,40.34,-0.018383628,3
2049,B16-X36,39.63,-0.024601525,3
2050,B16-X36,38.94,-0.023858921,3
2051,B16-X36,37.61,-0.046180556,3
2052,B16-X36,36.43,-0.040972222,3
2053,B16-X36,35.59,-0.029288703,3
2054,B16-X36,34.72,-0.030072589,3
2055,B16-X36,34.1,-0.021416235,3
2056,B16-X36,33.9,-0.021008403,3
2057,B16-X36,33.49,-0.02152231,3
2058,B16-X36,33.75,0.008987211,3
2059,B16-X36,34.02,0.009397842,3
2060,B16-X36,34.36,0.012504597,3
2061,B16-X36,34.36,0,3
2080,B16-X40,0,#VALUE!,0
2081,B16-X40,0.22,0.00738255,0
2082,B16-X40,0.41,0.006506849,0
2083,B16-X40,1.14,0.026391902,0
2084,B16-X40,2.46,0.047705096,1
2085,B16-X40,5.58,0.112716763,1
2086,B16-X40,8.35,0.1,1
2087,B16-X40,12.26,0.139692747,1
2088,B16-X40,13.3,0.116853933,1
2089,B16-X40,13.98,0.073752711,1
2090,B16-X40,14.59,0.064755839,1
2091,B16-X40,15.6,0.104338843,1
2092,B16-X40,16.61,0.105870021,1
2093,B16-X40,17.58,0.102105263,1
2094,B16-X40,18.32,0.077976818,1
2095,B16-X40,19.16,0.087046632,1
2096,B16-X40,19.91,0.07788162,1
2097,B16-X40,20.75,0.086597938,1
2098,B16-X40,21.58,0.087093389,1
2099,B16-X40,22.37,0.082896118,1
2100,B16-X40,23.55,0.122533749,1
2101,B16-X40,24.63,0.11261731,1
2102,B16-X40,25.71,0.111111111,1
2103,B16-X40,26.98,0.133684211,1
2104,B16-X40,28.4,0.146694215,1
2105,B16-X40,29.81,0.148734177,1
2106,B16-X40,31.35,0.159255429,1
2107,B16-X40,32.93,0.164070613,1
2108,B16-X40,34.41,0.154811715,1
2109,B16-X40,36.1,0.174767322,1
2110,B16-X40,37.77,0.173777315,1
2111,B16-X40,39.28,0.157949791,1
2112,B16-X40,40.92,0.172268908,1
2113,B16-X40,42.57,0.173684211,1
2114,B16-X40,44.11,0.16008316,1
2115,B16-X40,46.79,0.092701487,1
2116,B16-X40,47.26,0.017394523,2
2117,B16-X40,47.02,-0.0125,2
2118,B16-X40,46.63,-0.01349481,2
2119,B16-X40,47.46,0.028729664,2
2120,B16-X40,47.15,-0.010805159,2
2121,B16-X40,48.34,0.041076976,2
2122,B16-X40,48.46,0.004150813,2
2123,B16-X40,48.6,0.004837595,2
2124,B16-X40,48.52,-0.002771043,2
2125,B16-X40,48.45,-0.002425502,2
2126,B16-X40,48.37,-0.002792321,2
2127,B16-X40,48.25,-0.004070556,2
2128,B16-X40,48.69,0.015235457,2
2129,B16-X40,48.97,0.00982801,2
2130,B16-X40,49.26,0.010017271,2
2131,B16-X40,49.49,0.007939247,2
2132,B16-X40,49.71,0.007633588,2
2133,B16-X40,49.92,0.007289136,2
2134,B16-X40,47.81,-0.072985126,2
2135,B16-X40,47.92,0.003794412,2
2136,B16-X40,48.08,0.005580746,2
2137,B16-X40,48.25,0.00592541,2
2138,B16-X40,48.03,-0.007623008,2
2139,B16-X40,47.81,-0.007623008,2
2140,B16-X40,47.85,0.001388407,2
2141,B16-X40,47.81,-0.001392273,2
2142,B16-X40,48.08,0.009394572,2
2143,B16-X40,47.11,-0.03380969,2
2144,B16-X40,47.18,0.002338791,2
2145,B16-X40,47.23,0.001730104,2
2146,B16-X40,47.37,0.004844291,2
2147,B16-X40,47.71,0.011748445,2
2148,B16-X40,48.03,0.011049724,2
2149,B16-X40,47.82,-0.007273987,2
2150,B16-X40,47.64,-0.006269592,2
2151,B16-X40,47.78,0.004857738,2
2152,B16-X40,47.94,0.005549775,2
2153,B16-X40,48.39,0.015570934,2
2154,B16-X40,48.87,0.01658604,2
2155,B16-X40,46.41,-0.085180055,2
2156,B16-X40,46.57,0.008316008,2
2157,B16-X40,46.76,0.009829281,2
2158,B16-X40,46.93,0.005876253,2
2159,B16-X40,46.54,-0.013466851,2
2160,B16-X40,46.73,0.006606398,2
2161,B16-X40,46.54,-0.006560773,2
2162,B16-X40,46.45,-0.003120666,2
2163,B16-X40,46.81,0.012400965,2
2164,B16-X40,47.11,0.010438413,2
2165,B16-X40,48.08,0.03373913,2
2166,B16-X40,46.54,-0.053453662,2
2167,B16-X40,46.85,0.010805159,2
2168,B16-X40,47.07,0.007615092,2
2169,B16-X40,48.3,0.043188202,2
2170,B16-X40,46.05,-0.077908587,2
2171,B16-X40,47.15,0.038314176,2
2172,B16-X40,47.77,0.021438451,2
2173,B16-X40,47.55,-0.007665505,2
2174,B16-X40,46.23,-0.045548654,2
2175,B16-X40,46.6,0.012918994,2
2176,B16-X40,47.15,0.019064125,2
2177,B16-X40,47.45,0.010405827,2
2178,B16-X40,47.72,0.009371746,2
2179,B16-X40,48.57,0.029320455,2
2180,B16-X40,49.44,0.030072589,2
2181,B16-X40,47.42,-0.07026087,2
2182,B16-X40,47.89,0.016342142,2
2183,B16-X40,48.38,0.017025712,2
2184,B16-X40,49.22,0.029065744,2
2185,B16-X40,47.2,-0.069799585,2
2186,B16-X40,47.81,0.021070812,2
2187,B16-X40,48.52,0.024550484,2
2188,B16-X40,49.13,0.021202642,2
2189,B16-X40,47.5,-0.056362379,2
2190,B16-X40,47.64,0.004872955,2
2191,B16-X40,47.99,0.012123311,2
2192,B16-X40,47.15,-0.029136316,2
2193,B16-X40,47.68,0.018364518,2
2194,B16-X40,48.08,0.013831259,2
2195,B16-X40,48.25,0.005902778,2
2196,B16-X40,48.65,0.013888889,2
2197,B16-X40,49.09,0.015341702,2
2198,B16-X40,49.68,0.020394055,2
2199,B16-X40,47.9,-0.06148532,2
2200,B16-X40,47.77,-0.004550228,2
2201,B16-X40,47.68,-0.003110957,2
2202,B16-X40,47.72,0.001392273,2
2203,B16-X40,47.86,0.004874652,2
2204,B16-X40,47.46,-0.013850416,2
2205,B16-X40,47.55,0.003114187,2
2206,B16-X40,47.5,-0.001734305,2
2207,B16-X40,47.5,0,2
2208,B16-X40,47.11,-0.013626834,2
2209,B16-X40,47.02,-0.003128259,2
2210,B16-X40,46.66,-0.012452439,2
2211,B16-X40,46.32,-0.011776931,2
2212,B16-X40,46.22,-0.003460208,2
2213,B16-X40,46.14,-0.00276434,2
2214,B16-X40,46.09,-0.001734906,2
2215,B16-X40,46.41,0.011130435,2
2216,B16-X40,46.44,0.033707865,2
2217,B16-X40,47.23,0.028274875,2
2218,B16-X40,48.05,0.028521739,2
2219,B16-X40,48.67,0.021550226,2
2220,B16-X40,49.2,0.018390007,2
2221,B16-X40,49.75,0.018991713,2
2222,B16-X40,49.96,0.033762058,2
2223,B16-X40,49.96,0,2
2242,B16-X49,0,#VALUE!,0
2243,B16-X49,0.18,0.006040268,0
2244,B16-X49,1.32,0.039041096,1
2245,B16-X49,3.72,0.085136573,1
2246,B16-X49,6.63,0.105244123,1
2247,B16-X49,9.75,0.11328976,1
2248,B16-X49,11.01,0.139226519,1
2249,B16-X49,12.23,0.13034188,1
2250,B16-X49,13.36,0.123093682,1
2251,B16-X49,14.32,0.102564103,1
2252,B16-X49,15.26,0.10467706,1
2253,B16-X49,16.17,0.100552486,1
2254,B16-X49,17.65,0.162816282,1
2255,B16-X49,19.01,0.149286498,1
2256,B16-X49,20.5,0.162486369,1
2257,B16-X49,22.08,0.168983957,1
2258,B16-X49,23.72,0.171548117,1
2259,B16-X49,25.24,0.157840083,1
2260,B16-X49,26.88,0.172631579,1
2261,B16-X49,28.4,0.161016949,1
2262,B16-X49,29.88,0.155299056,1
2263,B16-X49,31.41,0.161904762,1
2264,B16-X49,32.98,0.163371488,1
2265,B16-X49,34.5,0.158498436,1
2266,B16-X49,36.17,0.175420168,1
2267,B16-X49,37.73,0.162839248,1
2268,B16-X49,39.31,0.165099269,1
2269,B16-X49,40.82,0.156801661,1
2270,B16-X49,42.43,0.167533819,1
2271,B16-X49,43.9,0.152965661,1
2272,B16-X49,45.31,0.147643979,1
2273,B16-X49,46.87,0.163179916,1
2274,B16-X49,48.21,0.139874739,1
2275,B16-X49,48.82,0.021351068,2
2276,B16-X49,49.03,0.007268951,2
2277,B16-X49,49.16,0.004502944,2
2278,B16-X49,49.22,0.00209278,2
2279,B16-X49,48.16,-0.036959554,2
2280,B16-X49,49.02,0.030017452,2
2281,B16-X49,49.9,0.032151991,2
2282,B16-X49,49.43,-0.025039957,2
2283,B16-X49,49,-0.015024458,2
2284,B16-X49,49.06,0.00209278,2
2285,B16-X49,49.13,0.002430556,2
2286,B16-X49,49.67,0.018769552,2
2287,B16-X49,50.01,0.011875655,2
2288,B16-X49,46.63,-0.117442669,2
2289,B16-X49,46.44,-0.006617903,2
2290,B16-X49,46.23,-0.007309433,2
2291,B16-X49,46.1,-0.004515457,2
2292,B16-X49,47.68,0.055090656,2
2293,B16-X49,47.95,0.009453782,2
2294,B16-X49,48.37,0.014537902,2
2295,B16-X49,48.74,0.012780656,2
2296,B16-X49,48.54,-0.006973501,2
2297,B16-X49,48.43,-0.003848845,2
2298,B16-X49,48.22,-0.007291667,2
2299,B16-X49,47.99,-0.008053221,2
2300,B16-X49,47.78,-0.007368421,2
2301,B16-X49,47.53,-0.008732099,2
2302,B16-X49,47.37,-0.005571031,2
2303,B16-X49,47.39,0.000692521,2
2304,B16-X49,47.4,0.000349895,2
2305,B16-X49,47.42,0.00070373,2
2306,B16-X49,47.33,-0.003161222,2
2307,B16-X49,46.45,-0.030513176,2
2308,B16-X49,47.59,0.039776692,2
2309,B16-X49,47.55,-0.001386001,2
2310,B16-X49,47.63,0.002787456,2
2311,B16-X49,47.72,0.003150158,2
2312,B16-X49,47.61,-0.003822099,2
2313,B16-X49,47.5,-0.003836763,2
2314,B16-X49,48.11,0.021210014,2
2315,B16-X49,48.75,0.022393282,2
2316,B16-X49,49.39,0.022284123,2
2317,B16-X49,49.22,-0.00591922,2
2318,B16-X49,47.24,-0.069254984,2
2319,B16-X49,48.06,0.028641285,2
2320,B16-X49,48.82,0.026722925,2
2321,B16-X49,47.07,-0.060700659,2
2322,B16-X49,48.06,0.033110368,2
2323,B16-X49,49.13,0.037165683,2
2324,B16-X49,47.15,-0.068893528,2
2325,B16-X49,46.93,-0.007641542,2
2326,B16-X49,47.65,0.025174825,2
2327,B16-X49,48.38,0.025488827,2
2328,B16-X49,49.57,0.041622945,2
2329,B16-X49,48.21,-0.047205831,2
2330,B16-X49,48.56,0.012178149,2
2331,B16-X49,48.68,0.006214397,2
2332,B16-X49,47.55,-0.059379926,2
2333,B16-X49,49.35,0.062915065,2
2334,B16-X49,47.99,-0.047107724,2
2335,B16-X49,49.04,0.03650904,2
2336,B16-X49,47.05,-0.069241475,2
2337,B16-X49,47.37,0.011188811,2
2338,B16-X49,48.96,0.05492228,2
2339,B16-X49,47.52,-0.049878767,2
2340,B16-X49,46.23,-0.045136459,2
2341,B16-X49,47.5,0.043929436,2
2342,B16-X49,48.13,0.021974189,2
2343,B16-X49,48.69,0.01938387,2
2344,B16-X49,49.31,0.02158023,2
2345,B16-X49,49.44,0.004559804,2
2346,B16-X49,49.72,0.009735744,2
2347,B16-X49,49.97,0.008662509,2
2348,B16-X49,50.26,0.010086957,2
2349,B16-X49,50.54,0.009728978,2
2350,B16-X49,50.93,0.013499481,2
2351,B16-X49,50.63,-0.0104639,2
2352,B16-X49,50.76,0.004540692,2
2353,B16-X49,50.63,-0.004496714,2
2354,B16-X49,50.32,-0.010816469,2
2355,B16-X49,50.41,0.003117423,2
2356,B16-X49,50.93,0.018156425,2
2357,B16-X49,49.75,-0.041302065,2
2358,B16-X49,50.01,0.009018384,2
2359,B16-X49,50.32,0.01077886,2
2360,B16-X49,50.76,0.015422362,2
2361,B16-X49,49.21,-0.053633218,2
2362,B16-X49,49.04,-0.005890506,2
2363,B16-X49,47.07,-0.069025929,2
2364,B16-X49,46.8,-0.009388039,2
2365,B16-X49,46.68,-0.004175365,2
2366,B16-X49,46.54,-0.00488145,2
2367,B16-X49,45.88,-0.022972503,2
2368,B16-X49,45.22,-0.022853186,2
2369,B16-X49,42.35,-0.099514563,2
2370,B16-X49,40.74,-0.056156261,2
2371,B16-X49,40.38,-0.012578616,2
2372,B16-X49,39.99,-0.013742072,2
2373,B16-X49,40.03,0.001388407,2
2374,B16-X49,40.08,0.001740947,2
2375,B16-X49,40.43,0.012199373,2
2376,B16-X49,40.96,0.018460467,2
2377,B16-X49,40.98,0.000695169,2
2378,B16-X49,41,0.000698812,2
2379,B16-X49,41.1,0.004163197,2
2380,B16-X49,41.2,0.022727273,2
2381,B16-X49,41.4,0.007015082,2
2382,B16-X49,41.48,0.002790373,2
2383,B16-X49,41.57,0.003133705,2
2384,B16-X49,41.73,0.0055517,2
2385,B16-X49,41.92,0.006558509,2
2386,B16-X49,42.28,0.012556679,2
2387,B16-X49,42.45,0.005872193,2
2388,B16-X49,42.63,0.006252171,2
2389,B16-X49,42.87,0.008350731,2
2390,B16-X49,42.89,0.005617978,2
2391,B16-X49,42.89,0,2
2416,B16-X5,0,#VALUE!,0
2417,B16-X5,0.29,0.020180932,0
2418,B16-X5,0.35,0.002139037,0
2419,B16-X5,0.44,0.003263234,0
2420,B16-X5,0.7,0.00921659,0
2421,B16-X5,0.83,0.004654493,0
2422,B16-X5,1.4,0.020496224,0
2423,B16-X5,1.63,0.007997218,0
2424,B16-X5,1.78,0.005221023,0
2425,B16-X5,1.67,-0.003835425,0
2426,B16-X5,1.57,-0.003465003,0
2427,B16-X5,1.64,0.002441577,0
2428,B16-X5,1.75,0.003867792,0
2429,B16-X5,1.96,0.007281553,0
2430,B16-X5,1.83,-0.004501385,0
2431,B16-X5,1.81,-0.001040042,0
2432,B16-X5,1.68,-0.017287234,0
2433,B16-X5,1.75,0.002449265,0
2434,B16-X5,1.32,-0.014920194,0
2435,B16-X5,0.71,-0.020629016,0
2436,B16-X5,0.66,-0.001727713,0
2437,B16-X5,0.74,0.002768166,0
2438,B16-X5,0.83,0.00311311,0
2439,B16-X5,1.1,0.009342561,0
2440,B16-X5,0.93,-0.005880318,0
2441,B16-X5,0.74,-0.006574394,0
2442,B16-X5,0.65,-0.00311311,0
2443,B16-X5,0.81,0.005536332,0
2444,B16-X5,0.57,-0.008301626,0
2445,B16-X5,0.56,-0.000346021,0
2446,B16-X5,0.57,0.000345901,0
2447,B16-X5,0.78,0.007797995,0
2448,B16-X5,0.61,-0.005921282,0
2449,B16-X5,0.66,0.001736111,0
2450,B16-X5,0.7,0.0013947,0
2451,B16-X5,0.9,0.006946857,0
2452,B16-X5,1.41,0.017976736,0
2453,B16-X5,1.51,0.003460208,0
2454,B16-X5,1.67,0.005555556,0
2455,B16-X5,1.98,0.010801394,0
2456,B16-X5,2.55,0.029968454,1
2457,B16-X5,4,0.152471083,1
2458,B16-X5,5.65,0.173684211,1
2459,B16-X5,7.03,0.14375,1
2460,B16-X5,8.89,0.192546584,1
2461,B16-X5,10.38,0.154564315,1
2462,B16-X5,11.85,0.153125,1
2463,B16-X5,13.01,0.121212121,1
2464,B16-X5,14.63,0.167875648,1
2465,B16-X5,16.09,0.151295337,1
2466,B16-X5,17.64,0.165421558,1
2467,B16-X5,18.95,0.135610766,1
2468,B16-X5,20.03,0.113207547,1
2469,B16-X5,20.74,0.074579832,1
2470,B16-X5,22.41,0.173056995,1
2471,B16-X5,23.85,0.149222798,1
2472,B16-X5,25.55,0.178947368,1
2473,B16-X5,26.98,0.148186528,1
2474,B16-X5,28.58,0.168067227,1
2475,B16-X5,30.06,0.156779661,1
2476,B16-X5,33.71,0.12780112,1
2477,B16-X5,33.62,-0.003150158,2
2478,B16-X5,33.31,-0.010730357,2
2479,B16-X5,33.53,0.007583592,2
2480,B16-X5,33.31,-0.007586207,2
2481,B16-X5,33.49,0.00628053,2
2482,B16-X5,33.1,-0.013622075,2
2483,B16-X5,32.43,-0.023649841,2
2484,B16-X5,33.31,0.030736989,2
2485,B16-X5,33.05,-0.009151707,2
2486,B16-X5,32.96,-0.003123915,2
2487,B16-X5,32.87,-0.003140265,2
2488,B16-X5,32.87,0,2
2489,B16-X5,32.83,-0.001398113,2
2490,B16-X5,32.56,-0.009453782,2
2491,B16-X5,33.05,0.017096999,2
2492,B16-X5,33.49,0.015444015,2
2493,B16-X5,33.51,0.00069979,2
2494,B16-X5,33.53,0.000698324,2
2495,B16-X5,33.5,-0.001048951,2
2496,B16-X5,33.49,-0.000348554,2
2497,B16-X5,33.57,0.002760524,2
2498,B16-X5,33.62,0.00174642,2
2499,B16-X5,33.04,-0.020400985,2
2500,B16-X5,32.48,-0.019498607,2
2501,B16-X5,32.3,-0.00626087,2
2502,B16-X5,31.9,-0.013937282,2
2503,B16-X5,33.89,0.069121223,2
2504,B16-X5,34.5,0.021217391,2
2505,B16-X5,33.32,-0.041287614,2
2506,B16-X5,32.17,-0.039875173,2
2507,B16-X5,34.38,0.077652846,2
2508,B16-X5,34.98,0.020920502,2
2509,B16-X5,34.56,-0.014669927,2
2510,B16-X5,34.15,-0.014380919,2
2511,B16-X5,34.36,0.007289136,2
2512,B16-X5,34.58,0.007628294,2
2513,B16-X5,34.79,0.007291667,2
2514,B16-X5,35.01,0.007612457,2
2515,B16-X5,35.51,0.017403411,2
2516,B16-X5,35.6,0.003157895,2
2517,B16-X5,35.38,-0.007652174,2
2518,B16-X5,35.01,-0.012918994,2
2519,B16-X5,34.63,-0.013342697,2
2520,B16-X5,33.62,-0.035191638,2
2521,B16-X5,32.56,-0.036754508,2
2522,B16-X5,31.51,-0.03649635,2
2523,B16-X5,32.39,0.03092059,2
2524,B16-X5,33.19,0.027952481,2
2525,B16-X5,32.52,-0.02337753,2
2526,B16-X5,31.68,-0.02955665,2
2527,B16-X5,33.93,0.078125,2
2528,B16-X5,32.34,-0.055536151,2
2529,B16-X5,33.13,0.027459159,2
2530,B16-X5,33.18,0.00172831,2
2531,B16-X5,31.15,-0.068419279,2
2532,B16-X5,33.38,0.077376822,2
2533,B16-X5,34.93,0.053819444,2
2534,B16-X5,34.32,-0.021306322,2
2535,B16-X5,34.5,0.006256517,2
2536,B16-X5,34.5,0,2
2537,B16-X5,34.98,0.016666667,2
2538,B16-X5,35.42,0.015172414,2
2539,B16-X5,35.77,0.012110727,2
2540,B16-X5,35.16,-0.021306322,2
2541,B16-X5,35.38,0.00762565,2
2542,B16-X5,36.15,0.026773296,2
2543,B16-X5,36.21,0.017045455,2
2544,B16-X5,36.63,0.016746411,2
2545,B16-X5,37.25,0.021655606,2
2546,B16-X5,37.96,0.024541998,2
2547,B16-X5,38.38,0.014654571,2
2548,B16-X5,38.85,0.016262976,2
2549,B16-X5,39.08,0.011985409,2
2550,B16-X5,39.08,0,2
2565,B16-X7,0,#VALUE!,0
2566,B16-X7,0.44,0.038194444,0
2567,B16-X7,0.4,-0.001426025,0
2568,B16-X7,0.35,-0.001812908,0
2569,B16-X7,0.35,0,0
2570,B16-X7,0.4,0.00179019,0
2571,B16-X7,0.55,0.016375546,0
2572,B16-X7,1.08,0.05602537,1
2573,B16-X7,1.98,0.097932535,1
2574,B16-X7,2.55,0.059313215,1
2575,B16-X7,3.51,0.100104275,1
2576,B16-X7,4.48,0.101464435,1
2577,B16-X7,5.5,0.10748156,1
2578,B16-X7,6.3,0.083420229,1
2579,B16-X7,7.21,0.094300518,1
2580,B16-X7,8.17,0.102019129,1
2581,B16-X7,9.15,0.101449275,1
2582,B16-X7,10.21,0.110301769,1
2583,B16-X7,11.23,0.10625,1
2584,B16-X7,12.22,0.102697095,1
2585,B16-X7,13.36,0.118503119,1
2586,B16-X7,14.31,0.098855359,1
2587,B16-X7,15.45,0.11875,1
2588,B16-X7,16.41,0.101479915,1
2589,B16-X7,17.37,0.101159115,1
2590,B16-X7,18.29,0.096842105,1
2591,B16-X7,19.38,0.115343915,1
2592,B16-X7,20.35,0.100936524,1
2593,B16-X7,21.47,0.116182573,1
2594,B16-X7,22.54,0.111574557,1
2595,B16-X7,23.53,0.102910603,1
2596,B16-X7,24.68,0.119294606,1
2597,B16-X7,25.69,0.104989605,1
2598,B16-X7,26.54,0.088357588,1
2599,B16-X7,27.21,0.069719043,1
2600,B16-X7,27.42,0.021784232,1
2601,B16-X7,28.6,0.041287614,1
2602,B16-X7,29.05,0.015614157,1
2603,B16-X7,29.4,0.015310586,2
2604,B16-X7,30.01,0.035903473,2
2605,B16-X7,30.41,0.020779221,2
2606,B16-X7,30.23,-0.006267409,2
2607,B16-X7,30.06,-0.005904828,2
2608,B16-X7,32.05,0.06958042,2
2609,B16-X7,33.13,0.037383178,2
2610,B16-X7,32.78,-0.01218663,2
2611,B16-X7,32.52,-0.009009009,2
2612,B16-X7,32.21,-0.010745234,2
2613,B16-X7,31.9,-0.010805159,2
2614,B16-X7,31.63,-0.009460406,2
2615,B16-X7,31.25,-0.013185288,2
2616,B16-X7,32.1,0.029678771,2
2617,B16-X7,32.83,0.025426681,2
2618,B16-X7,32.7,-0.004513889,2
2619,B16-X7,32.48,-0.007670851,2
2620,B16-X7,32.39,-0.003126085,2
2621,B16-X7,32,-0.013746916,2
2622,B16-X7,31.64,-0.012456747,2
2623,B16-X7,31.31,-0.011458333,2
2624,B16-X7,30.98,-0.011498258,2
2625,B16-X7,31.02,0.001402033,2
2626,B16-X7,31.07,0.001738526,2
2627,B16-X7,30.5,-0.019784797,2
2628,B16-X7,29.98,-0.018137426,2
2629,B16-X7,30.76,0.027158774,2
2630,B16-X7,31.82,0.036805556,2
2631,B16-X7,31.82,0,2
2632,B16-X7,31.76,-0.00210084,2
2633,B16-X7,31.68,-0.00280014,2
2634,B16-X7,31.35,-0.011422638,2
2635,B16-X7,31.07,-0.009651844,2
2636,B16-X7,30.77,-0.010344828,2
2637,B16-X7,30.59,-0.00628053,2
2638,B16-X7,30.68,0.003143556,2
2639,B16-X7,30.76,0.002823862,2
2640,B16-X7,30.33,-0.015019211,2
2641,B16-X7,30.37,0.001407955,2
2642,B16-X7,30.43,0.00208261,2
2643,B16-X7,30.59,0.00540358,2
2644,B16-X7,30.86,0.009391304,2
2645,B16-X7,31.33,0.016427822,2
2646,B16-X7,31.95,0.021708683,2
2647,B16-X7,32.43,0.016748081,2
2648,B16-X7,32.51,0.002808003,2
2649,B16-X7,32.56,0.001749475,2
2650,B16-X7,33.22,0.023044693,2
2651,B16-X7,33.88,0.023076923,2
2652,B16-X7,33.52,-0.012534819,2
2653,B16-X7,33.22,-0.010442047,2
2654,B16-X7,32.7,-0.018036767,2
2655,B16-X7,33.3,0.020862309,2
2656,B16-X7,33.84,0.018743492,2
2657,B16-X7,32.53,-0.045454545,2
2658,B16-X7,31.38,-0.040083653,2
2659,B16-X7,31.46,0.002760524,2
2660,B16-X7,31.29,-0.005937827,2
2661,B16-X7,30.81,-0.016883574,2
2662,B16-X7,30.32,-0.017061281,2
2663,B16-X7,29.79,-0.018434783,2
2664,B16-X7,29.75,-0.001393728,2
2665,B16-X7,29.27,-0.016672456,2
2666,B16-X7,30.45,0.041043478,2
2667,B16-X7,31.5,0.036738978,2
2668,B16-X7,31.38,-0.004160888,2
2669,B16-X7,31.29,-0.003162333,2
2670,B16-X7,31.2,-0.003138075,2
2671,B16-X7,31.02,-0.006287111,2
2672,B16-X7,31.74,0.025254297,2
2673,B16-X7,30.89,-0.029503645,2
2674,B16-X7,31.03,0.004854369,2
2675,B16-X7,28.87,-0.075,2
2676,B16-X7,28.21,-0.02283737,2
2677,B16-X7,28.26,0.001740341,2
2678,B16-X7,28.3,0.001403509,2
2679,B16-X7,28.33,0.001043478,2
2680,B16-X7,28.26,-0.002444134,2
2681,B16-X7,28.61,0.012289326,2
2682,B16-X7,29.09,0.016724739,2
2683,B16-X7,29.6,0.017683773,2
2684,B16-X7,29.06,-0.018769552,2
2685,B16-X7,28.83,-0.008081518,2
2686,B16-X7,28.08,-0.026205451,2
2687,B16-X7,28.08,0,2
2688,B16-X7,28.17,0.003166784,2
2689,B16-X7,29.22,0.036458333,2
2690,B16-X7,30.01,0.027593433,2
2691,B16-X7,31.11,0.038234272,2
2692,B16-X7,30.1,-0.034911856,2
2693,B16-X7,29.71,-0.013541667,2
2694,B16-X7,30.76,0.036206897,2
2695,B16-X7,30.23,-0.0183391,2
2696,B16-X7,29.31,-0.032134125,2
2697,B16-X7,30.15,0.029116118,2
2698,B16-X7,31.25,0.042701863,2
2699,B16-X7,31.38,0.043333333,2
2700,B16-X7,32.3,0.032167832,2
2701,B16-X7,33.44,0.039818372,2
2702,B16-X7,34.45,0.034911856,2
2703,B16-X7,34.45,0,2
2724,B16-X9,0,#VALUE!,0
2725,B16-X9,0.16,0.011670314,0
2726,B16-X9,0.18,0.001085776,0
2727,B16-X9,0.32,0.008018328,0
2728,B16-X9,0.45,0.004682997,0
2729,B16-X9,0.22,-0.008161817,0
2730,B16-X9,0.35,0.004637888,0
2731,B16-X9,0.16,-0.006954612,0
2732,B16-X9,0.18,0.000713776,0
2733,B16-X9,0.5,0.011590004,0
2734,B16-X9,0.38,-0.004250797,0
2735,B16-X9,0.17,-0.007494647,0
2736,B16-X9,0.55,0.013194444,0
2737,B16-X9,0.69,0.014568158,0
2738,B16-X9,1.25,0.019444444,0
2739,B16-X9,1.82,0.019832985,0
2740,B16-X9,2.09,0.01386037,0
2741,B16-X9,2.5,0.014152572,1
2742,B16-X9,3.55,0.108695652,1
2743,B16-X9,4.61,0.10984456,1
2744,B16-X9,5.67,0.108941418,1
2745,B16-X9,6.72,0.109261186,1
2746,B16-X9,8.06,0.138429752,1
2747,B16-X9,9.4,0.138860104,1
2748,B16-X9,9.72,0.033229491,1
2749,B16-X9,10.05,0.034591195,1
2750,B16-X9,10.37,0.033402923,1
2751,B16-X9,11.74,0.142708333,1
2752,B16-X9,13.12,0.142561983,1
2753,B16-X9,14.5,0.143005181,1
2754,B16-X9,15.87,0.142559834,1
2755,B16-X9,17.22,0.141657922,1
2756,B16-X9,18.59,0.142411642,1
2757,B16-X9,19.45,0.090146751,1
2758,B16-X9,20.31,0.089211618,1
2759,B16-X9,21.18,0.090248963,1
2760,B16-X9,22.41,0.129066107,1
2761,B16-X9,23.63,0.128421053,1
2762,B16-X9,24.87,0.128898129,1
2763,B16-X9,26.28,0.145962733,1
2764,B16-X9,27.68,0.146596859,1
2765,B16-X9,29.09,0.14626556,1
2766,B16-X9,30.17,0.111570248,1
2767,B16-X9,31.24,0.110651499,1
2768,B16-X9,32.3,0.111344538,1
2769,B16-X9,31.68,-0.021625392,2
2770,B16-X9,31.77,0.003117423,2
2771,B16-X9,32.26,0.016960886,2
2772,B16-X9,31.91,-0.012135922,2
2773,B16-X9,31.55,-0.012534819,2
2774,B16-X9,33,0.050312283,2
2775,B16-X9,33.18,0.006232687,2
2776,B16-X9,32.68,-0.017325017,2
2777,B16-X9,32.17,-0.017683773,2
2778,B16-X9,31.86,-0.010827803,2
2779,B16-X9,31.55,-0.010752688,2
2780,B16-X9,31.66,0.003803596,2
2781,B16-X9,31.77,0.003799655,2
2782,B16-X9,31.61,-0.005572971,2
2783,B16-X9,33.44,0.063652174,2
2784,B16-X9,33.16,-0.009708738,2
2785,B16-X9,32.87,-0.010055479,2
2786,B16-X9,33.27,0.013893713,2
2787,B16-X9,33.66,0.013569937,2
2788,B16-X9,33.92,0.008974802,2
2789,B16-X9,34.17,0.008738203,2
2790,B16-X9,34.07,-0.003497726,2
2791,B16-X9,33.97,-0.003449465,2
2792,B16-X9,33.88,-0.003133705,2
2793,B16-X9,33.79,-0.003140265,2
2794,B16-X9,33.71,-0.002781641,2
2795,B16-X9,33.62,-0.003141361,2
2796,B16-X9,33.93,0.010678608,2
2797,B16-X9,34.23,0.010387812,2
2798,B16-X9,34.3,0.0024314,2
2799,B16-X9,34.37,0.002427184,2
2800,B16-X9,34.04,-0.011470282,2
2801,B16-X9,33.71,-0.011418685,2
2802,B16-X9,33.86,0.005208333,2
2803,B16-X9,34.01,0.00522466,2
2804,B16-X9,33.98,-0.001038422,2
2805,B16-X9,33.97,-0.000346861,2
2806,B16-X9,34.02,0.001721763,2
2807,B16-X9,33.97,-0.001730703,2
2808,B16-X9,34.03,0.00209205,2
2809,B16-X9,34.06,0.001034483,2
2810,B16-X9,34.39,0.011458333,2
2811,B16-X9,34.72,0.011422638,2
2812,B16-X9,34.24,-0.016603251,2
2813,B16-X9,33.75,-0.01713886,2
2814,B16-X9,33.31,-0.015209125,2
2815,B16-X9,32.87,-0.015283084,2
2816,B16-X9,31.92,-0.033158813,2
2817,B16-X9,30.96,-0.033321763,2
2818,B16-X9,30.76,-0.006913239,2
2819,B16-X9,30.56,-0.006951686,2
2820,B16-X9,32.14,0.054728091,2
2821,B16-X9,33.71,0.05443828,2
2822,B16-X9,33.49,-0.007662835,2
2823,B16-X9,33.27,-0.007623008,2
2824,B16-X9,34.68,0.049111808,2
2825,B16-X9,36.08,0.048543689,2
2826,B16-X9,35.53,-0.019157088,2
2827,B16-X9,34.98,-0.019050918,2
2828,B16-X9,34.37,-0.021085378,2
2829,B16-X9,33.75,-0.021542738,2
2830,B16-X9,34.83,0.037617555,2
2831,B16-X9,35.9,0.036985828,2
2832,B16-X9,35.24,-0.022900763,2
2833,B16-X9,34.58,-0.022964509,2
2834,B16-X9,32.98,-0.05576856,3
2835,B16-X9,31.38,-0.055440055,3
2836,B16-X9,32.6,0.042127072,3
2837,B16-X9,33.84,0.043250785,3
2838,B16-X9,32.3,-0.053883835,3
2839,B16-X9,30.76,-0.053195164,3
2840,B16-X9,31.14,0.01315334,3
2841,B16-X9,31.51,0.012780656,3
2842,B16-X9,33,0.051808067,3
2843,B16-X9,33.22,0.007703081,3
2844,B16-X9,31.96,-0.043598616,3
2845,B16-X9,29.62,-0.080689655,3
2846,B16-X9,29.84,0.007689619,3
2847,B16-X9,30.06,0.007652174,3
2848,B16-X9,29.42,-0.022206801,3
2849,B16-X9,29.3,-0.021818182,3
2850,B16-X9,28.78,-0.022222222,3
2851,B16-X9,27.99,-0.027526132,3
2852,B16-X9,27.2,-0.027440083,3
2853,B16-X9,26.3,-0.031358885,3
2854,B16-X9,25.4,-0.030970406,3
2855,B16-X9,24.35,-0.036433033,3
2856,B16-X9,23.29,-0.036946671,3
2857,B16-X9,22.59,-0.02412961,3
2858,B16-X9,21.88,-0.024558976,3
2859,B16-X9,21.5,-0.013180715,3
2860,B16-X9,21.14,-0.012452439,3
2861,B16-X9,20.81,-0.011534429,3
2862,B16-X9,20.48,-0.011426593,3
2863,B16-X9,20.3,-0.006263048,3
2864,B16-X9,20.13,-0.005894591,3
2865,B16-X9,19.85,-0.009681881,3
2866,B16-X9,19.56,-0.010041551,3
2867,B16-X9,19.25,-0.015354136,3
2868,B16-X9,19.25,0,3
2884,B64-X23,0.5,#VALUE!,0
2885,B64-X23,0.5,0,0
2886,B64-X23,0.5,0,0
2887,B64-X23,0.5,0,0
2888,B64-X23,0.5,0,0
2889,B64-X23,0.5,0,0
2890,B64-X23,0.5,0,0
2891,B64-X23,0.5,0,0
2892,B64-X23,0.5,0,0
2893,B64-X23,0.5,0,0
2894,B64-X23,0.5,0,0
2895,B64-X23,0.5,0,0
2896,B64-X23,0.25,-0.006520605,0
2897,B64-X23,0.25,0,0
2898,B64-X23,0.75,0.013068479,0
2899,B64-X23,0.75,0,0
2900,B64-X23,0.75,0,0
2901,B64-X23,0.75,0,0
2902,B64-X23,0.75,0,0
2903,B64-X23,0.75,0,0
2904,B64-X23,0.75,0,0
2905,B64-X23,0.75,0,0
2906,B64-X23,0.75,0,0
2907,B64-X23,0.75,0,0
2908,B64-X23,0.75,0,0
2909,B64-X23,0.75,0,0
2910,B64-X23,0.75,0,0
2911,B64-X23,0.75,0,0
2912,B64-X23,0.75,0,0
2913,B64-X23,0.75,0,0
2914,B64-X23,0.75,0,0
2915,B64-X23,1,0.006544503,0
2916,B64-X23,0.75,-0.006546216,0
2917,B64-X23,0.75,0,0
2918,B64-X23,0.75,0,0
2919,B64-X23,0.75,0,0
2920,B64-X23,0.75,0,0
2921,B64-X23,1,0.006524008,0
2922,B64-X23,1,0,0
2923,B64-X23,1,0,0
2924,B64-X23,5,0.107181136,1
2925,B64-X23,8.5,0.072120338,1
2926,B64-X23,10.5,0.041228613,1
2927,B64-X23,12.5,0.041390728,1
2928,B64-X23,13.5,0.026102845,1
2929,B64-X23,14.5,0.02078138,1
2930,B64-X23,16,0.030991736,1
2931,B64-X23,17.5,0.031023785,1
2932,B64-X23,18,0.014649868,1
2933,B64-X23,23,0.130480167,1
2934,B64-X23,23,0,2
2935,B64-X23,23,0,2
2936,B64-X23,23,0,2
2937,B64-X23,23,0,2
2938,B64-X23,23,0,2
2939,B64-X23,23,0,2
2940,B64-X23,22,-0.020682523,2
2941,B64-X23,22,0,2
2942,B64-X23,21,-0.020605811,2
2943,B64-X23,20,-0.023496241,2
2944,B64-X23,20,0,2
2945,B64-X23,20,0,2
2946,B64-X23,20,0,2
2947,B64-X24,0,0.008350731,0
2948,B64-X24,0.61,0.003119726,0
2949,B64-X24,0.75,0.004872955,0
2950,B64-X24,0.95,0.007005254,0
2951,B64-X24,1.12,0.005902778,0
2952,B64-X24,1.23,0.00381547,0
2953,B64-X24,1.25,0.000695652,0
2954,B64-X24,1.28,0.00105042,0
2955,B64-X24,1.33,0.001740947,0
2956,B64-X24,1.23,-0.003461405,0
2957,B64-X24,1.08,-0.005228303,0
2958,B64-X24,0.66,-0.014613779,0
2959,B64-X24,0.46,-0.006993007,0
2960,B64-X24,0.2,-0.008993428,0
2961,B64-X24,0.06,-0.004851005,0
2962,B64-X24,0.05,-0.000351124,0
2963,B64-X24,0.27,0.007617729,0
2964,B64-X24,0.48,0.007314525,0
2965,B64-X24,0.7,0.007654836,0
2966,B64-X24,0.87,0.005880318,0
2967,B64-X24,1.05,0.006295908,0
2968,B64-X24,0.99,-0.002089136,0
2969,B64-X24,0.97,-0.000693001,0
2970,B64-X24,1.01,0.001401542,0
2971,B64-X24,1,-0.0003465,0
2972,B64-X24,0.9,-0.003500175,0
2973,B64-X24,0.73,-0.005910987,0
2974,B64-X24,0.67,-0.00209937,0
2975,B64-X24,0.42,-0.008512087,0
2976,B64-X24,0.21,-0.007399577,0
2977,B64-X24,0.12,-0.003161222,0
2978,B64-X24,0.16,0.001361934,0
2979,B64-X24,0.33,0.005990134,0
2980,B64-X24,0.26,-0.002423823,0
2981,B64-X24,0.14,-0.004216444,0
2982,B64-X24,0.36,0.00762565,0
2983,B64-X24,0.39,0.001039501,0
2984,B64-X24,0.3,-0.003141361,0
2985,B64-X24,0.06,-0.008362369,0
2986,B64-X24,0.83,0.027093596,0
2987,B64-X24,0.91,0.002723868,0
2988,B64-X24,0.8,-0.003848845,0
2989,B64-X24,0.77,-0.001047852,0
2990,B64-X24,0.76,-0.000347947,0
2991,B64-X24,0.68,-0.002792321,0
2992,B64-X24,0.61,-0.002451839,0
2993,B64-X24,0.57,-0.001401051,0
2994,B64-X24,1.23,0.022282242,0
2995,B64-X24,0.4,-0.040154814,0
2996,B64-X24,2.33,0.198764161,1
2997,B64-X24,7.16,0.167766586,1
2998,B64-X24,7.91,0.078947368,1
2999,B64-X24,11.43,0.122520014,1
3000,B64-X24,17.84,0.221416235,1
3001,B64-X24,23.91,0.210690732,1
3002,B64-X24,26.02,0.218879668,1
3003,B64-X24,26.63,0.021388499,2
3004,B64-X24,26.19,-0.015357766,2
3005,B64-X24,25.88,-0.010782609,2
3006,B64-X24,25.84,-0.001391788,2
3007,B64-X24,24.7,-0.03950104,2
3008,B64-X24,26.5,0.063224447,2
3009,B64-X24,25.66,-0.029085873,2
3010,B64-X24,25.36,-0.010442047,2
3011,B64-X24,25.31,-0.001730703,2
3012,B64-X24,27.07,0.060984061,2
3013,B64-X24,26.54,-0.018390007,2
3014,B64-X24,26.54,0,2
3015,B64-X24,26.81,0.009287926,2
3016,B64-X24,27.33,0.018226428,2
3017,B64-X24,27.55,0.007665505,2
3018,B64-X24,28.21,0.02287695,2
3019,B64-X24,28.48,0.009401114,2
3020,B64-X24,28.3,-0.006252171,2
3021,B64-X24,26.37,-0.067933826,2
3022,B64-X24,25.8,-0.01986755,2
3023,B64-X24,25.27,-0.018156903,2
3024,B64-X24,24.79,-0.016574586,2
3025,B64-X24,24.74,-0.001745201,2
3026,B64-X24,24.83,0.003162333,2
3027,B64-X24,24.69,-0.004883153,2
3028,B64-X24,24.01,-0.024002824,2
3029,B64-X24,24.01,0,2
3035,B64-X25,0,#VALUE!,0
3036,B64-X25,0.67,0.00296316,0
3037,B64-X25,0.87,0.006990563,0
3038,B64-X25,0.7,-0.005998589,0
3039,B64-X25,0.34,-0.012430939,0
3040,B64-X25,0.21,-0.004563005,0
3041,B64-X25,0.12,-0.003142458,0
3042,B64-X25,0.18,0.002096436,0
3043,B64-X25,0.31,0.004571027,0
3044,B64-X25,0.59,0.009728978,0
3045,B64-X25,0.86,0.009457093,0
3046,B64-X25,1.05,0.006659657,0
3047,B64-X25,1,-0.001741553,0
3048,B64-X25,0.97,-0.001054111,0
3049,B64-X25,0.86,-0.003832753,0
3050,B64-X25,0.72,-0.004886562,0
3051,B64-X25,0.57,-0.005259467,0
3052,B64-X25,0.41,-0.005588543,0
3053,B64-X25,0.45,0.001397136,0
3054,B64-X25,0.35,-0.00349895,0
3055,B64-X25,0.34,-0.000349895,0
3056,B64-X25,0.34,0,0
3057,B64-X25,0.48,0.00488145,0
3058,B64-X25,0.68,0.006995453,0
3059,B64-X25,0.81,0.004547044,0
3060,B64-X25,0.79,-0.000699545,0
3061,B64-X25,1.1,0.010827803,0
3062,B64-X25,1.1,0,0
3063,B64-X25,1.08,-0.000701016,0
3064,B64-X25,1.04,-0.0013947,0
3065,B64-X25,0.99,-0.00174581,0
3066,B64-X25,0.97,-0.000699056,0
3067,B64-X25,0.78,-0.006650333,0
3068,B64-X25,0.83,0.001748863,0
3069,B64-X25,0.74,-0.003142458,0
3070,B64-X25,0.75,0.000350385,0
3071,B64-X25,0.48,-0.009401114,0
3072,B64-X25,0.51,0.001048951,0
3073,B64-X25,0.71,0.007012623,0
3074,B64-X25,0.86,0.00524109,0
3075,B64-X25,1.03,0.005956552,0
3076,B64-X25,1.05,0.000697593,0
3077,B64-X25,1.06,0.00035014,0
3078,B64-X25,1.36,0.010493179,0
3079,B64-X25,1.55,0.006631763,0
3080,B64-X25,1.49,-0.002103049,0
3081,B64-X25,1.6,0.003835425,0
3082,B64-X25,1.61,0.000350508,0
3083,B64-X25,1.56,-0.00174581,0
3084,B64-X25,1.45,-0.004136894,0
3085,B64-X25,1.29,-0.006019564,0
3086,B64-X25,1.36,0.007322176,0
3087,B64-X25,6.24,0.169209431,1
3088,B64-X25,13.14,0.24,1
3089,B64-X25,18.02,0.170391061,1
3090,B64-X25,19.5,0.077244259,1
3091,B64-X25,19.47,-0.001547189,1
3092,B64-X25,19.07,-0.014054814,1
3093,B64-X25,23.12,0.140186916,1
3094,B64-X25,22.4,-0.024708305,2
3095,B64-X25,21.88,-0.01810585,2
3096,B64-X25,21.18,-0.024238227,2
3097,B64-X25,21.01,-0.00591716,2
3098,B64-X25,21.53,0.017999308,2
3099,B64-X25,22.2,0.023215523,2
3100,B64-X25,22.9,0.024288688,2
3101,B64-X25,23.4,0.017355085,2
3102,B64-X25,24.5,0.037839697,2
3103,B64-X25,24.35,-0.005257624,2
3104,B64-X25,24.57,0.007665505,2
3105,B64-X25,24.83,0.009012132,2
3106,B64-X25,25.09,0.009052925,2
3107,B64-X25,24.65,-0.015283084,2
3108,B64-X25,24.04,-0.021471313,2
3109,B64-X25,24.13,0.003136982,2
3110,B64-X25,23.99,-0.004796163,2
3111,B64-X25,23.99,0,2
3112,B64-X25,23.95,-0.001396161,2
3113,B64-X25,23.76,-0.006676037,2
3114,B64-X25,23.76,0,2
3120,B64-X26,0,#VALUE!,0
3121,B64-X26,0.66,0.003132416,0
3122,B64-X26,0.75,0.003143556,0
3123,B64-X26,0.68,-0.002439024,0
3124,B64-X26,0.55,-0.004531196,0
3125,B64-X26,0.48,-0.002443281,0
3126,B64-X26,0.57,0.003145753,0
3127,B64-X26,0.83,0.009068713,0
3128,B64-X26,0.89,0.002089864,0
3129,B64-X26,0.88,-0.000349895,0
3130,B64-X26,0.99,0.003830084,0
3131,B64-X26,0.96,-0.001047852,0
3132,B64-X26,1.01,0.001741553,0
3133,B64-X26,0.74,-0.009410945,0
3134,B64-X26,0.72,-0.000695652,0
3135,B64-X26,0.59,-0.004532775,0
3136,B64-X26,0.69,0.00349162,0
3137,B64-X26,0.63,-0.002091321,0
3138,B64-X26,0.54,-0.003138075,0
3139,B64-X26,0.45,-0.003140265,0
3140,B64-X26,0.42,-0.00104639,0
3141,B64-X26,0.36,-0.002089136,0
3142,B64-X26,0.29,-0.002434783,0
3143,B64-X26,0.4,0.003834089,0
3144,B64-X26,0.42,0.000695894,0
3145,B64-X26,0.4,-0.000697107,0
3146,B64-X26,0.43,0.001044932,0
3147,B64-X26,0.41,-0.000697107,0
3148,B64-X26,0.44,0.001046755,0
3149,B64-X26,1.08,0.02226087,0
3150,B64-X26,1.01,-0.002440725,0
3151,B64-X26,1.08,0.002444988,0
3152,B64-X26,0.86,-0.007681564,0
3153,B64-X26,0.91,0.001742768,0
3154,B64-X26,1.11,0.006978367,0
3155,B64-X26,1.52,0.014280738,0
3156,B64-X26,1.49,-0.001045661,0
3157,B64-X26,1.5,0.000348554,0
3158,B64-X26,1.51,0.000348189,0
3159,B64-X26,1.6,0.003135889,0
3160,B64-X26,1.69,0.003138075,0
3161,B64-X26,1.46,-0.008016731,0
3162,B64-X26,1.45,-0.00034904,0
3163,B64-X26,1.59,0.004874652,0
3164,B64-X26,1.38,-0.007311978,0
3165,B64-X26,1.07,-0.010805159,0
3166,B64-X26,0.87,-0.006978367,0
3167,B64-X26,0.86,-0.000348311,0
3168,B64-X26,0.87,0.000501002,0
3169,B64-X26,1.06,0.006636395,0
3170,B64-X26,0.9,-0.005582694,0
3171,B64-X26,0.94,0.001374098,0
3172,B64-X26,3.47,0.085791794,1
3173,B64-X26,6.72,0.161370407,1
3174,B64-X26,8.13,0.073899371,1
3175,B64-X26,7.95,-0.009399478,1
3176,B64-X26,9.76,0.095213046,1
3177,B64-X26,12.96,0.167451596,1
3178,B64-X26,15.56,0.136054422,1
3179,B64-X26,17.58,0.10553814,1
3180,B64-X26,17.89,0.010752688,1
3181,B64-X26,18.06,0.008947368,1
3182,B64-X26,20.43,0.12324493,1
3183,B64-X26,21.36,0.0484375,1
3184,B64-X26,21.46,0.003478261,1
3185,B64-X26,21.58,0.004162331,1
3186,B64-X26,21.14,-0.015299026,1
3187,B64-X26,24.42,0.114966702,1
3188,B64-X26,23.25,-0.040809208,2
3189,B64-X26,22.5,-0.026023595,2
3190,B64-X26,22.5,0,2
3191,B64-X26,22.46,-0.001401051,2
3192,B64-X26,21.71,-0.039577836,2
3193,B64-X26,21.16,-0.019332162,2
3194,B64-X26,20.61,-0.019157088,2
3195,B64-X26,20.8,0.006599514,2
3196,B64-X26,19.73,-0.037649543,2
3197,B64-X26,19.49,-0.008391608,2
3198,B64-X26,19.34,-0.00523743,2
3199,B64-X26,19.2,-0.004854369,2
3200,B64-X26,18.98,-0.011518325,2
3201,B64-X26,19.25,0.009440559,2
3202,B64-X26,19.16,-0.003147954,2
3203,B64-X26,19.16,0,2
3209,B64-X39,0,#VALUE!,0
3210,B64-X39,0.14,0.000749987,0
3211,B64-X39,0.12,-0.000692281,0
3212,B64-X39,0.33,0.007209063,0
3213,B64-X39,0.27,-0.002090592,0
3214,B64-X39,0.3,0.001034483,0
3215,B64-X39,0.27,-0.001036269,0
3216,B64-X39,0.15,-0.00414651,0
3217,B64-X39,0.08,-0.00241213,0
3218,B64-X39,0.18,0.003468609,0
3219,B64-X39,0.18,0,0
3220,B64-X39,0,-0.006263048,0
3221,B64-X39,0.04,0.001387444,0
3222,B64-X39,0.22,0.006295908,0
3223,B64-X39,0.36,0.004851005,0
3224,B64-X39,0.44,0.002795248,0
3225,B64-X39,0.47,0.001042391,0
3226,B64-X39,0.07,-0.013884068,0
3227,B64-X39,0.22,0.007755946,0
3228,B64-X39,0.18,-0.001383604,0
3229,B64-X39,0.16,-0.000694203,0
3230,B64-X39,0.19,0.001041305,0
3231,B64-X39,0.21,0.000702988,0
3232,B64-X39,0.16,-0.001739736,0
3233,B64-X39,0.16,0,0
3234,B64-X39,0.19,0.001038062,0
3235,B64-X39,0.28,0.003136982,0
3236,B64-X39,0.36,0.002782609,0
3237,B64-X39,0.42,0.002084781,0
3238,B64-X39,0.46,0.001383604,0
3239,B64-X39,0.26,-0.006920415,0
3240,B64-X39,0.09,-0.005894591,0
3241,B64-X39,0.09,0,0
3242,B64-X39,0.11,0.00069541,0
3243,B64-X39,0.22,0.003824757,0
3244,B64-X39,0.24,0.000692281,0
3245,B64-X39,0.24,0,0
3246,B64-X39,0.17,-0.002425502,0
3247,B64-X39,0.22,0.001733703,0
3248,B64-X39,0.14,-0.00277585,0
3249,B64-X39,0.09,-0.00173913,0
3250,B64-X39,0.29,0.006903693,0
3251,B64-X39,0.29,0,0
3252,B64-X39,0.2,-0.003142458,0
3253,B64-X39,3.3,0.160788382,1
3254,B64-X39,6.2,0.151041667,1
3255,B64-X39,9.9,0.192708333,1
3256,B64-X39,14.3,0.153043478,1
3257,B64-X39,17.4,0.162388685,1
3258,B64-X39,18.7,0.044982699,1
3259,B64-X39,20.6,0.066340782,1
3260,B64-X39,21.8,0.041914076,1
3261,B64-X39,22.1,0.010449321,1
3262,B64-X39,22.54,0.023292747,1
3263,B64-X39,23,0.023469388,1
3264,B64-X39,23.94,0.049473684,1
3265,B64-X39,24.9,0.05,1
3266,B64-X39,25.3,0.014025245,1
3267,B64-X39,26.04,0.02591944,1
3268,B64-X39,26.8,0.026490066,1
3269,B64-X39,27.7,0.030991736,1
3270,B64-X39,27.95,0.013157895,2
3271,B64-X39,28.2,0.013144059,2
3272,B64-X39,28.5,0.010452962,2
3273,B64-X39,28.8,0.010434783,2
3274,B64-X39,26.8,-0.070249385,2
3275,B64-X39,26.9,0.00352485,2
3276,B64-X39,27.3,0.014159292,2
3277,B64-X39,27.75,0.015789474,2
3278,B64-X39,28.2,0.015549413,2
3279,B64-X39,28.26,0.002121641,2
3280,B64-X39,28.3,0.001392758,2
3281,B64-X39,28.67,0.013032758,2
3282,B64-X39,29,0.024318349,2
3283,B64-X39,30.1,0.028578852,2
3284,B64-X39,30.4,0.010420285,2
3285,B64-X39,30.8,0.013855213,2
3286,B64-X39,31.02,0.007809727,2
3287,B64-X39,31.3,0.010715653,2
3288,B64-X39,31.61,0.013219616,2
3289,B64-X39,31.82,0.007809595,2
3290,B64-X39,32.02,0.006997901,2
3291,B64-X39,32.27,0.008747376,2
3292,B64-X39,32.5,0.008047586,2
3293,B64-X39,32.8,0.010496851,2
3294,B64-X39,33.01,0.007347796,2
3295,B64-X39,33.34,0.011546536,2
3296,B64-X39,33.63,0.010146956,2
3297,B64-X39,33.56,-0.002449265,2
3298,B64-X39,33.78,0.007279947,2
3311,B64-X40,0.32,#VALUE!,0
3312,B64-X40,0.31,-0.000346981,0
3313,B64-X40,0.5,0.006783292,0
3314,B64-X40,0.55,0.001813565,0
3315,B64-X40,0.64,0.003017097,0
3316,B64-X40,0.33,-0.011063526,0
3317,B64-X40,0.13,-0.006918021,0
3318,B64-X40,0.26,0.004611564,0
3319,B64-X40,0.12,-0.00487635,0
3320,B64-X40,0.26,0.004856053,0
3321,B64-X40,0.2,-0.002071823,0
3322,B64-X40,0.26,0.002088409,0
3323,B64-X40,0.33,0.002461322,0
3324,B64-X40,0.4,0.002417127,0
3325,B64-X40,0.29,-0.003803596,0
3326,B64-X40,0.61,0.011026878,0
3327,B64-X40,0.8,0.006574394,0
3328,B64-X40,1,0.006894174,0
3329,B64-X40,1.02,0.000698812,0
3330,B64-X40,1.05,0.001039141,0
3331,B64-X40,1.07,0.000693963,0
3332,B64-X40,1.09,0.000700525,0
3333,B64-X40,1.04,-0.00174581,0
3334,B64-X40,1,-0.001393243,0
3335,B64-X40,0.87,-0.004515457,0
3336,B64-X40,0.74,-0.004507628,0
3337,B64-X40,0.78,0.001389854,0
3338,B64-X40,0.83,0.001729505,0
3339,B64-X40,0.99,0.00554785,0
3340,B64-X40,1.18,0.006597222,0
3341,B64-X40,1.26,0.002766252,0
3342,B64-X40,1.35,0.003088538,0
3343,B64-X40,1.33,-0.000688231,0
3344,B64-X40,1.31,-0.000695894,0
3345,B64-X40,1.4,0.003119584,0
3346,B64-X40,1.49,0.003120666,0
3347,B64-X40,1.62,0.004481213,0
3348,B64-X40,1.75,0.004506066,0
3349,B64-X40,1.75,0,0
3350,B64-X40,1.75,0,0
3351,B64-X40,1.81,0.002072539,0
3352,B64-X40,1.88,0.002430556,0
3353,B64-X40,1.86,-0.000695169,0
3354,B64-X40,1.84,-0.000697107,0
3355,B64-X40,2.06,0.013087448,1
3356,B64-X40,2.99,0.096875,1
3357,B64-X40,4.31,0.136504654,1
3358,B64-X40,5.76,0.151356994,1
3359,B64-X40,7,0.128231644,1
3360,B64-X40,8.31,0.136743215,1
3361,B64-X40,9.72,0.147335423,1
3362,B64-X40,11.19,0.153125,1
3363,B64-X40,12.63,0.151260504,1
3364,B64-X40,14.13,0.157068063,1
3365,B64-X40,15.6,0.152016546,1
3366,B64-X40,16.89,0.135362015,1
3367,B64-X40,18.1,0.126701571,1
3368,B64-X40,19.54,0.149843913,1
3369,B64-X40,20.97,0.148033126,1
3370,B64-X40,21.8,0.078154426,1
3371,B64-X40,22.68,0.029871012,2
3372,B64-X40,22.89,0.007221458,2
3373,B64-X40,22.84,-0.001731302,2
3374,B64-X40,22.89,0.00174216,2
3375,B64-X40,23.28,0.013457557,2
3376,B64-X40,23.15,-0.004509192,2
3377,B64-X40,23.81,0.022735102,2
3378,B64-X40,24.03,0.00757315,2
3379,B64-X40,24.21,0.006300315,2
3380,B64-X40,24.21,0,2
3381,B64-X40,24.6,0.013584117,2
3382,B64-X40,24.4,-0.006978367,2
3383,B64-X40,24.65,0.008674532,2
3384,B64-X40,24.65,0,2
3385,B64-X40,24.82,0.005931612,2
3386,B64-X40,24.87,0.001747641,2
3387,B64-X40,25.09,0.007588824,2
3388,B64-X40,25.57,0.016511868,2
3389,B64-X40,25.79,0.007623008,2
3390,B64-X40,26.62,0.028859527,2
3391,B64-X40,28.07,0.050155655,2
3392,B64-X40,28.03,-0.001399091,2
3393,B64-X40,27.68,-0.01227209,2
3394,B64-X40,27.37,-0.010873378,2
3395,B64-X40,27.02,-0.01222921,2
3396,B64-X40,26.97,-0.001739736,2
3397,B64-X40,26.84,-0.004512322,2
3398,B64-X40,26.8,-0.001395673,2
3399,B64-X40,26.67,-0.004506066,2
3400,B64-X40,26.4,-0.009381515,2
3401,B64-X40,25.74,-0.022988506,2
3402,B64-X40,25.63,-0.028497409,2
3403,B64-X40,24.92,-0.02815226,2
3404,B64-X40,24.43,-0.016949153,2
3405,B64-X40,23.93,-0.017361111,2
3406,B64-X40,23.65,-0.017348203,2
3412,B64-X42,0,#VALUE!,0
3413,B64-X42,0.83,0.003937942,0
3414,B64-X42,1.02,0.006560773,0
3415,B64-X42,1.06,0.001376936,0
3416,B64-X42,1.02,-0.001390337,0
3417,B64-X42,1.07,0.001739736,0
3418,B64-X42,1.1,0.001029866,0
3419,B64-X42,1.33,0.007991661,0
3420,B64-X42,1.23,-0.003466205,0
3421,B64-X42,1.15,-0.002781641,0
3422,B64-X42,1.19,0.001391788,0
3423,B64-X42,0.97,-0.00763094,0
3424,B64-X42,0.55,-0.014532872,0
3425,B64-X42,0.71,0.005549775,0
3426,B64-X42,0.66,-0.001733102,0
3427,B64-X42,0.72,0.002079723,0
3428,B64-X42,0.94,0.007716591,0
3429,B64-X42,0.93,-0.000345543,0
3430,B64-X42,0.95,0.000696379,0
3431,B64-X42,0.85,-0.003463803,0
3432,B64-X42,0.97,0.004156564,0
3433,B64-X42,1,0.001044568,0
3434,B64-X42,0.95,-0.001729505,0
3435,B64-X42,1,0.00172831,0
3436,B64-X42,0.9,-0.003465003,0
3437,B64-X42,0.86,-0.001385521,0
3438,B64-X42,0.91,0.001739736,0
3439,B64-X42,0.75,-0.005563282,0
3440,B64-X42,0.73,-0.000693481,0
3441,B64-X42,0.75,0.000701016,0
3442,B64-X42,0.68,-0.002443281,0
3443,B64-X42,0.65,-0.001039141,0
3444,B64-X42,0.7,0.001730104,0
3445,B64-X42,0.81,0.003802281,0
3446,B64-X42,0.76,-0.001736714,0
3447,B64-X42,0.55,-0.00732473,0
3448,B64-X42,0.54,-0.000348189,0
3449,B64-X42,0.75,0.007281553,0
3450,B64-X42,2.42,0.058412032,1
3451,B64-X42,4.21,0.186458333,1
3452,B64-X42,5.87,0.174553102,1
3453,B64-X42,7.62,0.18172378,1
3454,B64-X42,9.47,0.195147679,1
3455,B64-X42,11.37,0.197505198,1
3456,B64-X42,13.26,0.196465696,1
3457,B64-X42,15.14,0.195833333,1
3458,B64-X42,17.02,0.19665272,1
3459,B64-X42,18.91,0.196465696,1
3460,B64-X42,20.8,0.195247934,1
3461,B64-X42,22.17,0.140368852,1
3462,B64-X42,23.41,0.128099174,1
3463,B64-X42,24.17,0.026197863,1
3464,B64-X42,24.83,0.022916667,1
3465,B64-X42,26.89,0.071727019,1
3466,B64-X42,29.82,0.102340203,1
3467,B64-X42,31.14,0.045929019,1
3468,B64-X42,31.53,0.013448276,1
3469,B64-X42,31.38,-0.00522466,1
3470,B64-X42,31.07,-0.010842952,1
3471,B64-X42,30.67,-0.013913043,1
3472,B64-X42,31.25,0.020145884,1
3473,B64-X42,32.39,0.039818372,1
3474,B64-X42,33,0.02128402,1
3475,B64-X42,33.97,0.033494475,1
3476,B64-X42,34.06,0.003130435,2
3477,B64-X42,34.41,0.012098168,2
3478,B64-X42,34.32,-0.003149055,2
3479,B64-X42,34.63,0.010726644,2
3480,B64-X42,34.8,0.005872193,2
3481,B64-X42,35.24,0.01532567,2
3482,B64-X42,35.29,0.001731302,2
3483,B64-X42,35.33,0.001385521,2
3484,B64-X42,35.33,0,2
3485,B64-X42,35.46,0.004450531,2
3486,B64-X42,35.68,0.007516228,2
3487,B64-X42,35.82,0.004723347,2
3488,B64-X42,34.85,-0.032859079,2
3489,B64-X42,34.7,-0.005084746,2
3490,B64-X42,34.55,-0.005070994,2
3491,B64-X42,34.1,-0.015223275,2
3492,B64-X42,33.75,-0.011824324,2
3493,B64-X42,34.54,0.026662167,2
3494,B64-X42,34.67,0.00434492,2
3495,B64-X42,34.45,-0.00752909,2
3496,B64-X42,34.45,0,2
3497,B64-X42,34.45,0,2
3498,B64-X42,34.68,0.007914659,2
3499,B64-X42,34.85,0.00592541,2
3500,B64-X42,35.01,0.005584642,2
3501,B64-X42,35.14,0.005007704,2
3507,B64-X43,0,#VALUE!,0
3508,B64-X43,0.26,0.001237859,0
3509,B64-X43,0.49,0.007925569,0
3510,B64-X43,0.47,-0.000695169,0
3511,B64-X43,0.52,0.001730703,0
3512,B64-X43,0.57,0.001727713,0
3513,B64-X43,0.72,0.005183138,0
3514,B64-X43,0.8,0.002785515,0
3515,B64-X43,0.95,0.00520111,0
3516,B64-X43,0.92,-0.001043115,0
3517,B64-X43,1.03,0.003836763,0
3518,B64-X43,1.05,0.000691324,0
3519,B64-X43,0.85,-0.006896552,0
3520,B64-X43,0.94,0.003114187,0
3521,B64-X43,0.75,-0.006617903,0
3522,B64-X43,0.7,-0.001744592,0
3523,B64-X43,0.65,-0.001740947,0
3524,B64-X43,0.91,0.009034051,0
3525,B64-X43,0.76,-0.005195705,0
3526,B64-X43,0.55,-0.007261411,0
3527,B64-X43,0.45,-0.003475843,0
3528,B64-X43,0.4,-0.001733102,0
3529,B64-X43,0.39,-0.000344828,0
3530,B64-X43,0.53,0.004883153,0
3531,B64-X43,0.5,-0.00103022,0
3532,B64-X43,0.33,-0.005948216,0
3533,B64-X43,0.5,0.00592541,0
3534,B64-X43,0.47,-0.001037703,0
3535,B64-X43,0.47,0,0
3536,B64-X43,0.52,0.001739736,0
3537,B64-X43,0.49,-0.001035554,0
3538,B64-X43,0.42,-0.00241213,0
3539,B64-X43,0.26,-0.005610098,0
3540,B64-X43,0.23,-0.001032702,0
3541,B64-X43,0.47,0.008385744,0
3542,B64-X43,0.49,0.00069808,0
3543,B64-X43,0.56,0.0024314,0
3544,B64-X43,0.7,0.004893394,0
3545,B64-X43,0.76,0.002091321,0
3546,B64-X43,0.31,-0.01566307,0
3547,B64-X43,1.27,0.033356498,0
3548,B64-X43,2.42,0.11954262,1
3549,B64-X43,3.96,0.159090909,1
3550,B64-X43,5.81,0.18954918,1
3551,B64-X43,7.3,0.15392562,1
3552,B64-X43,7.93,0.064881565,1
3553,B64-X43,8.8,0.089968976,1
3554,B64-X43,9.41,0.063343718,1
3555,B64-X43,10.72,0.136458333,1
3556,B64-X43,11.88,0.121338912,1
3557,B64-X43,13.19,0.135892116,1
3558,B64-X43,14.62,0.151483051,1
3559,B64-X43,16.45,0.190823775,1
3560,B64-X43,18.34,0.19504644,1
3561,B64-X43,19.98,0.173178458,1
3562,B64-X43,21.12,0.11875,1
3563,B64-X43,22.72,0.167364017,1
3564,B64-X43,24.17,0.150727651,1
3565,B64-X43,25.54,0.144514768,1
3566,B64-X43,26.81,0.131742739,1
3567,B64-X43,28.46,0.170984456,1
3568,B64-X43,29.62,0.120082816,1
3569,B64-X43,29.79,0.005931612,2
3570,B64-X43,28.94,-0.029730675,2
3571,B64-X43,28.57,-0.012838307,2
3572,B64-X43,28.6,0.001049685,2
3573,B64-X43,28.7,0.003477051,2
3574,B64-X43,28.64,-0.002087683,2
3575,B64-X43,28.64,0,2
3576,B64-X43,28.46,-0.006237006,2
3577,B64-X43,28.31,-0.005221023,2
3578,B64-X43,28.24,-0.002421308,2
3579,B64-X43,28.13,-0.003843466,2
3580,B64-X43,28.7,0.019826087,2
3581,B64-X43,29.27,0.0196011,2
3582,B64-X43,29.75,0.016730568,2
3583,B64-X43,29.62,-0.004487401,2
3584,B64-X43,29.93,0.010763889,2
3585,B64-X43,30.19,0.008993428,2
3586,B64-X43,30.19,0,2
3587,B64-X43,29.93,-0.009030914,2
3588,B64-X43,30.59,0.022932592,2
3589,B64-X43,31.4,0.027921406,2
3590,B64-X43,31.11,-0.010108052,2
3591,B64-X43,31.46,0.01222921,2
3592,B64-X43,31.9,0.01533101,2
3593,B64-X43,31.82,-0.002769124,2
3594,B64-X43,31.42,-0.013836043,2
3595,B64-X43,30.85,-0.02000702,2
3596,B64-X43,31.2,0.012144344,2
3597,B64-X43,31.55,0.012144344,2
3598,B64-X43,31.68,0.00443686,2
3599,B64-X43,31.71,0.005136986,2
3600,B64-X43,31.82,0.004814004,2
3601,B64-X43,31.96,0.004886562,2
3602,B64-X43,32.12,0.005521049,2
3603,B64-X43,32.12,0,2
3609,B64-X45,0,#VALUE!,0
3610,B64-X45,0.38,0.012829169,0
3611,B64-X45,0.07,-0.010741511,0
3612,B64-X45,0.24,0.00592541,0
3613,B64-X45,0.2,-0.00136147,0
3614,B64-X45,0.22,0.000689893,0
3615,B64-X45,0.12,-0.003496503,0
3616,B64-X45,0.22,0.003465003,0
3617,B64-X45,0.18,-0.001391788,0
3618,B64-X45,0.06,-0.004192872,0
3619,B64-X45,0.1,0.0013947,0
3620,B64-X45,0.1,0,0
3621,B64-X45,0.32,0.007660167,0
3622,B64-X45,0.34,0.000698568,0
3623,B64-X45,0.31,-0.001039141,0
3624,B64-X45,0.27,-0.001397136,0
3625,B64-X45,0.23,-0.001395187,0
3626,B64-X45,0.39,0.005590496,0
3627,B64-X45,0.44,0.001729505,0
3628,B64-X45,0.41,-0.001039861,0
3629,B64-X45,0.25,-0.005557485,0
3630,B64-X45,0.22,-0.001052262,0
3631,B64-X45,0.37,0.005197505,0
3632,B64-X45,0.43,0.00210084,0
3633,B64-X45,0.33,-0.003467406,0
3634,B64-X45,0.42,0.003120666,0
3635,B64-X45,0.51,0.003128259,0
3636,B64-X45,0.57,0.002089864,0
3637,B64-X45,0.54,-0.001040944,0
3638,B64-X45,0.54,0,0
3639,B64-X45,0.51,-0.001042391,0
3640,B64-X45,0.64,0.004496714,0
3641,B64-X45,0.56,-0.002769124,0
3642,B64-X45,0.64,0.002773925,0
3643,B64-X45,0.67,0.001041667,0
3644,B64-X45,0.57,-0.00349284,0
3645,B64-X45,0.74,0.005894591,0
3646,B64-X45,0.74,0,0
3647,B64-X45,0.74,0,0
3648,B64-X45,0.53,-0.007337526,0
3649,B64-X45,0.63,0.00349895,0
3650,B64-X45,0.7,0.002412961,0
3651,B64-X45,0.74,0.001386001,0
3652,B64-X45,1.93,0.044270833,1
3653,B64-X45,3.56,0.167523124,1
3654,B64-X45,5.36,0.187695516,1
3655,B64-X45,6.89,0.166848419,1
3656,B64-X45,8.49,0.167890871,1
3657,B64-X45,10.01,0.158004158,1
3658,B64-X45,11.61,0.167189133,1
3659,B64-X45,13.41,0.187304891,1
3660,B64-X45,15.25,0.187755102,1
3661,B64-X45,17.09,0.187372709,1
3662,B64-X45,18.72,0.168041237,1
3663,B64-X45,19.96,0.126659857,1
3664,B64-X45,21.75,0.183778234,1
3665,B64-X45,23.29,0.164179104,1
3666,B64-X45,24.43,0.122977346,1
3667,B64-X45,24.96,0.056866953,1
3668,B64-X45,25.92,0.102783726,1
3669,B64-X45,27.42,0.168539326,1
3670,B64-X45,29.14,0.189010989,1
3671,B64-X45,29.79,0.068421053,1
3672,B64-X45,29.49,-0.032258065,2
3673,B64-X45,29.62,0.013684211,2
3674,B64-X45,29.44,-0.019354839,2
3675,B64-X45,30.14,0.024475524,2
3676,B64-X45,30.94,0.027303754,2
3677,B64-X45,31.38,0.015230183,2
3678,B64-X45,31.77,0.013541667,2
3679,B64-X45,32.21,0.015384615,2
3680,B64-X45,32.08,-0.004523312,2
3681,B64-X45,32.34,0.008990318,2
3682,B64-X45,33.22,0.030694105,2
3683,B64-X45,33.84,0.021632938,2
3684,B64-X45,34.06,0.007676204,2
3685,B64-X45,33.4,-0.022940563,2
3686,B64-X45,33.31,-0.003136982,2
3687,B64-X45,32.61,-0.024458421,2
3688,B64-X45,32.5,-0.003839442,2
3689,B64-X45,31.11,-0.04853352,2
3690,B64-X45,31.48,0.012811634,2
3691,B64-X45,32.04,0.019357069,2
3692,B64-X45,32.56,0.018156425,2
3693,B64-X45,32.96,0.013947001,2
3694,B64-X45,33.11,0.005206526,2
3695,B64-X45,32.74,-0.012824957,2
3696,B64-X45,32.83,0.003095975,2
3697,B64-X45,32.7,-0.004540692,2
3698,B64-X45,32.78,0.00273224,2
3699,B64-X45,33.53,0.026032628,2
3700,B64-X45,34.67,0.039351053,2
3701,B64-X45,34.99,0.011091854,2
3702,B64-X45,35.65,0.022782188,2
3703,B64-X45,37.87,0.075845576,2
3704,B64-X45,38.41,0.01826793,2
3705,B64-X45,38.23,-0.006245663,2
3706,B64-X45,38.23,0,2
3707,B64-X45,38.52,0.009979353,2
3708,B64-X45,38.06,-0.015950069,2
3709,B64-X45,36.99,-0.037075537,2
3710,B64-X45,37.27,0.009752699,2
3711,B64-X45,37.52,0.008579272,2
3712,B64-X45,37.7,0.006273963,2
3713,B64-X45,37.74,0.001384562,2
3714,B64-X45,37.74,0,2
3720,B64-X46,0.1,#VALUE!,0
3721,B64-X46,0.18,0.002803083,0
3722,B64-X46,0.18,0,0
3723,B64-X46,0.04,-0.004883153,0
3724,B64-X46,0.02,-0.00069979,0
3725,B64-X46,0.09,0.002455279,0
3726,B64-X46,0.17,0.002809975,0
3727,B64-X46,0.31,0.004852686,0
3728,B64-X46,0.29,-0.000696379,0
3729,B64-X46,0.31,0.000697593,0
3730,B64-X46,0.26,-0.001747641,0
3731,B64-X46,0.22,-0.001392758,0
3732,B64-X46,0.24,0.00069808,0
3733,B64-X46,0.26,0.000695652,0
3734,B64-X46,0.25,-0.000350385,0
3735,B64-X46,0.26,0.000346861,0
3736,B64-X46,0.25,-0.000345901,0
3737,B64-X46,0.26,0.000347826,0
3738,B64-X46,0.25,-0.000347826,0
3739,B64-X46,0.25,0,0
3740,B64-X46,0.26,0.000352237,0
3741,B64-X46,0.24,-0.000694927,0
3742,B64-X46,0.24,0,0
3743,B64-X46,0.25,0.000345066,0
3744,B64-X46,0.32,0.002451839,0
3745,B64-X46,0.39,0.002479632,0
3746,B64-X46,0.46,0.002429712,0
3747,B64-X46,0.53,0.002422984,0
3748,B64-X46,0.57,0.001392758,0
3749,B64-X46,0.62,0.001743375,0
3750,B64-X46,0.67,0.001742768,0
3751,B64-X46,0.7,0.001042391,0
3752,B64-X46,0.85,0.005230126,0
3753,B64-X46,1.01,0.005602241,0
3754,B64-X46,1.17,0.005576856,0
3755,B64-X46,1.3,0.004517026,0
3756,B64-X46,1.41,0.003847499,0
3757,B64-X46,1.93,0.018024263,0
3758,B64-X46,2.46,0.055555556,1
3759,B64-X46,4.75,0.120020964,1
3760,B64-X46,9.08,0.150451703,1
3761,B64-X46,13.01,0.13683844,1
3762,B64-X46,15.63,0.090626081,1
3763,B64-X46,16.66,0.03581363,1
3764,B64-X46,17.49,0.028739612,1
3765,B64-X46,18.06,0.019784797,1
3766,B64-X46,18.59,0.018466899,1
3767,B64-X46,20.61,0.070456924,1
3768,B64-X46,21.4,0.027574171,1
3769,B64-X46,22.1,0.024288688,1
3770,B64-X46,22.32,0.007652174,1
3771,B64-X46,22.63,0.010797631,1
3772,B64-X46,23.47,0.02940147,1
3773,B64-X46,25.9,0.084846369,1
3774,B64-X46,26.41,0.017782427,2
3775,B64-X46,25.88,-0.01853795,2
3776,B64-X46,25.84,-0.001405975,2
3777,B64-X46,26.24,0.013869626,2
3778,B64-X46,26.5,0.00899654,2
3779,B64-X46,25.66,-0.029309142,2
3780,B64-X46,25.84,0.006247831,2
3781,B64-X46,25.6,-0.008344924,2
3782,B64-X46,25.22,-0.013277428,2
3783,B64-X46,25.36,0.004842615,2
3784,B64-X46,25.71,0.01230661,2
3785,B64-X46,26.1,0.013579387,2
3786,B64-X46,26.35,0.00873515,2
3787,B64-X46,26.7,0.012203626,2
3788,B64-X46,26.6,-0.003480682,2
3789,B64-X46,27.36,0.026471613,2
3790,B64-X46,28.2,0.029391183,2
3791,B64-X46,29,0.027816412,2
3792,B64-X46,29.93,0.032269257,2
3793,B64-X46,31.45,0.053017091,2
3794,B64-X46,32.45,0.034770515,2
3795,B64-X46,32.92,0.016439314,2
3796,B64-X46,33.45,0.018616087,2
3797,B64-X46,33.45,0,2
3802,B64-X50,0.1,#VALUE!,0
3803,B64-X50,0.1,0,0
3804,B64-X50,0.11,0.00034904,0
3805,B64-X50,0.12,0.000345543,0
3806,B64-X50,0.15,0.001043478,0
3807,B64-X50,0.29,0.004859424,0
3808,B64-X50,0.45,0.005580746,0
3809,B64-X50,0.61,0.005619951,0
3810,B64-X50,0.75,0.004893394,0
3811,B64-X50,0.79,0.001394214,0
3812,B64-X50,0.84,0.001731902,0
3813,B64-X50,0.9,0.002091321,0
3814,B64-X50,0.97,0.002447552,0
3815,B64-X50,0.86,-0.003875969,0
3816,B64-X50,0.75,-0.003822099,0
3817,B64-X50,0.79,0.001394214,0
3818,B64-X50,0.83,0.001386963,0
3819,B64-X50,0.91,0.00279916,0
3820,B64-X50,1,0.00313917,0
3821,B64-X50,1.1,0.003466205,0
3822,B64-X50,1.21,0.003856942,0
3823,B64-X50,1.42,0.007304348,0
3824,B64-X50,1.38,-0.001391788,0
3825,B64-X50,1.34,-0.001395187,0
3826,B64-X50,1.38,0.001394214,0
3827,B64-X50,1.47,0.003126085,0
3828,B64-X50,1.55,0.002790373,0
3829,B64-X50,1.65,0.003483107,0
3830,B64-X50,1.65,0,0
3831,B64-X50,1.63,-0.000694203,0
3832,B64-X50,1.78,0.00523926,0
3833,B64-X50,1.93,0.005156411,0
3834,B64-X50,2.15,0.007703081,0
3835,B64-X50,2.37,0.007654836,0
3836,B64-X50,2.48,0.003842124,0
3837,B64-X50,2.59,0.00382875,0
3838,B64-X50,2.45,-0.004852686,1
3839,B64-X50,6.77,0.150996155,1
3840,B64-X50,11.82,0.175164759,1
3841,B64-X50,16.56,0.166491043,1
3842,B64-X50,21.09,0.158447009,1
3843,B64-X50,22.19,0.038664323,1
3844,B64-X50,23.2,0.035020804,2
3845,B64-X50,22.4,-0.027681661,2
3846,B64-X50,21.73,-0.02337753,2
3847,B64-X50,20.91,-0.028462339,2
3848,B64-X50,21.67,0.026425591,2
3849,B64-X50,21.36,-0.010831586,2
3850,B64-X50,20.92,-0.015219647,2
3851,B64-X50,21.97,0.036919831,2
3852,B64-X50,21,-0.033774373,2
3853,B64-X50,20.57,-0.015024458,2
3854,B64-X50,21.27,0.024407252,2
3855,B64-X50,21.53,0.009049774,2
3856,B64-X50,20.3,-0.042842215,2
3857,B64-X50,21.53,0.043037089,2
3858,B64-X50,22.59,0.036856745,2
3859,B64-X50,23.69,0.056410256,2
3860,B64-X50,24.69,0.034891835,2
3861,B64-X50,25.53,0.029217391,2
3862,B64-X50,25.85,0.011173184,2
3863,B64-X50,26.96,0.038756983,2
3864,B64-X50,27.49,0.018383628,2
3865,B64-X50,28.25,0.026388889,2
3866,B64-X50,28.81,0.019553073,2
3867,B64-X50,29.37,0.019539428,2
3868,B64-X50,29.47,0.004721435,2
3873,B64-X51,0,#VALUE!,0
3874,B64-X51,0.35,0.018238666,0
3875,B64-X51,0.35,0,0
3876,B64-X51,0.44,0.003146853,0
3877,B64-X51,0.56,0.004195804,0
3878,B64-X51,0.22,-0.011888112,0
3879,B64-X51,0.32,0.003496503,0
3880,B64-X51,0.55,0.008041958,0
3881,B64-X51,0.65,0.003496503,0
3882,B64-X51,0.67,0.000706714,0
3883,B64-X51,0.78,0.003838102,0
3884,B64-X51,0.56,-0.007692308,0
3885,B64-X51,0.6,0.001579779,0
3886,B64-X51,0.7,0.003501401,0
3887,B64-X51,0.7,0,0
3888,B64-X51,0.8,0.003490401,0
3889,B64-X51,0.9,0.003481894,0
3890,B64-X51,0.8,-0.003500175,0
3891,B64-X51,0.9,0.003480682,0
3892,B64-X51,0.3,-0.021134202,0
3893,B64-X51,0.5,0.006898931,0
3894,B64-X51,0.8,0.010431154,0
3895,B64-X51,0.8,0,0
3896,B64-X51,0.9,0.003503854,0
3897,B64-X51,0.7,-0.006985679,0
3898,B64-X51,1.2,0.017494752,1
3899,B64-X51,3,0.189873418,1
3900,B64-X51,4.4,0.146137787,1
3901,B64-X51,5.9,0.15625,1
3902,B64-X51,7.8,0.199789695,1
3903,B64-X51,9.1,0.136842105,1
3904,B64-X51,10.6,0.158227848,1
3905,B64-X51,12,0.149253731,1
3906,B64-X51,13.1,0.113285273,1
3907,B64-X51,15.2,0.216718266,1
3908,B64-X51,17.3,0.222457627,1
3909,B64-X51,18.6,0.136554622,1
3910,B64-X51,20.6,0.206398349,1
3911,B64-X51,22.2,0.164948454,1
3912,B64-X51,23.4,0.126715945,1
3913,B64-X51,24.4,0.104821803,1
3914,B64-X51,24.1,-0.031446541,1
3915,B64-X51,24.9,0.084566596,1
3916,B64-X51,26.4,0.157563025,1
3917,B64-X51,28.2,0.19088017,1
3918,B64-X51,27.3,-0.094240838,1
3919,B64-X51,28,0.072614108,1
3920,B64-X51,29.8,0.18887723,1
3921,B64-X51,31.6,0.18907563,1
3922,B64-X51,32.5,0.095744681,1
3923,B64-X51,34.2,0.059419783,1
3924,B64-X51,33.8,-0.013937282,2
3925,B64-X51,34.8,0.034989503,2
3926,B64-X51,35.8,0.034794711,2
3927,B64-X51,35.4,-0.014040014,2
3928,B64-X51,35.2,-0.006930007,2
3929,B64-X51,35,-0.007002801,2
3930,B64-X51,34.6,-0.013903372,2
3931,B64-X51,34.2,-0.013990906,2
3932,B64-X51,33.7,-0.017325017,2
3933,B64-X51,35.1,0.048933939,2
3934,B64-X51,34.6,-0.017259234,2
3935,B64-X51,34.3,-0.010471204,2
3936,B64-X51,33.7,-0.020876827,2
3937,B64-X51,35.4,0.059628201,2
3938,B64-X51,36,0.020986359,2
3939,B64-X51,35.7,-0.01047486,2
3940,B64-X51,35.6,-0.003475843,2
3941,B64-X51,35.5,-0.003495281,2
3942,B64-X51,35.8,0.010504202,2
3943,B64-X51,35.7,-0.00343879,2
3944,B64-X51,35.6,-0.003472222,2
3945,B64-X51,33.3,-0.080900457,2
3946,B64-X51,33.1,-0.006961364,2
3947,B64-X51,33.4,0.010427529,2
3948,B64-X51,33.1,-0.01059322,2
3949,B64-X51,32.8,-0.010507881,2
3950,B64-X51,32.1,-0.024475524,2
3951,B64-X51,33.4,0.045154568,2
3952,B64-X51,34.2,0.028089888,2
3953,B64-X51,34,-0.006927607,2
3954,B64-X51,33.2,-0.028030834,2
3955,B64-X51,35.4,0.076601671,2
3956,B64-X51,36.5,0.038650738,2
3957,B64-X51,36.1,-0.013961606,2
3958,B64-X51,35.6,-0.017421603,2
3959,B64-X51,36.1,0.017537706,2
3960,B64-X51,36.6,0.017391304,2
3961,B64-X51,36.1,-0.017519271,2
3962,B64-X51,36.8,0.024621878,2
3963,B64-X51,36.8,0,2
3964,B64-X51,33.9,-0.101256983,2
3965,B64-X51,33.8,-0.00349162,2
3966,B64-X51,33.9,0.00352485,2
3967,B64-X51,33.8,-0.00349284,2
3968,B64-X51,33.6,-0.006875215,2
3969,B64-X51,33.7,0.003465003,2
3970,B64-X51,33,-0.024552788,2
3971,B64-X51,32.6,-0.013898541,2
3972,B64-X51,32.2,-0.01397624,2
3973,B64-X51,32.1,-0.003501401,2
3974,B64-X51,31.7,-0.013908206,2
3975,B64-X51,32.4,0.024647887,2
3976,B64-X51,32.1,-0.01048951,2
3977,B64-X51,31.6,-0.017611835,2
3978,B64-X51,31.4,-0.007002801,2
3979,B64-X51,31.2,-0.00691085,2
3980,B64-X51,31,-0.00700035,2
3981,B64-X51,30.8,-0.007052186,2
3982,B64-X51,31,0.014492754,2
3983,B64-X51,31,0,2
4001,B64-X53,0,#VALUE!,0
4002,B64-X53,0.33,0.027160494,0
4003,B64-X53,0.48,0.005272408,0
4004,B64-X53,0.36,-0.004152249,0
4005,B64-X53,0.47,0.003846154,0
4006,B64-X53,0.53,0.002090592,0
4007,B64-X53,0.35,-0.006360424,0
4008,B64-X53,0.67,0.011111111,0
4009,B64-X53,0.49,-0.00625,0
4010,B64-X53,0.68,0.006641035,0
4011,B64-X53,0.52,-0.005584642,0
4012,B64-X53,0.39,-0.004547044,0
4013,B64-X53,0.55,0.008403361,0
4014,B64-X53,0.3,-0.018504811,0
4015,B64-X53,0.6,0.010496851,0
4016,B64-X53,1.9,0.046214006,1
4017,B64-X53,3.5,0.168243954,1
4018,B64-X53,4.6,0.112130479,1
4019,B64-X53,5.5,0.095744681,1
4020,B64-X53,6.6,0.11627907,1
4021,B64-X53,7.7,0.116156283,1
4022,B64-X53,8.9,0.125918153,1
4023,B64-X53,10,0.113753878,1
4024,B64-X53,11.3,0.133882595,1
4025,B64-X53,12.3,0.106269926,1
4026,B64-X53,13.4,0.115911486,1
4027,B64-X53,15.2,0.193340494,1
4028,B64-X53,17,0.184994861,1
4029,B64-X53,18.1,0.113519092,1
4030,B64-X53,19.5,0.146750524,1
4031,B64-X53,21,0.159235669,1
4032,B64-X53,22.1,0.117773019,1
4033,B64-X53,22.9,0.084835631,1
4034,B64-X53,23.2,0.031282586,1
4035,B64-X53,23.9,0.072992701,1
4036,B64-X53,24.5,0.06302521,1
4037,B64-X53,25.9,0.145833333,1
4038,B64-X53,27.1,0.125523013,1
4039,B64-X53,28.2,0.115911486,1
4040,B64-X53,29.4,0.126849894,1
4041,B64-X53,30.8,0.146137787,1
4042,B64-X53,31.7,0.094936709,1
4043,B64-X53,32.5,0.083945435,1
4044,B64-X53,33.2,0.074074074,1
4045,B64-X53,33.7,0.052854123,1
4046,B64-X53,34.2,0.05186722,1
4047,B64-X53,35.3,0.116648993,1
4048,B64-X53,37,0.178571429,1
4049,B64-X53,38.4,0.146443515,1
4050,B64-X53,38.75,0.037037037,2
4051,B64-X53,39.1,0.036534447,2
4052,B64-X53,38.2,-0.031282586,2
4053,B64-X53,37.7,-0.017458101,2
4054,B64-X53,37.7,0,2
4055,B64-X53,37.2,-0.017488632,2
4056,B64-X53,36.8,-0.013679891,2
4057,B64-X53,37,0.006978367,2
4058,B64-X53,37.3,0.01048951,2
4059,B64-X53,37.2,-0.003513703,2
4060,B64-X53,37.4,0.007062147,2
4061,B64-X53,38,0.020847811,2
4062,B64-X53,37.3,-0.024162927,2
4063,B64-X53,37.5,0.006749916,2
4064,B64-X53,37.6,0.003523608,2
4065,B64-X53,37.1,-0.017307027,2
4066,B64-X53,37,-0.003477051,2
4067,B64-X53,38.4,0.048780488,2
4068,B64-X53,38.3,-0.003522367,2
4069,B64-X53,38.2,-0.003501401,2
4070,B64-X53,37.6,-0.020797227,2
4071,B64-X53,37.3,-0.010442047,2
4072,B64-X53,37.3,0,2
4073,B64-X53,37.1,-0.006995453,2
4074,B64-X53,37,-0.003460208,2
4075,B64-X53,37,0,2
4076,B64-X53,36.9,-0.003511236,2
4077,B64-X53,37.1,0.006997901,2
4078,B64-X53,38.1,0.03485535,2
4079,B64-X53,38.8,0.024356298,2
4080,B64-X53,39.7,0.031534688,2
4081,B64-X53,38.5,-0.040927694,2
4082,B64-X53,39.1,0.021008403,2
4083,B64-X53,38.2,-0.031347962,2
4084,B64-X53,37.5,-0.024604569,2
4085,B64-X53,37.4,-0.003496503,2
4086,B64-X53,38,0.02100105,2
4087,B64-X53,38.1,0.003519887,2
4088,B64-X53,38.3,0.007034822,2
4089,B64-X53,38.4,0.003522367,2
4090,B64-X53,37.8,-0.021089631,2
4091,B64-X53,38.1,0.010362694,2
4092,B64-X53,38,-0.003483107,2
4093,B64-X53,38,0,2
4094,B64-X53,38.4,0.014020329,2
4095,B64-X53,38.1,-0.010452962,2
4096,B64-X53,37.7,-0.013951866,2
4097,B64-X53,38,0.0104639,2
4098,B64-X53,38.2,0.006980803,2
4099,B64-X53,38.2,0,2
4100,B64-X53,37.4,-0.0280014,2
4101,B64-X53,37.5,0.003473428,2
4102,B64-X53,37.3,-0.006995453,2
4103,B64-X53,37.1,-0.006951686,2
4104,B64-X53,37.2,0.003487967,2
4105,B64-X53,37.7,0.0174703,2
4106,B64-X53,39.3,0.055671538,2
4107,B64-X53,39.1,-0.006908463,2
4108,B64-X53,39.1,0,2
4109,B64-X53,39.2,0.003461405,2
4110,B64-X53,38.6,-0.020739717,2
4111,B64-X53,38.4,-0.00697107,2
4112,B64-X53,38.6,0.007047216,2
4113,B64-X53,38.3,-0.010409438,2
4114,B64-X53,37.8,-0.017385257,2
4115,B64-X53,36.9,-0.031523643,2
4116,B64-X53,36.5,-0.013971359,2
4117,B64-X53,35.8,-0.024288688,2
4118,B64-X53,34.9,-0.031120332,2
4119,B64-X53,34.2,-0.024484085,2
4120,B64-X53,34,-0.007027407,2
4121,B64-X53,33.8,-0.006908463,2
4122,B64-X53,33.6,-0.008880995,2
4139,B64-X54,0,#VALUE!,0
4140,B64-X54,0.32,0.02266289,0
4141,B64-X54,0.34,0.000989609,0
4142,B64-X54,0.54,0.007293946,0
4143,B64-X54,0.49,-0.001856665,0
4144,B64-X54,0.28,-0.007543103,0
4145,B64-X54,0.29,0.000356888,0
4146,B64-X54,0.5,0.007578492,0
4147,B64-X54,0.36,-0.005074302,0
4148,B64-X54,0.46,0.003559986,0
4149,B64-X54,0.75,0.0102764,0
4150,B64-X54,0.8,0.001786991,0
4151,B64-X54,0.74,-0.002181025,0
4152,B64-X54,0.34,-0.020714656,0
4153,B64-X54,0.6,0.009087732,0
4154,B64-X54,0.4,-0.006849315,0
4155,B64-X54,0.5,0.003477051,0
4156,B64-X54,0.6,0.003506311,0
4157,B64-X54,0.9,0.010533708,0
4158,B64-X54,5.4,0.155279503,1
4159,B64-X54,6.9,0.157397692,1
4160,B64-X54,8.2,0.136554622,1
4161,B64-X54,9.5,0.141304348,1
4162,B64-X54,10.5,0.104166667,1
4163,B64-X54,11,0.053078556,1
4164,B64-X54,12.1,0.11627907,1
4165,B64-X54,13.2,0.115667718,1
4166,B64-X54,14.6,0.14507772,1
4167,B64-X54,16,0.149253731,1
4168,B64-X54,17.6,0.164609053,1
4169,B64-X54,19.2,0.166493236,1
4170,B64-X54,20.6,0.145985401,1
4171,B64-X54,21.6,0.106609808,1
4172,B64-X54,22.9,0.136554622,1
4173,B64-X54,24.3,0.146137787,1
4174,B64-X54,25.6,0.137130802,1
4175,B64-X54,27.2,0.168243954,1
4176,B64-X54,28.6,0.145985401,1
4177,B64-X54,30.2,0.169133192,1
4178,B64-X54,31.9,0.0893796,1
4179,B64-X54,33.9,0.070101647,1
4180,B64-X54,34.9,0.035038542,2
4181,B64-X54,35.3,0.0140007,2
4182,B64-X54,35.3,0,2
4183,B64-X54,35.6,0.010522624,2
4184,B64-X54,35.9,0.01039141,2
4185,B64-X54,35.7,-0.00694927,2
4186,B64-X54,36.1,0.013956734,2
4187,B64-X54,36.2,0.003497726,2
4188,B64-X54,36.1,-0.003484321,2
4189,B64-X54,36.1,0,2
4190,B64-X54,36.5,0.013836043,2
4191,B64-X54,36.5,0,2
4192,B64-X54,36.5,0,2
4193,B64-X54,36.7,0.006975933,2
4194,B64-X54,36.7,0,2
4195,B64-X54,37.2,0.017531557,2
4196,B64-X54,37.4,0.007029877,2
4197,B64-X54,37.7,0.010504202,2
4198,B64-X54,38.5,0.027595723,2
4199,B64-X54,36.5,-0.069613644,2
4200,B64-X54,37.2,0.024213075,2
4201,B64-X54,37.5,0.010434783,2
4202,B64-X54,37.5,0,2
4203,B64-X54,37.6,0.003467406,2
4204,B64-X54,38,0.013888889,2
4205,B64-X54,38.4,0.013951866,2
4206,B64-X54,36,-0.083711196,2
4207,B64-X54,36.2,0.006927607,2
4208,B64-X54,36.9,0.02443281,2
4209,B64-X54,37.5,0.020905923,2
4210,B64-X54,36.4,-0.038327526,2
4211,B64-X54,36.6,0.006993007,2
4212,B64-X54,36.3,-0.010471204,2
4213,B64-X54,36.2,-0.003466205,2
4214,B64-X54,36.6,0.014049877,2
4215,B64-X54,37.2,0.02091321,2
4216,B64-X54,37.4,0.006995453,2
4217,B64-X54,38.1,0.024415766,2
4218,B64-X54,37.4,-0.024364775,2
4219,B64-X54,37.3,-0.00349284,2
4220,B64-X54,36.4,-0.031501575,2
4221,B64-X54,36.5,0.003500175,2
4222,B64-X54,36.6,0.003496503,2
4223,B64-X54,36.8,0.006901311,2
4224,B64-X54,37.3,0.017415535,2
4225,B64-X54,37.9,0.020804438,2
4226,B64-X54,38.2,0.010511563,2
4227,B64-X54,36.4,-0.06265228,2
4228,B64-X54,37.5,0.038501925,2
4229,B64-X54,36.8,-0.02446697,2
4230,B64-X54,37.7,0.031545741,2
4231,B64-X54,36.5,-0.042031524,2
4232,B64-X54,37.3,0.028021016,2
4233,B64-X54,37.6,0.010438413,2
4234,B64-X54,35.6,-0.067317402,2
4235,B64-X54,36.2,0.021030494,2
4236,B64-X54,36.2,0,2
4237,B64-X54,36.2,0,2
4238,B64-X54,34.2,-0.069589422,2
4239,B64-X54,34.6,0.014114326,2
4240,B64-X54,34.2,-0.013879251,2
4241,B64-X54,33,-0.042342978,2
4242,B64-X54,33.1,0.003500175,2
4243,B64-X54,34,0.031131097,2
4244,B64-X54,34,0,2
4245,B64-X54,35.3,0.045823053,2
4246,B64-X54,36.3,0.034977265,2
4247,B64-X54,36.7,0.0140007,2
4248,B64-X54,37.1,0.013961606,2
4249,B64-X54,37,-0.003502627,2
4250,B64-X54,37.8,0.027538726,2
4251,B64-X54,38.1,0.029382958,2
4267,B64-X55,0,#VALUE!,0
4268,B64-X55,0.18,0.021818182,0
4269,B64-X55,0.04,-0.004888268,0
4270,B64-X55,0.04,0,0
4271,B64-X55,0.18,0.00489853,0
4272,B64-X55,0.24,0.002089864,0
4273,B64-X55,0.29,0.001752541,0
4274,B64-X55,0.4,0.003847499,0
4275,B64-X55,0.8,0.014005602,0
4276,B64-X55,0.1,-0.023592855,0
4277,B64-X55,0.8,0.023696682,0
4278,B64-X55,1.4,0.020862309,0
4279,B64-X55,1.4,0,0
4280,B64-X55,1.6,0.006942034,0
4281,B64-X55,1.4,-0.006954103,0
4282,B64-X55,1.8,0.013913043,0
4283,B64-X55,2.2,0.013908206,0
4284,B64-X55,1.9,-0.010467551,0
4285,B64-X55,1.5,-0.013947001,0
4286,B64-X55,2.1,0.020855057,0
4287,B64-X55,2.1,0,0
4288,B64-X55,2.1,0,0
4289,B64-X55,1.9,-0.006939625,0
4290,B64-X55,1.9,0,0
4291,B64-X55,1.9,0,0
4292,B64-X55,2.5,0.02084057,0
4293,B64-X55,2.4,-0.003474635,0
4294,B64-X55,2.4,0,0
4295,B64-X55,2.7,0.010456605,0
4296,B64-X55,2.8,0.003474635,0
4297,B64-X55,2.4,-0.013898541,0
4298,B64-X55,2.2,-0.006980803,0
4299,B64-X55,2.3,0.003478261,0
4300,B64-X55,2.2,-0.003475843,0
4301,B64-X55,2.6,0.013913043,0
4302,B64-X55,2.6,0,0
4303,B64-X55,6.2,0.125479261,1
4304,B64-X55,10.3,0.142807384,1
4305,B64-X55,14.6,0.149357416,1
4306,B64-X55,18.2,0.125610607,1
4307,B64-X55,22,0.132311978,1
4308,B64-X55,25,0.104675506,1
4309,B64-X55,24.6,-0.013922729,2
4310,B64-X55,25.1,0.017367141,2
4311,B64-X55,24.8,-0.010456605,2
4312,B64-X55,24.7,-0.003472222,2
4313,B64-X55,25.3,0.020847811,2
4314,B64-X55,25,-0.010423905,2
4315,B64-X55,25.8,0.027787426,2
4316,B64-X55,26,0.006958942,2
4317,B64-X55,26.2,0.006954103,2
4318,B64-X55,26.2,0,2
4319,B64-X55,25.8,-0.013913043,2
4320,B64-X55,25.8,0,2
4321,B64-X55,26.4,0.020876827,2
4322,B64-X55,26.3,-0.003484321,2
4323,B64-X55,26.2,-0.003477051,2
4324,B64-X55,26,-0.006946857,2
4325,B64-X55,25.9,-0.003479471,2
4326,B64-X55,25.9,0,2
4327,B64-X55,26,0.003474635,2
4328,B64-X55,26.1,0.003475843,2
4329,B64-X55,26.9,0.027816412,2
4330,B64-X55,27.3,0.013893713,2
4331,B64-X55,28,0.024347826,2
4332,B64-X55,27.9,-0.003475843,2
4333,B64-X55,27.4,-0.017373176,2
4334,B64-X55,26.8,-0.020855057,2
4335,B64-X55,25.9,-0.031347962,2
4336,B64-X55,26.3,0.013898541,2
4337,B64-X55,26.5,0.00694927,2
4338,B64-X55,25.8,-0.024313998,2
4339,B64-X55,26.3,0.017355085,2
4340,B64-X55,25.8,-0.017385257,2
4341,B64-X55,24.9,-0.031369815,2
4342,B64-X55,24.8,-0.003479471,2
4343,B64-X55,23.9,-0.031337047,2
4344,B64-X55,24.6,0.024347826,2
4345,B64-X55,25.3,0.024313998,2
4346,B64-X55,25.9,0.020869565,2
4347,B64-X55,26.9,0.034758429,2
4348,B64-X55,27.2,0.01047486,2
4349,B64-X55,26.2,-0.034770515,2
4350,B64-X55,26,-0.006961364,2
4351,B64-X55,26.5,0.017391304,2
4352,B64-X55,27,0.017409471,2
4353,B64-X55,27,0,2
4371,B64-X56,0,#VALUE!,0
4372,B64-X56,0.65,0.053497942,0
4373,B64-X56,0.66,0.000351494,0
4374,B64-X56,0.59,-0.002422145,0
4375,B64-X56,0.61,0.000699301,0
4376,B64-X56,0.63,0.000696864,0
4377,B64-X56,0.68,0.001766784,0
4378,B64-X56,0.62,-0.002083333,0
4379,B64-X56,0.62,0,0
4380,B64-X56,0.51,-0.00384481,0
4381,B64-X56,0.52,0.00034904,0
4382,B64-X56,0.36,-0.005596362,0
4383,B64-X56,0.8,0.018916595,0
4384,B64-X56,0.9,0.003471017,0
4385,B64-X56,2.7,0.187695516,1
4386,B64-X56,4.5,0.191082803,1
4387,B64-X56,5.6,0.114583333,1
4388,B64-X56,7.3,0.178571429,1
4389,B64-X56,8.8,0.155279503,1
4390,B64-X56,9.6,0.083682008,1
4391,B64-X56,10.6,0.105485232,1
4392,B64-X56,11,0.041450777,1
4393,B64-X56,12.6,0.169133192,1
4394,B64-X56,14.2,0.169133192,1
4395,B64-X56,15.3,0.113871636,1
4396,B64-X56,16.7,0.147991543,1
4397,B64-X56,17.7,0.105932203,1
4398,B64-X56,18.8,0.116772824,1
4399,B64-X56,20.3,0.157397692,1
4400,B64-X56,20.6,0.031512605,1
4401,B64-X56,21,0.042016807,1
4402,B64-X56,21.7,0.073529412,1
4403,B64-X56,23.3,0.166147456,1
4404,B64-X56,24.9,0.166320166,1
4405,B64-X56,25.9,0.103412616,1
4406,B64-X56,27.3,0.14507772,1
4407,B64-X56,28.5,0.12793177,1
4408,B64-X56,29.6,0.114822547,1
4409,B64-X56,30.4,0.085197018,1
4410,B64-X56,31.5,0.114822547,1
4411,B64-X56,32.6,0.115424974,1
4412,B64-X56,33.6,0.103305785,1
4413,B64-X56,34.1,0.052687039,1
4414,B64-X56,35.5,0.145379024,1
4415,B64-X56,36.6,0.115183246,1
4416,B64-X56,35.7,-0.031501575,2
4417,B64-X56,36.5,0.027700831,2
4418,B64-X56,36.8,0.010427529,2
4419,B64-X56,36.7,-0.003500175,2
4420,B64-X56,35.6,-0.038421236,2
4421,B64-X56,37,0.048611111,2
4422,B64-X56,37.2,0.006946857,2
4423,B64-X56,36.5,-0.02446697,2
4424,B64-X56,37.3,0.027864855,2
4425,B64-X56,37.2,-0.003519887,2
4426,B64-X56,37.1,-0.003519887,2
4427,B64-X56,36.1,-0.034904014,2
4428,B64-X56,37.2,0.038381019,2
4429,B64-X56,37.2,0,2
4430,B64-X56,37.2,0,2
4431,B64-X56,39,0.063113604,2
4432,B64-X56,37.8,-0.041695622,2
4433,B64-X56,37,-0.027874564,2
4434,B64-X56,39,0.069348128,2
4435,B64-X56,38.4,-0.020790021,2
4436,B64-X56,37.7,-0.024501225,2
4437,B64-X56,38.9,0.041958042,2
4438,B64-X56,37.9,-0.03471017,2
4439,B64-X56,37.1,-0.027787426,2
4440,B64-X56,38.3,0.042090495,2
4441,B64-X56,38.3,0,2
4442,B64-X56,37.2,-0.038194444,2
4443,B64-X56,38.5,0.045502275,2
4444,B64-X56,38.7,0.006968641,2
4445,B64-X56,38.5,-0.006961364,2
4446,B64-X56,38.2,-0.010449321,2
4447,B64-X56,38,-0.006922811,2
4448,B64-X56,37.4,-0.020957038,2
4449,B64-X56,38.6,0.0420021,2
4450,B64-X56,38.5,-0.003473428,2
4451,B64-X56,38.5,0,2
4452,B64-X56,38.1,-0.01397624,2
4453,B64-X56,37.9,-0.00697107,2
4454,B64-X56,38,0.003500175,2
4455,B64-X56,38.2,0.007054674,2
4456,B64-X56,38,-0.007010165,2
4457,B64-X56,38,0,2
4458,B64-X56,38,0,2
4459,B64-X56,37.9,-0.003467406,2
4460,B64-X56,36.9,-0.034758429,2
4461,B64-X56,36.7,-0.006956522,2
4462,B64-X56,36.2,-0.01767409,2
4463,B64-X56,36.5,0.010493179,2
4464,B64-X56,37.3,0.027913468,2
4465,B64-X56,37.5,0.00698812,2
4466,B64-X56,37.1,-0.014104372,2
4467,B64-X56,37.6,0.017379214,2
4468,B64-X56,37.4,-0.006951686,2
4469,B64-X56,37.2,-0.006978367,2
4470,B64-X56,37.3,0.003471017,2
4471,B64-X56,37.1,-0.006930007,2
4472,B64-X56,37,-0.003528582,2
4473,B64-X56,36.9,-0.003480682,2
4474,B64-X56,37.5,0.020739717,2
4475,B64-X56,37.7,0.006975933,2
4476,B64-X56,37.2,-0.017355085,2
4477,B64-X56,37.2,0,2
4478,B64-X56,37,-0.006944444,2
4479,B64-X56,36.4,-0.020891365,2
4480,B64-X56,36,-0.013831259,2
4481,B64-X56,35.7,-0.010471204,3
4482,B64-X56,34.8,-0.031141869,3
4483,B64-X56,33.6,-0.042075736,3
4484,B64-X56,32.6,-0.03511236,3
4485,B64-X56,31.9,-0.024621878,3
4486,B64-X56,31.6,-0.010548523,3
4487,B64-X56,31.5,-0.003512469,3
4488,B64-X56,31.5,0,3
4489,B64-X56,31.6,0.003423485,3
4490,B64-X56,31.6,0,3
4491,B64-X56,31.5,-0.005701254,3
4492,B64-X56,31.6,0.01,3
4516,B64-X58,0,#VALUE!,0
4517,B64-X58,0.33,0.062857143,0
4518,B64-X58,0.3,-0.001047486,0
4519,B64-X58,0.27,-0.001047486,0
4520,B64-X58,0.25,-0.00069979,0
4521,B64-X58,0.24,-0.000348311,0
4522,B64-X58,0.21,-0.001051525,0
4523,B64-X58,0.27,0.002098636,0
4524,B64-X58,0.25,-0.00070028,0
4525,B64-X58,0.4,0.008333333,0
4526,B64-X58,0.5,0.006464124,0
4527,B64-X58,0.6,0.003479471,0
4528,B64-X58,0.7,0.003477051,0
4529,B64-X58,0.7,0,0
4530,B64-X58,0.8,0.003471017,0
4531,B64-X58,0.6,-0.006954103,0
4532,B64-X58,0.6,0,0
4533,B64-X58,0.8,0.006954103,0
4534,B64-X58,0.8,0,0
4535,B64-X58,0.6,-0.006973501,0
4536,B64-X58,0.6,0,0
4537,B64-X58,0.7,0.003481894,0
4538,B64-X58,1,0.010420285,0
4539,B64-X58,1,0,0
4540,B64-X58,0.8,-0.00694927,0
4541,B64-X58,1.2,0.013917884,0
4542,B64-X58,1.5,0.010420285,0
4543,B64-X58,1.3,-0.00694927,0
4544,B64-X58,1.2,-0.003477051,0
4545,B64-X58,1.9,0.024398745,0
4546,B64-X58,6.9,0.173731758,1
4547,B64-X58,11.1,0.145934677,1
4548,B64-X58,14.7,0.12565445,1
4549,B64-X58,18.4,0.128695652,1
4550,B64-X58,22.8,0.152937087,1
4551,B64-X58,26,0.111304348,1
4552,B64-X58,27,0.034758429,1
4553,B64-X58,28.6,0.05576856,2
4554,B64-X58,28.5,-0.003483107,2
4555,B64-X58,28.3,-0.006946857,2
4556,B64-X58,28.2,-0.003489184,2
4557,B64-X58,28.4,0.006963788,2
4558,B64-X58,28.8,0.013956734,2
4559,B64-X58,28.9,0.003480682,2
4560,B64-X58,28.5,-0.013893713,2
4561,B64-X58,28.4,-0.003485535,2
4562,B64-X58,29.1,0.024305556,2
4563,B64-X58,27.4,-0.059068798,2
4564,B64-X58,27.3,-0.003474635,2
4565,B64-X58,27.1,-0.006946857,2
4566,B64-X58,27.3,0.006958942,2
4567,B64-X58,27.7,0.013908206,2
4568,B64-X58,27.9,0.006961364,2
4569,B64-X58,28.1,0.006956522,2
4570,B64-X58,28,-0.003477051,2
4571,B64-X58,28.3,0.010438413,2
4572,B64-X58,28.4,0.003484321,2
4573,B64-X58,27.1,-0.045201669,2
4574,B64-X58,26.6,-0.017367141,2
4575,B64-X58,26.1,-0.017397356,2
4576,B64-X58,26.1,0,2
4577,B64-X58,26.4,0.010423905,2
4578,B64-X58,26.3,-0.003475843,2
4579,B64-X58,25.9,-0.013908206,2
4580,B64-X58,26,0.003473428,2
4581,B64-X58,25.9,-0.003478261,2
4582,B64-X58,25.7,-0.006951686,2
4583,B64-X58,25.7,0,2
4584,B64-X58,25.5,-0.006951686,2
4585,B64-X58,25,-0.017415535,2
4586,B64-X58,24.9,-0.003474635,2
4587,B64-X58,24.5,-0.013898541,2
4588,B64-X58,24.8,0.010420285,2
4589,B64-X58,24.2,-0.020826102,2
4590,B64-X58,24.6,0.013908206,2
4591,B64-X58,24.7,0.003485535,2
4592,B64-X58,24.1,-0.020876827,2
4593,B64-X58,26.5,0.08356546,2
4594,B64-X58,27.9,0.048695652,2
4595,B64-X58,26.9,-0.034734283,2
4596,B64-X58,26.2,-0.024347826,2
4597,B64-X58,24.9,-0.045185958,2
4598,B64-X58,25.9,0.034916201,2
4599,B64-X58,25.8,-0.003477051,2
4600,B64-X58,25.5,-0.010442047,2
4601,B64-X58,25.3,-0.006956522,2
4602,B64-X58,26.2,0.031304348,2
4603,B64-X58,27.4,0.041797283,2
4604,B64-X58,28,0.020942408,2
4605,B64-X58,28.6,0.020876827,2
4606,B64-X58,29,0.014897579,2
4622,B64-X60,0,#VALUE!,0
4623,B64-X60,0.5,0.025329281,0
4624,B64-X60,0.5,0,0
4625,B64-X60,0.5,0,0
4626,B64-X60,0.7,0.007117438,0
4627,B64-X60,0.7,0,0
4628,B64-X60,0.6,-0.003481894,0
4629,B64-X60,0.9,0.010427529,0
4630,B64-X60,0.9,0,0
4631,B64-X60,1.5,0.061538462,1
4632,B64-X60,2.3,0.082987552,1
4633,B64-X60,2.9,0.06204757,1
4634,B64-X60,4.1,0.126182965,1
4635,B64-X60,5.1,0.106837607,1
4636,B64-X60,6.6,0.157232704,1
4637,B64-X60,7.6,0.104931794,1
4638,B64-X60,9.2,0.168067227,1
4639,B64-X60,10.9,0.179514256,1
4640,B64-X60,12,0.115546218,1
4641,B64-X60,13.9,0.195473251,1
4642,B64-X60,15.8,0.197710718,1
4643,B64-X60,16.9,0.116156283,1
4644,B64-X60,18.4,0.1565762,1
4645,B64-X60,19.9,0.158227848,1
4646,B64-X60,20.9,0.104931794,1
4647,B64-X60,22.5,0.169671262,1
4648,B64-X60,24.1,0.169133192,1
4649,B64-X60,25.1,0.105042017,1
4650,B64-X60,26.6,0.157563025,1
4651,B64-X60,28,0.146596859,1
4652,B64-X60,29.1,0.115424974,1
4653,B64-X60,31,0.197916667,1
4654,B64-X60,32.6,0.168776371,1
4655,B64-X60,33.5,0.093360996,1
4656,B64-X60,35.3,0.187304891,1
4657,B64-X60,36.7,0.147058824,1
4658,B64-X60,37.7,0.102669405,1
4659,B64-X60,39.3,0.166320166,1
4660,B64-X60,40.2,0.093457944,2
4661,B64-X60,40.4,0.020790021,2
4662,B64-X60,40.5,0.003462604,2
4663,B64-X60,39.7,-0.027710426,2
4664,B64-X60,40.1,0.013850416,2
4665,B64-X60,40,-0.005624297,2
4666,B64-X60,39,-0.034952814,2
4667,B64-X60,42.3,0.115344285,2
4668,B64-X60,42.3,0,2
4669,B64-X60,42.2,-0.003571429,2
4670,B64-X60,42.1,-0.003502627,2
4671,B64-X60,42.7,0.021023125,2
4672,B64-X60,42.6,-0.003514938,2
4673,B64-X60,43.1,0.017464198,2
4674,B64-X60,43.1,0,2
4675,B64-X60,43.1,0,2
4676,B64-X60,42.8,-0.010471204,2
4677,B64-X60,42.2,-0.020891365,2
4678,B64-X60,41.7,-0.017507003,2
4679,B64-X60,43.5,0.06265228,2
4680,B64-X60,42.9,-0.021208908,2
4681,B64-X60,42.7,-0.007002801,2
4682,B64-X60,42.2,-0.017421603,2
4683,B64-X60,42.6,0.013937282,2
4684,B64-X60,42.3,-0.01048218,2
4685,B64-X60,41.9,-0.013884068,2
4686,B64-X60,43.6,0.059192201,2
4687,B64-X60,43.2,-0.014005602,2
4688,B64-X60,42.7,-0.017488632,2
4689,B64-X60,42.8,0.003469813,2
4690,B64-X60,42.9,0.003471017,2
4691,B64-X60,42.4,-0.017367141,2
4692,B64-X60,42.1,-0.010449321,2
4693,B64-X60,41.9,-0.007005254,2
4694,B64-X60,41.3,-0.020876827,2
4695,B64-X60,42.1,0.027932961,2
4696,B64-X60,42.8,0.024509804,2
4697,B64-X60,43,0.006927607,2
4698,B64-X60,43.2,0.006963788,2
4699,B64-X60,42.7,-0.017253278,2
4700,B64-X60,42.5,-0.007027407,2
4701,B64-X60,43.1,0.021030494,2
4702,B64-X60,43.7,0.020927799,2
4703,B64-X60,43.6,-0.003472222,2
4704,B64-X60,43.7,0.003501401,2
4705,B64-X60,42,-0.05979599,2
4706,B64-X60,42.1,0.003471017,2
4707,B64-X60,41.9,-0.00694927,2
4708,B64-X60,41.9,0,2
4709,B64-X60,42,0.003479471,2
4710,B64-X60,42.3,0.01048951,2
4711,B64-X60,42.6,0.010413051,2
4712,B64-X60,41.7,-0.031304348,2
4713,B64-X60,42.2,0.017313019,2
4714,B64-X60,42.2,0,2
4715,B64-X60,42.9,0.024552788,2
4716,B64-X60,41,-0.066807314,2
4717,B64-X60,41.5,0.017531557,2
4718,B64-X60,41.9,0.013888889,2
4719,B64-X60,42.4,0.017488632,2
4720,B64-X60,43,0.021111893,2
4721,B64-X60,41.3,-0.05946135,2
4722,B64-X60,41.5,0.00697107,2
4723,B64-X60,41.8,0.010413051,2
4724,B64-X60,42.3,0.017391304,2
4725,B64-X60,42.2,-0.003508772,2
4726,B64-X60,42.5,0.01056338,2
4727,B64-X60,40.4,-0.07253886,2
4728,B64-X60,41.1,0.024604569,2
4729,B64-X60,41.2,0.00349284,2
4730,B64-X60,41,-0.007020007,2
4731,B64-X60,41.5,0.017513135,2
4732,B64-X60,42.2,0.023997257,2
4733,B64-X60,42.5,0.01048951,2
4734,B64-X60,40.7,-0.06300315,3
4735,B64-X60,38.8,-0.066972154,3
4736,B64-X60,39,0.007017544,3
4737,B64-X60,37.1,-0.066387142,3
4738,B64-X60,37.1,0,3
4739,B64-X60,35.5,-0.0552868,3
4740,B64-X60,35.6,0.003487967,3
4741,B64-X60,35.5,-0.003484321,3
4742,B64-X60,35.3,-0.006961364,3
4743,B64-X60,35.4,0.00349162,3
4744,B64-X60,35.7,0.010608204,3
4745,B64-X60,35.9,0.0070497,3
4746,B64-X60,36.1,0.007099752,3
4747,B64-X60,36.2,0.003552398,3
4748,B64-X60,36.2,0,3
4749,B64-X60,36.3,0.004506534,3
4771,B64-X65,0,#VALUE!,0
4772,B64-X65,0.37,0.034938621,0
4773,B64-X65,0.33,-0.001396648,0
4774,B64-X65,0.16,-0.005948216,0
4775,B64-X65,0.36,0.006966214,0
4776,B64-X65,0.32,-0.001402033,0
4777,B64-X65,0.52,0.006995453,0
4778,B64-X65,0.48,-0.00140056,0
4779,B64-X65,0.42,-0.002790698,0
4780,B64-X65,0.4,-0.002936858,0
4781,B64-X65,0.3,-0.003479471,0
4782,B64-X65,0.3,0,0
4783,B64-X65,0.3,0,0
4784,B64-X65,0.4,0.003478261,0
4785,B64-X65,0.2,-0.006954103,0
4786,B64-X65,0.1,-0.003484321,0
4787,B64-X65,0.5,0.013898541,0
4788,B64-X65,1.2,0.024398745,0
4789,B64-X65,1.1,-0.003474635,0
4790,B64-X65,1.1,0,0
4791,B64-X65,1.2,0.003475843,0
4792,B64-X65,1,-0.006966214,0
4793,B64-X65,1.2,0.006966214,0
4794,B64-X65,1.6,0.013932428,0
4795,B64-X65,1.7,0.003480682,0
4796,B64-X65,1.7,0,0
4797,B64-X65,1.6,-0.003479471,0
4798,B64-X65,1.6,0,0
4799,B64-X65,1.7,0.003474635,0
4800,B64-X65,1.4,-0.010452962,0
4801,B64-X65,1.3,-0.003483107,0
4802,B64-X65,1.5,0.006961364,0
4803,B64-X65,1.5,0,0
4804,B64-X65,1.2,-0.010438413,0
4805,B64-X65,1.2,0,0
4806,B64-X65,1.3,0.003473428,0
4807,B64-X65,1.2,-0.003483107,0
4808,B64-X65,1.5,0.010452962,0
4809,B64-X65,1.4,-0.003473428,0
4810,B64-X65,1.4,0,0
4811,B64-X65,1.4,0,0
4812,B64-X65,1.4,0,0
4813,B64-X65,1,-0.013908206,0
4814,B64-X65,1.8,0.027797081,0
4815,B64-X65,1.7,-0.003478261,0
4816,B64-X65,1.8,0.003474635,0
4817,B64-X65,2.2,0.013917884,0
4818,B64-X65,2.4,0.00694927,0
4819,B64-X65,2.2,-0.00694927,0
4820,B64-X65,2.4,0.006956522,0
4821,B64-X65,2.3,-0.003472222,0
4822,B64-X65,2.2,-0.003475843,0
4823,B64-X65,0.9,-0.04528039,0
4824,B64-X65,0.5,-0.013884068,0
4825,B64-X65,0.9,0.013893713,0
4826,B64-X65,1.2,0.0104639,0
4827,B64-X65,4.3,0.107788595,1
4828,B64-X65,8.8,0.156521739,1
4829,B64-X65,11.3,0.086896072,1
4830,B64-X65,14,0.094043887,1
4831,B64-X65,13.1,-0.031304348,1
4832,B64-X65,14.6,0.052192067,1
4833,B64-X65,15.3,0.024305556,1
4834,B64-X65,14.5,-0.027816412,2
4835,B64-X65,14.5,0,2
4836,B64-X65,14.2,-0.010423905,2
4837,B64-X65,13.7,-0.017409471,2
4838,B64-X65,13.4,-0.010423905,2
4839,B64-X65,13.2,-0.006956522,2
4840,B64-X65,12.9,-0.0104639,2
4841,B64-X65,13,0.00348675,2
4842,B64-X65,12.7,-0.010456605,2
4843,B64-X65,11.3,-0.048695652,3
4844,B64-X65,8.7,-0.090309135,3
4845,B64-X65,6.5,-0.076762038,3
4846,B64-X65,5.2,-0.045217391,3
4847,B64-X65,3.1,-0.073043478,3
4848,B64-X65,2.8,-0.010427529,3
4849,B64-X65,3,0.006961364,3
4850,B64-X65,2.6,-0.013937282,3
4851,B64-X65,2.1,-0.017403411,3
4852,B64-X65,1.9,-0.006963788,3
4853,B64-X65,1.9,0,3
4854,B64-X65,1.7,-0.006951686,3
4855,B64-X65,2.1,0.013908206,3
4856,B64-X65,2.1,0,3
4857,B64-X65,2.1,0,3
4877,B64-X67,0,#VALUE!,0
4878,B64-X67,0.2,0.010775862,0
4879,B64-X67,0.2,0,0
4880,B64-X67,0.2,0,0
4881,B64-X67,0.3,0.003597122,0
4882,B64-X67,0.3,0,0
4883,B64-X67,0.9,0.021413276,0
4884,B64-X67,1.8,0.09483667,1
4885,B64-X67,2.9,0.115424974,1
4886,B64-X67,4.2,0.134297521,1
4887,B64-X67,5.3,0.115303983,1
4888,B64-X67,6.1,0.084033613,1
4889,B64-X67,7.3,0.127118644,1
4890,B64-X67,8.2,0.092879257,1
4891,B64-X67,9.1,0.092687951,1
4892,B64-X67,10,0.096051227,1
4893,B64-X67,11.1,0.11627907,1
4894,B64-X67,12.6,0.157232704,1
4895,B64-X67,13.7,0.116772824,1
4896,B64-X67,15.5,0.18887723,1
4897,B64-X67,17.3,0.187891441,1
4898,B64-X67,18.4,0.113285273,1
4899,B64-X67,19.8,0.147835269,1
4900,B64-X67,21,0.124740125,1
4901,B64-X67,22.1,0.115183246,1
4902,B64-X67,23.3,0.124481328,1
4903,B64-X67,24.6,0.137420719,1
4904,B64-X67,25.6,0.104821803,1
4905,B64-X67,27.4,0.188679245,1
4906,B64-X67,28.8,0.145530146,1
4907,B64-X67,29.4,0.0625,1
4908,B64-X67,31,0.167189133,1
4909,B64-X67,32.1,0.113871636,1
4910,B64-X67,33.4,0.135557873,1
4911,B64-X67,34.6,0.124481328,1
4912,B64-X67,35.6,0.10460251,1
4913,B64-X67,36.1,0.052301255,1
4914,B64-X67,37.8,0.175619835,1
4915,B64-X67,39.3,0.157397692,1
4916,B64-X67,40.4,0.11627907,1
4917,B64-X67,41.8,0.148148148,1
4918,B64-X67,43,0.126984127,1
4919,B64-X67,42.5,-0.052465897,2
4920,B64-X67,42.3,-0.020790021,2
4921,B64-X67,42.5,0.020725389,2
4922,B64-X67,42.5,0,2
4923,B64-X67,42.1,-0.033585223,2
4924,B64-X67,41.7,-0.013888889,2
4925,B64-X67,41.8,0.003500175,2
4926,B64-X67,41.8,0,2
4927,B64-X67,41.8,0,2
4928,B64-X67,42,0.007044734,2
4929,B64-X67,42.2,0.006918021,2
4930,B64-X67,41.8,-0.013927577,2
4931,B64-X67,41.6,-0.007052186,2
4932,B64-X67,41.4,-0.00691085,2
4933,B64-X67,41.2,-0.006932409,2
4934,B64-X67,38.4,-0.098176718,2
4935,B64-X67,38.7,0.010420285,2
4936,B64-X67,40,0.045154568,2
4937,B64-X67,41.6,0.0560028,2
4938,B64-X67,41.4,-0.006958942,2
4939,B64-X67,41.5,0.003487967,2
4940,B64-X67,42.6,0.038234272,2
4941,B64-X67,42.7,0.003484321,2
4942,B64-X67,43.2,0.017385257,2
4943,B64-X67,43.3,0.003497726,2
4944,B64-X67,43.4,0.003481894,2
4945,B64-X67,43.5,0.003502627,2
4946,B64-X67,41.8,-0.059357542,2
4947,B64-X67,42,0.007039775,2
4948,B64-X67,41.7,-0.010530011,2
4949,B64-X67,42.2,0.017562346,2
4950,B64-X67,42,-0.006946857,2
4951,B64-X67,42.2,0.007087172,2
4952,B64-X67,41.6,-0.020979021,2
4953,B64-X67,41.6,0,2
4954,B64-X67,40.8,-0.027913468,2
4955,B64-X67,39.9,-0.031369815,2
4956,B64-X67,40.9,0.034952814,2
4957,B64-X67,40.6,-0.010298661,2
4958,B64-X67,40.3,-0.010485844,2
4959,B64-X67,40.3,0,2
4960,B64-X67,41.3,0.034602076,2
4961,B64-X67,42.6,0.044920525,2
4962,B64-X67,43.3,0.024088094,2
4963,B64-X67,43.6,0.015665796,2
4964,B64-X67,44.3,0.038230475,2
4965,B64-X67,44.2,-0.00348675,2
4966,B64-X67,43.2,-0.034867503,2
4967,B64-X67,42.1,-0.038234272,2
4968,B64-X67,41.7,-0.014005602,2
4969,B64-X67,41.1,-0.021052632,2
4970,B64-X67,40.9,-0.007010165,2
4971,B64-X67,40.9,0,2
4972,B64-X67,40.8,-0.003507541,2
4973,B64-X67,40.6,-0.00694927,2
4974,B64-X67,40.5,-0.003461405,2
4975,B64-X67,41,0.017531557,2
4976,B64-X67,41.8,0.0276434,2
4977,B64-X67,42.6,0.028070175,2
4978,B64-X67,42.9,0.01047486,2
4979,B64-X67,41.1,-0.062849162,2
4980,B64-X67,42.3,0.041710115,2
4981,B64-X67,42,-0.010507881,2
4982,B64-X67,41.3,-0.024424285,2
4983,B64-X67,41.4,0.00336587,2
4984,B64-X67,40.9,-0.017355085,2
4985,B64-X67,40.8,-0.003500175,2
4986,B64-X67,40.8,0,2
4987,B64-X67,40.3,-0.017488632,2
4988,B64-X67,41.7,0.048951049,2
4989,B64-X67,41.3,-0.013995801,2
4990,B64-X67,42.3,0.034916201,2
4991,B64-X67,42.6,0.01056338,2
4992,B64-X67,43,0.014040014,2
4993,B64-X67,43.2,0.006980803,2
4994,B64-X67,43.2,0,2
4995,B64-X67,43,-0.006966214,2
4996,B64-X67,42.7,-0.010518934,2
4997,B64-X67,42.4,-0.010362694,2
4998,B64-X67,41.6,-0.027991603,2
4999,B64-X67,42.4,0.027952481,2
5000,B64-X67,42,-0.013971359,2
5001,B64-X67,41.6,-0.013932428,2
5002,B64-X67,41,-0.021023125,2
5003,B64-X67,40.9,-0.00348675,2
5004,B64-X67,40.6,-0.01054111,2
5005,B64-X67,40.3,-0.010515247,2
5006,B64-X67,40.5,0.007012623,2
5007,B64-X67,40.7,0.007024939,2
5008,B64-X67,41,0.010442047,2
5009,B64-X67,41.3,0.010467551,2
5010,B64-X67,41.4,0.003477051,2
5011,B64-X67,41.5,0.004201681,2
5012,B64-X67,41.5,0,2
5031,B64-X69,0,#VALUE!,0
5032,B64-X69,0.4,0.013481631,0
5033,B64-X69,0.9,0.016972166,0
5034,B64-X69,0.7,-0.007094714,0
5035,B64-X69,0.6,-0.003558719,0
5036,B64-X69,1.3,0.025125628,0
5037,B64-X69,1.2,-0.003617945,0
5038,B64-X69,1.2,0,0
5039,B64-X69,1.4,0.007215007,0
5040,B64-X69,1.5,0.003473428,0
5041,B64-X69,1.7,0.00694927,0
5042,B64-X69,1.7,0,0
5043,B64-X69,1.27,-0.014802065,0
5044,B64-X69,1.33,0.002084057,0
5045,B64-X69,1.39,0.002091321,0
5046,B64-X69,1.45,0.002085506,0
5047,B64-X69,1.68,0.007975035,0
5048,B64-X69,1.89,0.007337526,0
5049,B64-X69,3.21,0.045993031,1
5050,B64-X69,4.64,0.148958333,1
5051,B64-X69,6.1,0.153039832,1
5052,B64-X69,7.51,0.145962733,1
5053,B64-X69,8.97,0.151767152,1
5054,B64-X69,10.58,0.167708333,1
5055,B64-X69,11.91,0.137823834,1
5056,B64-X69,13.27,0.140641158,1
5057,B64-X69,14.79,0.159496327,1
5058,B64-X69,16,0.126967471,1
5059,B64-X69,17.49,0.154404145,1
5060,B64-X69,19.09,0.166147456,1
5061,B64-X69,20.48,0.146008403,1
5062,B64-X69,22.08,0.166147456,1
5063,B64-X69,23.65,0.162863071,1
5064,B64-X69,25.05,0.147368421,1
5065,B64-X69,26.69,0.169948187,1
5066,B64-X69,28.41,0.18220339,1
5067,B64-X69,29.97,0.16542948,1
5068,B64-X69,31.21,0.129571578,1
5069,B64-X69,32.45,0.129436326,1
5070,B64-X69,33.71,0.130569948,1
5071,B64-X69,37.22,0.121875,1
5072,B64-X69,38.32,0.038650738,2
5073,B64-X69,38.1,-0.007646854,2
5074,B64-X69,38.03,-0.002434783,2
5075,B64-X69,38.01,-0.000695169,2
5076,B64-X69,35.82,-0.07609451,2
5077,B64-X69,35.59,-0.007963989,2
5078,B64-X69,35.4,-0.00657212,2
5079,B64-X69,35.24,-0.00554785,2
5080,B64-X69,34.98,-0.009021513,2
5081,B64-X69,34.75,-0.008064516,2
5082,B64-X69,34.54,-0.007301808,2
5083,B64-X69,34.12,-0.01406564,2
5084,B64-X69,33.76,-0.012486993,2
5085,B64-X69,33.4,-0.012521739,2
5086,B64-X69,34.37,0.033598892,2
5087,B64-X69,35.38,0.034923928,2
5088,B64-X69,35.64,0.008974802,2
5089,B64-X69,35.91,0.009319986,2
5090,B64-X69,36.17,0.008959338,2
5091,B64-X69,36.61,0.01532567,2
5092,B64-X69,37.05,0.015299026,2
5093,B64-X69,37.01,-0.001386482,2
5094,B64-X69,36.96,-0.00174216,2
5095,B64-X69,37.12,0.005522955,2
5096,B64-X69,37.21,0.003109883,2
5097,B64-X69,37.4,0.006617903,2
5098,B64-X69,38.14,0.025596679,2
5099,B64-X69,38.87,0.025364837,2
5100,B64-X69,37.03,-0.064044553,2
5101,B64-X69,36.08,-0.033043478,2
5102,B64-X69,36.37,0.010020733,2
5103,B64-X69,36.74,0.012802768,2
5104,B64-X69,37.23,0.017037552,2
5105,B64-X69,37.88,0.022522523,2
5106,B64-X69,36.78,-0.038049118,2
5107,B64-X69,35.24,-0.053398058,2
5108,B64-X69,35.55,0.010782609,2
5109,B64-X69,36.34,0.027288428,2
5110,B64-X69,36.91,0.01980542,2
5111,B64-X69,37.35,0.015235457,2
5112,B64-X69,36.2,-0.039764869,2
5113,B64-X69,36.82,0.021505376,2
5114,B64-X69,37.44,0.021565217,2
5115,B64-X69,38.96,0.05290637,2
5116,B64-X69,36.61,-0.081343025,2
5117,B64-X69,36.3,-0.010775113,2
5118,B64-X69,36.21,-0.003102378,2
5119,B64-X69,36.12,-0.003121748,2
5120,B64-X69,35.71,-0.014196676,2
5121,B64-X69,35.29,-0.014507772,2
5122,B64-X69,35.95,0.022813688,2
5123,B64-X69,35.82,-0.004520167,2
5124,B64-X69,35.07,-0.026014568,2
5125,B64-X69,34.19,-0.030640669,3
5126,B64-X69,33.3,-0.030817175,3
5127,B64-X69,32.67,-0.021791768,3
5128,B64-X69,32.04,-0.021890202,3
5129,B64-X69,30.55,-0.05153926,3
5130,B64-X69,29.05,-0.052246604,3
5131,B64-X69,27.42,-0.056557946,3
5132,B64-X69,25.62,-0.062283737,3
5133,B64-X69,25.57,-0.001725923,3
5134,B64-X69,24.96,-0.021041739,3
5135,B64-X69,23.73,-0.043006993,3
5136,B64-X69,22.5,-0.042487047,3
5137,B64-X69,22.32,-0.006237006,3
5138,B64-X69,22.66,0.011863224,3
5139,B64-X69,22.98,0.011099549,3
5140,B64-X69,22.63,-0.012135922,3
5141,B64-X69,22.55,-0.004104669,3
5142,B64-X69,22.52,-0.003325942,3
5143,B64-X69,22.28,-0.008278717,3
5144,B64-X69,22.46,0.006287111,3
5145,B64-X69,22.5,0.001389854,3
5146,B64-X69,22.87,0.012878524,3
5147,B64-X69,23.23,0.012452439,3
5148,B64-X69,23.68,0.015630427,3
5149,B64-X69,23.99,0.01077886,3
5150,B64-X69,24.48,0.025115325,3
5151,B64-X69,24.48,0,3
5176,B64-X76,0,#VALUE!,0
5177,B64-X76,0.31,0.010402685,0
5178,B64-X76,0.26,-0.001712329,0
5179,B64-X76,0.57,0.010790115,0
5180,B64-X76,0.62,0.001803101,0
5181,B64-X76,0.57,-0.001801153,0
5182,B64-X76,0.42,-0.005411255,0
5183,B64-X76,0.26,-0.005734767,0
5184,B64-X76,0.4,0.005010737,0
5185,B64-X76,0.53,0.004487401,0
5186,B64-X76,1.54,0.034972299,0
5187,B64-X76,1.5,-0.001764446,0
5188,B64-X76,1.52,0.000770713,0
5189,B64-X76,1.54,0.001037344,0
5190,B64-X76,1.49,-0.001731302,0
5191,B64-X76,1.44,-0.001728907,0
5192,B64-X76,1.41,-0.001038422,0
5193,B64-X76,1.46,0.001723544,0
5194,B64-X76,1.51,0.00172831,0
5195,B64-X76,1.54,0.001039141,0
5196,B64-X76,1.53,-0.00034904,0
5197,B64-X76,1.54,0.000347343,0
5198,B64-X76,1.72,0.006232687,0
5199,B64-X76,1.89,0.005896635,0
5200,B64-X76,1.49,-0.013893713,0
5201,B64-X76,2.91,0.073689673,1
5202,B64-X76,4.48,0.162694301,1
5203,B64-X76,5.8,0.137643379,1
5204,B64-X76,7.15,0.141509434,1
5205,B64-X76,8.39,0.129032258,1
5206,B64-X76,9.78,0.14389234,1
5207,B64-X76,11.13,0.142105263,1
5208,B64-X76,12.64,0.156801661,1
5209,B64-X76,14.25,0.168410042,1
5210,B64-X76,15.87,0.168049793,1
5211,B64-X76,17.45,0.160081054,1
5212,B64-X76,19.19,0.174523571,1
5213,B64-X76,20.88,0.170534813,1
5214,B64-X76,22.46,0.165618449,1
5215,B64-X76,23.75,0.133264463,1
5216,B64-X76,24.97,0.126163392,1
5217,B64-X76,26.24,0.131334023,1
5218,B64-X76,26.81,0.019798541,1
5219,B64-X76,28.92,0.073187652,1
5220,B64-X76,28.72,-0.006944444,2
5221,B64-X76,28.52,-0.006973501,2
5222,B64-X76,28.02,-0.017331023,2
5223,B64-X76,27.51,-0.017653167,2
5224,B64-X76,27.28,-0.007952974,2
5225,B64-X76,27.03,-0.008680556,2
5226,B64-X76,26.9,-0.004513889,2
5227,B64-X76,26.76,-0.004867872,2
5228,B64-X76,25.97,-0.027526132,2
5229,B64-X76,27.86,0.065693431,2
5230,B64-X76,27.33,-0.018294788,2
5231,B64-X76,29.36,0.070193638,2
5232,B64-X76,29.14,-0.007636237,2
5233,B64-X76,28.87,-0.009090909,2
5234,B64-X76,30.15,0.044661549,2
5235,B64-X76,29.65,-0.017343045,2
5236,B64-X76,29.14,-0.017863398,2
5237,B64-X76,29.72,0.020048393,2
5238,B64-X76,30.32,0.020891365,2
5239,B64-X76,30.23,-0.003123915,2
5240,B64-X76,30.19,-0.001385042,2
5241,B64-X76,30.67,0.016632017,2
5242,B64-X76,30.76,0.003116343,2
5243,B64-X76,30.85,0.003117423,2
5244,B64-X76,30.59,-0.008981002,2
5245,B64-X76,31.16,0.019860627,2
5246,B64-X76,30.89,-0.009345794,2
5247,B64-X76,30.98,0.003122831,2
5248,B64-X76,30.59,-0.013555787,2
5249,B64-X76,30.28,-0.010756419,2
5250,B64-X76,30.37,0.003106662,2
5251,B64-X76,29.88,-0.016914049,2
5252,B64-X76,29.4,-0.016603251,2
5253,B64-X76,29.53,0.004501385,2
5254,B64-X76,30.1,0.019819193,2
5255,B64-X76,29.62,-0.016620499,2
5256,B64-X76,29.09,-0.018320083,2
5257,B64-X76,27.77,-0.046137714,3
5258,B64-X76,25.93,-0.063844552,3
5259,B64-X76,26.89,0.033240997,3
5260,B64-X76,28.87,0.068559557,3
5261,B64-X76,28.81,-0.002071108,3
5262,B64-X76,28.7,-0.003798343,3
5263,B64-X76,28.3,-0.013947001,3
5264,B64-X76,27.42,-0.030587417,3
5265,B64-X76,26.54,-0.030439294,3
5266,B64-X76,25.66,-0.030460367,3
5267,B64-X76,25.71,0.001732502,3
5268,B64-X76,25.75,0.001383126,3
5269,B64-X76,24.19,-0.054223149,3
5270,B64-X76,22.63,-0.053960567,3
5271,B64-X76,20.13,-0.086926287,3
5272,B64-X76,20.43,0.010348396,3
5273,B64-X76,21.09,0.022940563,3
5274,B64-X76,20.3,-0.027487822,3
5275,B64-X76,18.24,-0.07130495,3
5276,B64-X76,18.37,0.004509192,3
5277,B64-X76,19.56,0.041119558,3
5278,B64-X76,18.59,-0.033517623,3
5279,B64-X76,17.93,-0.022813688,3
5280,B64-X76,17.75,-0.006213324,3
5281,B64-X76,17.72,-0.004934211,3
5282,B64-X76,17.62,-0.004403347,3
5283,B64-X76,17.5,-0.004137931,3
5284,B64-X76,17.36,-0.005231689,3
5285,B64-X76,17.36,0,3
5307,B64-X79,0,#VALUE!,0
5308,B64-X79,0.18,0.006040268,0
5309,B64-X79,0.09,-0.003082192,0
5310,B64-X79,0.7,0.021232162,0
5311,B64-X79,0.7,0,0
5312,B64-X79,0.75,0.001801153,0
5313,B64-X79,0.77,0.000721501,0
5314,B64-X79,0.79,0.000716846,0
5315,B64-X79,0.82,0.001073729,0
5316,B64-X79,0.88,0.002071108,0
5317,B64-X79,0.83,-0.001731302,0
5318,B64-X79,0.82,-0.000789266,0
5319,B64-X79,0.44,-0.014388489,0
5320,B64-X79,2.11,0.087024492,1
5321,B64-X79,3.6,0.154724818,1
5322,B64-X79,5.09,0.154244306,1
5323,B64-X79,6.56,0.152489627,1
5324,B64-X79,8,0.150313152,1
5325,B64-X79,9.43,0.14911366,1
5326,B64-X79,10.86,0.148033126,1
5327,B64-X79,12.26,0.144777663,1
5328,B64-X79,13.69,0.148186528,1
5329,B64-X79,15.13,0.14953271,1
5330,B64-X79,16.57,0.149843913,1
5331,B64-X79,18.29,0.17805383,1
5332,B64-X79,20.12,0.189834025,1
5333,B64-X79,21.75,0.167868177,1
5334,B64-X79,23.29,0.159585492,1
5335,B64-X79,24.84,0.15995872,1
5336,B64-X79,26.37,0.159541189,1
5337,B64-X79,27.85,0.153686397,1
5338,B64-X79,29.33,0.153526971,1
5339,B64-X79,30.81,0.154166667,1
5340,B64-X79,32.36,0.15995872,1
5341,B64-X79,33.93,0.167199148,1
5342,B64-X79,35.51,0.165099269,1
5343,B64-X79,35.27,-0.008336228,1
5344,B64-X79,35.02,-0.00865651,1
5345,B64-X79,37.35,0.080818592,2
5346,B64-X79,37.09,-0.009030914,2
5347,B64-X79,37.18,0.003112033,2
5348,B64-X79,37.31,0.004523312,2
5349,B64-X79,37.44,0.004515457,2
5350,B64-X79,37.4,-0.001385521,2
5351,B64-X79,37.35,-0.001688049,2
5352,B64-X79,37.27,-0.00275672,2
5353,B64-X79,37.09,-0.006252171,2
5354,B64-X79,36.85,-0.008324662,2
5355,B64-X79,36.61,-0.008333333,2
5356,B64-X79,36.37,-0.008368201,2
5357,B64-X79,36.12,-0.008665511,2
5358,B64-X79,36.06,-0.002076843,2
5359,B64-X79,35.99,-0.00242047,2
5360,B64-X79,36.05,0.002083333,2
5361,B64-X79,36.12,0.002430556,2
5362,B64-X79,35.77,-0.01216968,2
5363,B64-X79,35.55,-0.007665505,2
5364,B64-X79,35.6,0.001737921,2
5365,B64-X79,35.64,0.001380739,2
5366,B64-X79,35.8,0.005532503,2
5367,B64-X79,35.95,0.005206526,2
5368,B64-X79,35.91,-0.001346801,2
5369,B64-X79,35.86,-0.001744592,2
5370,B64-X79,35.38,-0.016649324,2
5371,B64-X79,35.55,0.005954466,2
5372,B64-X79,35.73,0.006221915,2
5373,B64-X79,35.9,0.00591922,2
5374,B64-X79,35.57,-0.011454356,2
5375,B64-X79,35.24,-0.011426593,2
5376,B64-X79,35.75,0.017671518,2
5377,B64-X79,36.25,0.017313019,2
5378,B64-X79,36.36,0.003810184,2
5379,B64-X79,36.47,0.003799655,2
5380,B64-X79,35.07,-0.048780488,2
5381,B64-X79,34.75,-0.011076497,2
5382,B64-X79,34.85,0.003469813,2
5383,B64-X79,35.02,0.005908933,2
5384,B64-X79,35.16,0.004857738,2
5385,B64-X79,35.29,0.004487401,2
5386,B64-X79,35.02,-0.009319986,2
5387,B64-X79,34.67,-0.012106538,2
5388,B64-X79,35.06,0.013504155,2
5389,B64-X79,35.42,0.012517385,2
5390,B64-X79,36.22,0.027700831,2
5391,B64-X79,36.91,0.023850674,2
5392,B64-X79,37.25,0.011883957,2
5393,B64-X79,37.92,0.023247745,2
5394,B64-X79,35.6,-0.08033241,3
5395,B64-X79,34.82,-0.02700831,3
5396,B64-X79,34.06,-0.026234035,3
5397,B64-X79,35.07,0.034875691,3
5398,B64-X79,36.04,0.033821478,3
5399,B64-X79,35.73,-0.010775113,3
5400,B64-X79,34.8,-0.0321688,3
5401,B64-X79,34.19,-0.021114573,3
5402,B64-X79,33.22,-0.033610534,3
5403,B64-X79,32.3,-0.031811895,3
5404,B64-X79,33.29,0.034410845,3
5405,B64-X79,34.28,0.034244206,3
5406,B64-X79,33.31,-0.033727399,3
5407,B64-X79,31.99,-0.045532942,3
5408,B64-X79,30.89,-0.038234272,3
5409,B64-X79,29.27,-0.056367432,3
5410,B64-X79,27.33,-0.067151263,3
5411,B64-X79,27.95,0.021505376,3
5412,B64-X79,27.89,-0.002073255,3
5413,B64-X79,27.07,-0.028334485,3
5414,B64-X79,26.89,-0.006221915,3
5415,B64-X79,26.59,-0.01035554,3
5416,B64-X79,27.55,0.033344911,3
5417,B64-X79,27.82,0.009310345,3
5418,B64-X79,27.64,-0.006256517,3
5419,B64-X79,27.52,-0.004530011,3
5420,B64-X79,27.51,-0.004291845,3
5421,B64-X79,27.8,0.010069444,3
5422,B64-X79,27.86,0.002087683,3
5423,B64-X79,27.96,0.003445899,3
5424,B64-X79,27.98,0.002628121,3
5425,B64-X79,27.98,0,3
5449,B64-X81,0,#VALUE!,0
5450,B64-X81,0.55,0.018456376,0
5451,B64-X81,0.75,0.006849315,0
5452,B64-X81,0.53,-0.007657501,0
5453,B64-X81,0.48,-0.001803101,0
5454,B64-X81,0.53,0.001801153,0
5455,B64-X81,0.62,0.003246753,0
5456,B64-X81,0.53,-0.003225806,0
5457,B64-X81,0.7,0.006084467,0
5458,B64-X81,0.44,-0.008974802,0
5459,B64-X81,1.67,0.042590028,0
5460,B64-X81,1.56,-0.007019783,0
5461,B64-X81,1.92,0.015378044,0
5462,B64-X81,1.76,-0.0055517,0
5463,B64-X81,1.49,-0.00934903,0
5464,B64-X81,1.67,0.006224066,0
5465,B64-X81,1.85,0.00623053,0
5466,B64-X81,1.41,-0.015167184,0
5467,B64-X81,1.95,0.018665745,0
5468,B64-X81,1.93,-0.000692761,0
5469,B64-X81,1.98,0.001745201,0
5470,B64-X81,0.79,-0.041333796,0
5471,B64-X81,0.83,0.001385042,0
5472,B64-X81,0.59,-0.008324662,0
5473,B64-X81,0.35,-0.008336228,0
5474,B64-X81,0.4,0.001728907,0
5475,B64-X81,0.44,0.001391788,0
5476,B64-X81,0.53,0.003126085,0
5477,B64-X81,0.62,0.003117423,0
5478,B64-X81,1.14,0.017555706,0
5479,B64-X81,1.32,0.006202619,0
5480,B64-X81,1.71,0.01354637,0
5481,B64-X81,1.63,-0.002774887,0
5482,B64-X81,1.54,-0.003125,0
5483,B64-X81,1.62,0.0027894,0
5484,B64-X81,1.71,0.003119584,0
5485,B64-X81,1.49,-0.007615092,0
5486,B64-X81,1.67,0.006224066,0
5487,B64-X81,1.63,-0.001388889,0
5488,B64-X81,1.89,0.009024644,0
5489,B64-X81,2.93,0.108446298,1
5490,B64-X81,3.96,0.107740586,1
5491,B64-X81,5.01,0.109375,1
5492,B64-X81,6.03,0.107142857,1
5493,B64-X81,7.08,0.109375,1
5494,B64-X81,8.04,0.100208768,1
5495,B64-X81,9.33,0.133817427,1
5496,B64-X81,10.72,0.144041451,1
5497,B64-X81,12.08,0.143459916,1
5498,B64-X81,13.15,0.110766046,1
5499,B64-X81,14.22,0.110766046,1
5500,B64-X81,15.21,0.102590674,1
5501,B64-X81,16.56,0.140478668,1
5502,B64-X81,17.93,0.141675284,1
5503,B64-X81,19.25,0.136929461,1
5504,B64-X81,20.01,0.078593588,1
5505,B64-X81,20.57,0.05870021,1
5506,B64-X81,21.09,0.054166667,1
5507,B64-X81,22.15,0.1107628,1
5508,B64-X81,23.16,0.106092437,1
5509,B64-X81,24.17,0.105098855,1
5510,B64-X81,25.53,0.141962422,1
5511,B64-X81,26.89,0.143459916,1
5512,B64-X81,28.31,0.147916667,1
5513,B64-X81,30.85,0.088102671,1
5514,B64-X81,31.64,0.027670753,2
5515,B64-X81,31.46,-0.006014033,2
5516,B64-X81,30.98,-0.016713092,2
5517,B64-X81,31.68,0.024297119,2
5518,B64-X81,32.34,0.022853186,2
5519,B64-X81,32.43,0.003118503,2
5520,B64-X81,31.73,-0.024238227,2
5521,B64-X81,30.54,-0.041219259,2
5522,B64-X81,31.2,0.022797927,2
5523,B64-X81,31.29,0.003135889,2
5524,B64-X81,31.95,0.022845275,2
5525,B64-X81,32.3,0.012144344,2
5526,B64-X81,31.38,-0.031977755,2
5527,B64-X81,31.99,0.021165857,2
5528,B64-X81,31.55,-0.015188126,2
5529,B64-X81,31.51,-0.001380739,2
5530,B64-X81,30.67,-0.02905569,3
5531,B64-X81,29.66,-0.034972299,3
5532,B64-X81,28.61,-0.03650904,3
5533,B64-X81,27.51,-0.038088643,3
5534,B64-X81,27.33,-0.006221915,3
5535,B64-X81,26.41,-0.032156589,3
5536,B64-X81,25.49,-0.031922276,3
5537,B64-X81,26.94,0.050207756,3
5538,B64-X81,27.55,0.021121884,3
5539,B64-X81,26.5,-0.036244391,3
5540,B64-X81,25.05,-0.050069061,3
5541,B64-X81,24.48,-0.019874477,3
5542,B64-X81,26.06,0.054918318,3
5543,B64-X81,25.07,-0.034244206,3
5544,B64-X81,24.08,-0.034267913,3
5545,B64-X81,23.77,-0.010741511,3
5546,B64-X81,24.52,0.02593361,3
5547,B64-X81,22.98,-0.053527981,3
5548,B64-X81,21.58,-0.04842615,3
5549,B64-X81,19.82,-0.061196106,3
5550,B64-X81,18.33,-0.051397033,3
5551,B64-X81,18.28,-0.001737921,3
5552,B64-X81,19.91,0.056715379,3
5553,B64-X81,21.88,0.068189685,3
5554,B64-X81,20.92,-0.033298647,3
5555,B64-X81,20.17,-0.025915688,3
5556,B64-X81,19.93,-0.015424165,3
5557,B64-X81,19.73,-0.014947683,3
5558,B64-X81,19.29,-0.015209125,3
5559,B64-X81,19.12,-0.005868139,3
5560,B64-X81,18.8,-0.01111497,3
5561,B64-X81,18.5,-0.010344828,3
5562,B64-X81,18.17,-0.011470282,3
5563,B64-X81,18.15,-0.003338898,3
5564,B64-X81,18.15,0,3
5584,B64-X87,0,#VALUE!,0
5585,B64-X87,0.32,0.010738255,0
5586,B64-X87,0.53,0.007191781,0
5587,B64-X87,0.57,0.001392273,0
5588,B64-X87,0.92,0.012621709,0
5589,B64-X87,1.21,0.010446686,0
5590,B64-X87,1.49,0.01010101,0
5591,B64-X87,0.97,-0.018637993,0
5592,B64-X87,0.44,-0.01896922,0
5593,B64-X87,1.19,0.025888851,0
5594,B64-X87,1.23,0.001385042,0
5595,B64-X87,1.83,0.024321038,0
5596,B64-X87,1.86,0.00125261,0
5597,B64-X87,1.71,-0.007780083,0
5598,B64-X87,1.14,-0.019736842,0
5599,B64-X87,1.01,-0.004495159,0
5600,B64-X87,1.14,0.004499827,0
5601,B64-X87,1.36,0.007583592,0
5602,B64-X87,0.66,-0.024196336,0
5603,B64-X87,1.1,0.015240734,0
5604,B64-X87,2.79,0.088574423,1
5605,B64-X87,4.22,0.149425287,1
5606,B64-X87,5.86,0.170833333,1
5607,B64-X87,7.53,0.174503657,1
5608,B64-X87,9.05,0.158004158,1
5609,B64-X87,10.5,0.152631579,1
5610,B64-X87,11.98,0.152263374,1
5611,B64-X87,13.36,0.142857143,1
5612,B64-X87,14.52,0.120207254,1
5613,B64-X87,15.66,0.118380062,1
5614,B64-X87,16.88,0.127748691,1
5615,B64-X87,18.36,0.155462185,1
5616,B64-X87,19.96,0.16563147,1
5617,B64-X87,21.49,0.159209157,1
5618,B64-X87,23.04,0.161122661,1
5619,B64-X87,24.62,0.16373057,1
5620,B64-X87,26.15,0.158549223,1
5621,B64-X87,27.76,0.167883212,1
5622,B64-X87,29.83,0.216981132,1
5623,B64-X87,31.68,0.192507804,1
5624,B64-X87,33.23,0.160455487,1
5625,B64-X87,34.76,0.161052632,1
5626,B64-X87,36.3,0.159916926,1
5627,B64-X87,36.04,-0.009005888,2
5628,B64-X87,36.17,0.004388926,2
5629,B64-X87,36.2,0.00103377,2
5630,B64-X87,36.3,0.003473428,2
5631,B64-X87,36.08,-0.00763094,2
5632,B64-X87,35.62,-0.015972222,2
5633,B64-X87,35.16,-0.016039052,2
5634,B64-X87,34.9,-0.009012132,2
5635,B64-X87,34.63,-0.009345794,2
5636,B64-X87,34.19,-0.015214385,2
5637,B64-X87,33.75,-0.015277778,2
5638,B64-X87,33.5,-0.008680556,2
5639,B64-X87,33.18,-0.011126565,2
5640,B64-X87,33.03,-0.005226481,2
5641,B64-X87,32.87,-0.005561349,2
5642,B64-X87,32.52,-0.012081464,2
5643,B64-X87,32.21,-0.010719225,2
5644,B64-X87,32.26,0.001735509,2
5645,B64-X87,32.3,0.001393728,2
5646,B64-X87,32.43,0.004383007,2
5647,B64-X87,32.56,0.004509192,2
5648,B64-X87,32.36,-0.007005254,2
5649,B64-X87,32.12,-0.008295887,2
5650,B64-X87,31.75,-0.012883008,2
5651,B64-X87,31.43,-0.011107254,2
5652,B64-X87,31.2,-0.007963989,2
5653,B64-X87,34.01,0.097366597,2
5654,B64-X87,33.87,-0.004847645,2
5655,B64-X87,33.75,-0.004156564,2
5656,B64-X87,33.49,-0.008981002,2
5657,B64-X87,33.84,0.012195122,2
5658,B64-X87,33.76,-0.002769124,2
5659,B64-X87,33.52,-0.00832755,2
5660,B64-X87,33.35,-0.005908933,2
5661,B64-X87,33.05,-0.010409438,2
5662,B64-X87,35.07,0.069727304,2
5663,B64-X87,35.33,0.008974802,2
5664,B64-X87,35.24,-0.00311311,2
5665,B64-X87,35.31,0.002423823,2
5666,B64-X87,35.38,0.002433936,2
5667,B64-X87,34.95,-0.014889197,2
5668,B64-X87,34.5,-0.015554787,2
5669,B64-X87,36.17,0.058371199,2
5670,B64-X87,36.02,-0.005204719,2
5671,B64-X87,35.51,-0.01765928,2
5672,B64-X87,34.73,-0.02700831,2
5673,B64-X87,33.93,-0.027614774,2
5674,B64-X87,33.4,-0.018301105,2
5675,B64-X87,32.96,-0.015341702,2
5676,B64-X87,32.39,-0.019812304,2
5677,B64-X87,33.49,0.038049118,2
5678,B64-X87,33.93,0.015230183,2
5679,B64-X87,33.49,-0.015246015,2
5680,B64-X87,33,-0.016943292,2
5681,B64-X87,32.78,-0.007646854,2
5682,B64-X87,33.13,0.012106538,2
5683,B64-X87,33.05,-0.002781641,2
5684,B64-X87,32.56,-0.01690238,3
5685,B64-X87,31.73,-0.028849496,3
5686,B64-X87,30.5,-0.042797495,3
5687,B64-X87,29.49,-0.034960194,3
5688,B64-X87,29.08,-0.014221297,3
5689,B64-X87,28.26,-0.028334485,3
5690,B64-X87,27.69,-0.019695923,3
5691,B64-X87,28.74,0.036294504,3
5692,B64-X87,28.61,-0.004487401,3
5693,B64-X87,28.39,-0.012492902,3
5694,B64-X87,28.25,-0.012522361,3
5695,B64-X87,29.22,0.033448276,3
5696,B64-X87,29,-0.007646854,3
5697,B64-X87,29.05,0.001734906,3
5698,B64-X87,29.4,0.012152778,3
5699,B64-X87,29.52,0.006908463,3
5700,B64-X87,29.52,0,3
5715,B64-X88,0,#VALUE!,0
5716,B64-X88,0.21,0.00704698,0
5717,B64-X88,0.28,0.002417127,0
5718,B64-X88,0.36,0.002916515,0
5719,B64-X88,0.4,0.00143575,0
5720,B64-X88,1.76,0.048450303,0
5721,B64-X88,1.88,0.004288778,0
5722,B64-X88,1.95,0.002514368,0
5723,B64-X88,1.92,-0.001069138,0
5724,B64-X88,1.98,0.002085506,0
5725,B64-X88,1.97,-0.000348068,0
5726,B64-X88,1.98,0.000387597,0
5727,B64-X88,2.31,0.016034985,0
5728,B64-X88,1.2,-0.038501561,0
5729,B64-X88,1.02,-0.006247831,0
5730,B64-X88,0.94,-0.002766252,0
5731,B64-X88,1.05,0.003832753,0
5732,B64-X88,1.73,0.035509138,0
5733,B64-X88,2.24,0.053684211,1
5734,B64-X88,3.48,0.129842932,1
5735,B64-X88,4.87,0.14389234,1
5736,B64-X88,5.98,0.115264798,1
5737,B64-X88,7.48,0.15641293,1
5738,B64-X88,9.56,0.21802935,1
5739,B64-X88,11.21,0.171161826,1
5740,B64-X88,12.63,0.149159664,1
5741,B64-X88,14.07,0.149068323,1
5742,B64-X88,15.51,0.15,1
5743,B64-X88,16.91,0.14507772,1
5744,B64-X88,18.31,0.147835269,1
5745,B64-X88,19.73,0.149159664,1
5746,B64-X88,21.23,0.155925156,1
5747,B64-X88,22.77,0.162618796,1
5748,B64-X88,24.13,0.140932642,1
5749,B64-X88,25.71,0.163900415,1
5750,B64-X88,27.28,0.16185567,1
5751,B64-X88,28.61,0.137966805,1
5752,B64-X88,30.12,0.156476684,1
5753,B64-X88,31.68,0.161993769,1
5754,B64-X88,33.22,0.15942029,1
5755,B64-X88,34.8,0.166491043,1
5756,B64-X88,36.43,0.169262721,1
5757,B64-X88,37.97,0.15942029,1
5758,B64-X88,39.25,0.044723969,2
5759,B64-X88,39.6,0.012267788,2
5760,B64-X88,39.43,-0.005915101,2
5761,B64-X88,39.22,-0.007125891,2
5762,B64-X88,39.03,-0.006613296,2
5763,B64-X88,38.59,-0.01526188,2
5764,B64-X88,38.72,0.004551821,2
5765,B64-X88,38.36,-0.012530456,2
5766,B64-X88,37.98,-0.013212796,2
5767,B64-X88,37.26,-0.025263158,2
5768,B64-X88,36.83,-0.014972145,2
5769,B64-X88,36.66,-0.00595864,2
5770,B64-X88,36.79,0.004502944,2
5771,B64-X88,36.41,-0.013226592,2
5772,B64-X88,36,-0.014255911,2
5773,B64-X88,36.13,0.004548635,2
5774,B64-X88,36.26,0.004532775,2
5775,B64-X88,36.03,-0.007928301,2
5776,B64-X88,35.78,-0.008632597,2
5777,B64-X88,36.48,0.02417962,2
5778,B64-X88,36.79,0.010858144,2
5779,B64-X88,36.46,-0.011470282,2
5780,B64-X88,36.13,-0.011518325,2
5781,B64-X88,35.96,-0.005898681,2
5782,B64-X88,35.74,-0.007746479,2
5783,B64-X88,36.22,0.016718913,2
5784,B64-X88,35.87,-0.01227209,2
5785,B64-X88,35.76,-0.003818119,2
5786,B64-X88,35.65,-0.003810184,2
5787,B64-X88,36.13,0.016707275,2
5788,B64-X88,36.61,0.016748081,2
5789,B64-X88,36.59,-0.000673174,2
5790,B64-X88,36.57,-0.000692761,2
5791,B64-X88,36.12,-0.015756303,2
5792,B64-X88,35.74,-0.013268156,2
5793,B64-X88,35.92,0.006263048,2
5794,B64-X88,36.13,0.007317073,2
5795,B64-X88,36.67,0.018835019,2
5796,B64-X88,37.05,0.013167013,2
5797,B64-X88,37.09,0.001395673,2
5798,B64-X88,37.14,0.001744592,2
5799,B64-X88,37.86,0.025060912,2
5800,B64-X88,38.59,0.02543554,2
5801,B64-X88,38.31,-0.009821115,2
5802,B64-X88,38.06,-0.008704735,2
5803,B64-X88,37.89,-0.005882353,2
5804,B64-X88,37.71,-0.006276151,2
5805,B64-X88,36.79,-0.032100488,2
5806,B64-X88,38.33,0.053583855,2
5807,B64-X88,39.21,0.030651341,2
5808,B64-X88,38.83,-0.01315334,2
5809,B64-X88,38.37,-0.015916955,2
5810,B64-X88,37.71,-0.023004531,2
5811,B64-X88,37.23,-0.016660882,2
5812,B64-X88,39.37,0.074799021,2
5813,B64-X88,40.85,0.051442475,2
5814,B64-X88,40.97,0.00422833,2
5815,B64-X88,40.96,-0.000348311,2
5816,B64-X88,40.94,-0.000694444,2
5817,B64-X88,40.92,-0.000706464,2
5818,B64-X88,40.9,-0.000701262,2
5819,B64-X88,40.85,-0.001725328,2
5820,B64-X88,41.26,0.014270797,2
5821,B64-X88,40.95,-0.010861948,2
5822,B64-X88,39.78,-0.041226216,2
5823,B64-X88,39.07,-0.024747299,2
5824,B64-X88,38.5,-0.019661952,2
5825,B64-X88,37.97,-0.018263267,2
5826,B64-X88,37.53,-0.01532567,2
5827,B64-X88,37.22,-0.010763889,2
5828,B64-X88,36.35,-0.03043022,2
5829,B64-X88,35.52,-0.028839472,2
5830,B64-X88,35.03,-0.016937435,2
5831,B64-X88,34.52,-0.033246415,2
5832,B64-X88,34.08,-0.03268945,2
5833,B64-X88,35.25,0.040738162,2
5834,B64-X88,36.19,0.032752613,2
5835,B64-X88,37.3,0.038743455,2
5836,B64-X88,38.38,0.037604457,2
5837,B64-X88,37.67,-0.024859944,2
5838,B64-X88,35.13,-0.088041594,2
5839,B64-X88,34.65,-0.016359918,2
5840,B64-X88,34.65,0,2
5861,B64-X90,0,#VALUE!,0
5862,B64-X90,0.48,0.016107383,0
5863,B64-X90,0.09,-0.013356164,0
5864,B64-X90,0.44,0.012182388,0
5865,B64-X90,0.9,0.016588532,0
5866,B64-X90,1.36,0.016570605,0
5867,B64-X90,1.03,-0.011904762,0
5868,B64-X90,0.7,-0.011827957,0
5869,B64-X90,1.19,0.017537581,0
5870,B64-X90,1.45,0.008974802,0
5871,B64-X90,1.63,0.006232687,0
5872,B64-X90,1.54,-0.008434864,0
5873,B64-X90,1.71,0.005983809,0
5874,B64-X90,2.68,0.033657183,0
5875,B64-X90,2.61,-0.002423823,0
5876,B64-X90,2.5,-0.003803596,0
5877,B64-X90,2.29,-0.007268951,0
5878,B64-X90,2.29,0,0
5879,B64-X90,2.72,0.014863464,0
5880,B64-X90,3.85,0.117341641,1
5881,B64-X90,4.97,0.116182573,1
5882,B64-X90,6.11,0.11875,1
5883,B64-X90,7.31,0.123839009,1
5884,B64-X90,8.51,0.127795527,1
5885,B64-X90,9.71,0.12539185,1
5886,B64-X90,11.08,0.142708333,1
5887,B64-X90,12.46,0.144200627,1
5888,B64-X90,13.84,0.143451143,1
5889,B64-X90,15.3,0.153684211,1
5890,B64-X90,16.77,0.151234568,1
5891,B64-X90,18.24,0.152173913,1
5892,B64-X90,19.79,0.160621762,1
5893,B64-X90,21.35,0.161993769,1
5894,B64-X90,22.9,0.162303665,1
5895,B64-X90,24.32,0.149159664,1
5896,B64-X90,25.74,0.14699793,1
5897,B64-X90,27.16,0.147762747,1
5898,B64-X90,28.69,0.159043659,1
5899,B64-X90,30.23,0.159585492,1
5900,B64-X90,31.77,0.159585492,1
5901,B64-X90,33.35,0.164754953,1
5902,B64-X90,34.93,0.165618449,1
5903,B64-X90,36.52,0.165452653,1
5904,B64-X90,36.1,-0.014588399,2
5905,B64-X90,35.68,-0.014547974,2
5906,B64-X90,34.81,-0.029372046,2
5907,B64-X90,33.93,-0.030323915,2
5908,B64-X90,34.67,0.025703369,2
5909,B64-X90,35.73,0.036767256,2
5910,B64-X90,35.6,-0.004513889,2
5911,B64-X90,35.46,-0.00488145,2
5912,B64-X90,34.94,-0.018024263,2
5913,B64-X90,34.41,-0.018345448,2
5914,B64-X90,34.72,0.010719225,2
5915,B64-X90,33.22,-0.052083333,2
5916,B64-X90,34.41,0.041319444,2
5917,B64-X90,35.2,0.027468707,2
5918,B64-X90,36.08,0.030662021,2
5919,B64-X90,36.06,-0.000695169,2
5920,B64-X90,33.74,-0.080082844,2
5921,B64-X90,33.31,-0.014868603,2
5922,B64-X90,33.18,-0.004360953,2
5923,B64-X90,33.05,-0.004529617,2
5924,B64-X90,36.25,0.111653873,2
5925,B64-X90,36.34,0.003121748,2
5926,B64-X90,36.34,0,2
5927,B64-X90,35.64,-0.024196336,2
5928,B64-X90,35.07,-0.019846797,2
5929,B64-X90,35.04,-0.001041305,2
5930,B64-X90,35.02,-0.000692521,2
5931,B64-X90,34.94,-0.002772003,2
5932,B64-X90,34.72,-0.007617729,2
5933,B64-X90,35.07,0.012123311,2
5934,B64-X90,34.85,-0.007599309,2
5935,B64-X90,34.89,0.001393728,2
5936,B64-X90,35.01,0.004153686,2
5937,B64-X90,35.11,0.003469813,2
5938,B64-X90,35.05,-0.002085506,2
5939,B64-X90,34.98,-0.002428869,2
5940,B64-X90,35.16,0.006213324,2
5941,B64-X90,35.42,0.008974802,2
5942,B64-X90,35.52,0.003459011,2
5943,B64-X90,35.64,0.004155125,2
5944,B64-X90,35.91,0.009388039,2
5945,B64-X90,36.02,0.003808864,2
5946,B64-X90,36.08,0.002073972,2
5947,B64-X90,36.17,0.003145753,2
5948,B64-X90,35.96,-0.007286607,2
5949,B64-X90,35.68,-0.009695291,2
5950,B64-X90,35.11,-0.019736842,2
5951,B64-X90,34.54,-0.019675526,3
5952,B64-X90,33.79,-0.02589779,3
5953,B64-X90,33,-0.027545328,3
5954,B64-X90,31.86,-0.039624609,3
5955,B64-X90,32.04,0.006226219,3
5956,B64-X90,32.48,0.015230183,3
5957,B64-X90,32.3,-0.006237006,3
5958,B64-X90,32.16,-0.004840941,3
5959,B64-X90,32.04,-0.004171011,3
5960,B64-X90,32.08,0.001383604,3
5961,B64-X90,31.42,-0.02294854,3
5962,B64-X90,31.11,-0.010693343,3
5963,B64-X90,30.2,-0.03163017,3
5964,B64-X90,28.87,-0.046276966,3
5965,B64-X90,27.93,-0.03253721,3
5966,B64-X90,26.98,-0.032951786,3
5967,B64-X90,26.72,-0.008984105,3
5968,B64-X90,26.5,-0.007601935,3
5969,B64-X90,26.76,0.008987211,3
5970,B64-X90,26.13,-0.021746634,3
5971,B64-X90,25.49,-0.022229941,3
5972,B64-X90,25.51,0.003952569,3
5973,B64-X90,25.62,0.00459482,3
5974,B64-X90,25.05,-0.019812304,3
5975,B64-X90,24.92,-0.004510756,3
5976,B64-X90,24.87,-0.001736111,3
5977,B64-X90,24.85,-0.001759015,3
5978,B64-X90,24.85,0,3
5999,B64-XG10,0,#VALUE!,0
6000,B64-XG10,0.54,0.00232859,0
6001,B64-XG10,0.53,-0.000348432,0
6002,B64-XG10,0.38,-0.005230126,0
6003,B64-XG10,0.33,-0.001744592,0
6004,B64-XG10,0.4,0.002443281,0
6005,B64-XG10,0.32,-0.002791347,0
6006,B64-XG10,0.4,0.002795248,0
6007,B64-XG10,0.44,0.0013947,0
6008,B64-XG10,0.44,0,0
6009,B64-XG10,0.3,-0.004886562,0
6010,B64-XG10,0.17,-0.004535939,0
6011,B64-XG10,0.11,-0.002094241,0
6012,B64-XG10,0.1,-0.000349284,0
6013,B64-XG10,0.28,0.00627834,0
6014,B64-XG10,0.31,0.00104712,0
6015,B64-XG10,0.36,0.001744592,0
6016,B64-XG10,0.45,0.003141361,0
6017,B64-XG10,0.43,-0.00069808,0
6018,B64-XG10,0.38,-0.001745201,0
6019,B64-XG10,0.27,-0.003839442,0
6020,B64-XG10,0.17,-0.003490401,0
6021,B64-XG10,0.32,0.005233775,0
6022,B64-XG10,0.31,-0.00034904,0
6023,B64-XG10,0.23,-0.002793296,0
6024,B64-XG10,0.26,0.001046755,0
6025,B64-XG10,0.24,-0.00069808,0
6026,B64-XG10,0.25,0.000348918,0
6027,B64-XG10,0.25,0,0
6028,B64-XG10,0.38,0.004537522,0
6029,B64-XG10,0.33,-0.001745201,0
6030,B64-XG10,0.36,0.00104712,0
6031,B64-XG10,0.37,0.000348918,0
6032,B64-XG10,0.36,-0.00034904,0
6033,B64-XG10,0.21,-0.005235602,0
6034,B64-XG10,0.35,0.004886562,0
6035,B64-XG10,0.45,0.003490401,0
6036,B64-XG10,0.59,0.004884857,0
6037,B64-XG10,0.73,0.004886562,0
6038,B64-XG10,0.91,0.006282723,0
6039,B64-XG10,0.94,0.00104712,0
6040,B64-XG10,1.01,0.002443281,0
6041,B64-XG10,1.02,0.000348918,0
6042,B64-XG10,1.18,0.005588543,0
6043,B64-XG10,1.47,0.010115103,0
6044,B64-XG10,1.63,0.005584642,0
6045,B64-XG10,1.42,-0.007329843,0
6046,B64-XG10,1.49,0.002442428,0
6047,B64-XG10,1.39,-0.003490401,0
6048,B64-XG10,1.53,0.004886562,0
6049,B64-XG10,1.7,0.005933682,0
6050,B64-XG10,1.81,0.003839442,0
6051,B64-XG10,2.03,0.007676204,0
6052,B64-XG10,2.22,0.006631763,0
6053,B64-XG10,2.36,0.004886562,0
6054,B64-XG10,2.41,0.001745201,0
6055,B64-XG10,2.25,-0.005584642,0
6056,B64-XG10,2.06,-0.006629449,0
6057,B64-XG10,1.9,-0.005584642,0
6058,B64-XG10,1.96,0.002094241,0
6059,B64-XG10,2.5,0.02444545,1
6060,B64-XG10,5.01,0.087977567,1
6061,B64-XG10,5.45,0.023218997,1
6062,B64-XG10,5.84,0.020280811,1
6063,B64-XG10,6.68,0.043979058,1
6064,B64-XG10,8.7,0.10531804,1
6065,B64-XG10,14.72,0.208955224,1
6066,B64-XG10,15.86,0.059405941,1
6067,B64-XG10,15.73,-0.004531196,1
6068,B64-XG10,17.75,0.104070067,1
6069,B64-XG10,20,0.117370892,1
6070,B64-XG10,20.57,0.01968232,2
6071,B64-XG10,20.52,-0.001756852,2
6072,B64-XG10,21.88,0.070686071,2
6073,B64-XG10,22.59,0.024601525,2
6074,B64-XG10,22.41,-0.006289308,2
6075,B64-XG10,23.16,0.026005548,2
6076,B64-XG10,23.6,0.01533101,2
6077,B64-XG10,24.04,0.015299026,2
6078,B64-XG10,24.83,0.027459159,2
6079,B64-XG10,25,0.00879462,2
6080,B64-XG10,25,0,2
6085,B64-XG8,0,#VALUE!,0
6086,B64-XG8,0.5,0.001737619,0
6087,B64-XG8,0.6,0.003461405,0
6088,B64-XG8,0.8,0.006930007,0
6089,B64-XG8,0.9,0.003436426,0
6090,B64-XG8,0.9,0,0
6091,B64-XG8,0.9,0,0
6092,B64-XG8,0.8,-0.003460208,0
6093,B64-XG8,0.8,0,0
6094,B64-XG8,0.7,-0.003460208,0
6095,B64-XG8,0.7,0,0
6096,B64-XG8,0.6,-0.00349162,0
6097,B64-XG8,0.7,0.003489184,0
6098,B64-XG8,0.7,0,0
6099,B64-XG8,0.8,0.003481894,0
6100,B64-XG8,0.8,0,0
6101,B64-XG8,0.6,-0.006995453,0
6102,B64-XG8,0.6,0,0
6103,B64-XG8,0.6,0,0
6104,B64-XG8,0.7,0.003489184,0
6105,B64-XG8,0.7,0,0
6106,B64-XG8,0.6,-0.003558719,0
6107,B64-XG8,0.7,0.003479471,0
6108,B64-XG8,0.7,0,0
6109,B64-XG8,0.8,0.003453039,0
6110,B64-XG8,0.8,0,0
6111,B64-XG8,0.8,0,0
6112,B64-XG8,0.8,0,0
6113,B64-XG8,0.9,0.003465003,0
6114,B64-XG8,0.8,-0.003511236,0
6115,B64-XG8,0.7,-0.003454231,0
6116,B64-XG8,0.6,-0.003485535,0
6117,B64-XG8,0.8,0.00698812,0
6118,B64-XG8,0.9,0.003479471,0
6119,B64-XG8,0.8,-0.003466205,0
6120,B64-XG8,0.8,0,0
6121,B64-XG8,0.6,-0.006993007,0
6122,B64-XG8,0.5,-0.003462604,0
6123,B64-XG8,0.4,-0.003497726,0
6124,B64-XG8,0.6,0.007034822,0
6125,B64-XG8,0.6,0,0
6126,B64-XG8,0.5,-0.003505082,0
6127,B64-XG8,0.4,-0.003496503,0
6128,B64-XG8,1.6,0.042105263,0
6129,B64-XG8,2.7,0.037351443,1
6130,B64-XG8,6.9,0.144727774,1
6131,B64-XG8,9.9,0.104094379,1
6132,B64-XG8,14,0.140459061,1
6133,B64-XG8,14.5,0.017188037,2
6134,B64-XG8,14.7,0.006927607,2
6135,B64-XG8,14.9,0.006937218,2
6136,B64-XG8,15.1,0.00691085,2
6137,B64-XG8,15.3,0.006906077,2
6138,B64-XG8,15.6,0.010284539,2
6139,B64-XG8,16.1,0.017247327,2
6140,B64-XG8,16.8,0.024288688,2
6141,B64-XG8,16.2,-0.020761246,2
6142,B64-XG8,16,-0.006891799,2
6143,B64-XG8,17.7,0.058580289,2
6144,B64-XG8,17.7,0,2
6145,B64-XG8,17.8,0.00342818,2
6146,B64-XG8,18,0.006894174,2
6147,B64-XG8,18.3,0.010359116,2
6148,B64-XG8,18.7,0.013778849,2
6149,B64-XG8,18.5,-0.00691085,2
6150,B64-XG8,18.3,-0.006898931,2
6151,B64-XG8,18,-0.017964072,2
6152,B64-XG8,17.9,-0.008237232,2
6153,B64-XG8,18,0.003451847,2
6154,B64-XG8,18.1,0.00342818,2
6155,B64-XG8,18.1,0,2
6156,B64-XG8,18.2,0.003436426,2
6157,B64-XG8,18.2,0,2
6158,B64-XG8,18.3,0.003457815,2
6159,B64-XG8,18.4,0.003448276,2
6160,B64-XG8,18.5,0.003036745,2
6176,Z80-X10,0,#VALUE!,0
6177,Z80-X10,0.22,0.010773751,0
6178,Z80-X10,0.13,-0.004522613,0
6179,Z80-X10,0.23,0.003528582,0
6180,Z80-X10,0.4,0.005862069,0
6181,Z80-X10,0.41,0.000346861,0
6182,Z80-X10,0.4,-0.000348797,0
6183,Z80-X10,0.35,-0.001740947,0
6184,Z80-X10,0.32,-0.001581444,0
6185,Z80-X10,0.31,-0.000523013,0
6186,Z80-X10,0.26,-0.001737318,0
6187,Z80-X10,0.42,0.005561349,0
6188,Z80-X10,0.57,0.005208333,0
6189,Z80-X10,0.62,0.001756235,0
6190,Z80-X10,0.73,0.003851541,0
6191,Z80-X10,0.83,0.00349284,0
6192,Z80-X10,0.86,0.001045661,0
6193,Z80-X10,0.92,0.002081165,0
6194,Z80-X10,0.96,0.001404001,0
6195,Z80-X10,1.02,0.002106742,0
6196,Z80-X10,1.25,0.008118602,0
6197,Z80-X10,1.32,0.002445842,0
6198,Z80-X10,1.35,0.001155179,0
6199,Z80-X10,1.14,-0.012867647,0
6200,Z80-X10,1.02,-0.00418556,0
6201,Z80-X10,1.01,-0.000349162,0
6202,Z80-X10,1.71,0.024673951,0
6203,Z80-X10,2.08,0.012977902,0
6204,Z80-X10,3,0.032348805,0
6205,Z80-X10,2.89,-0.003832753,0
6206,Z80-X10,2.87,-0.000695169,0
6207,Z80-X10,2.9,0.001009082,0
6208,Z80-X10,2.84,-0.002085506,0
6209,Z80-X10,2.76,-0.002783577,0
6210,Z80-X10,2.78,0.000701508,0
6211,Z80-X10,2.77,-0.000352858,0
6212,Z80-X10,2.76,-0.000334896,0
6213,Z80-X10,2.68,-0.002788428,0
6214,Z80-X10,2.69,0.000351741,0
6215,Z80-X10,2.88,0.006624826,0
6216,Z80-X10,2.73,-0.00525394,0
6217,Z80-X10,2.67,-0.002102313,0
6218,Z80-X10,2.25,-0.014773127,0
6219,Z80-X10,2.57,0.011111111,0
6220,Z80-X10,2.89,0.011134308,0
6221,Z80-X10,2.65,-0.008462623,0
6222,Z80-X10,2.99,0.011883957,0
6223,Z80-X10,2.45,-0.018736988,0
6224,Z80-X10,2.71,0.00900277,0
6225,Z80-X10,2.38,-0.011530398,0
6226,Z80-X10,2.86,0.016919281,0
6227,Z80-X10,2.74,-0.004156564,0
6228,Z80-X10,2.95,0.007368421,0
6229,Z80-X10,2.94,-0.000348797,0
6230,Z80-X10,2.86,-0.002817894,0
6231,Z80-X10,2.96,0.003511236,0
6232,Z80-X10,2.87,-0.003164557,0
6233,Z80-X10,2.79,-0.002772003,0
6234,Z80-X10,2.82,0.001054482,0
6235,Z80-X10,4.16,0.139728884,1
6236,Z80-X10,4.84,0.071055381,1
6237,Z80-X10,5.63,0.082809224,1
6238,Z80-X10,5.74,0.011506276,1
6239,Z80-X10,5.91,0.017857143,1
6240,Z80-X10,6.06,0.015673981,1
6241,Z80-X10,6.61,0.057712487,1
6242,Z80-X10,7.52,0.095487933,1
6243,Z80-X10,8.66,0.118257261,1
6244,Z80-X10,9.79,0.119072708,1
6245,Z80-X10,10.68,0.093881857,1
6246,Z80-X10,12.03,0.141213389,1
6247,Z80-X10,13.01,0.103266596,1
6248,Z80-X10,14.02,0.106427819,1
6249,Z80-X10,15.1,0.113089005,1
6250,Z80-X10,16.31,0.126569038,1
6251,Z80-X10,17.24,0.097178683,1
6252,Z80-X10,18.6,0.142857143,1
6253,Z80-X10,21.68,0.107504363,1
6254,Z80-X10,22.63,0.033228402,1
6255,Z80-X10,23.03,0.013893713,1
6256,Z80-X10,23.12,0.003141361,1
6257,Z80-X10,23.2,0.002716469,1
6258,Z80-X10,24.61,0.048975339,1
6259,Z80-X10,24.92,0.010790115,1
6260,Z80-X10,25.88,0.033356498,1
6261,Z80-X10,26.02,0.004878049,1
6262,Z80-X10,26.2,0.006320225,1
6263,Z80-X10,27.86,0.057981139,1
6264,Z80-X10,28.2,0.011850819,2
6265,Z80-X10,28.65,0.015635858,2
6266,Z80-X10,29.09,0.015341702,2
6267,Z80-X10,29.32,0.008115737,2
6268,Z80-X10,29.69,0.012928022,2
6269,Z80-X10,29.89,0.006934813,2
6270,Z80-X10,30.23,0.011904762,2
6271,Z80-X10,30.76,0.018415566,2
6272,Z80-X10,31.16,0.013951866,2
6273,Z80-X10,31.04,-0.004209049,2
6274,Z80-X10,31.12,0.002786486,2
6275,Z80-X10,31.11,-0.000349284,2
6276,Z80-X10,31.84,0.025189786,2
6277,Z80-X10,32.53,0.023983316,2
6278,Z80-X10,32.93,0.013917884,2
6279,Z80-X10,33.14,0.007368421,2
6280,Z80-X10,33.21,0.007322176,2
6281,Z80-X10,33.56,0.01216545,2
6282,Z80-X10,34.12,0.01946472,2
6283,Z80-X10,34.32,0.006946857,2
6284,Z80-X10,34.52,0.010449321,2
6285,Z80-X10,34.79,0.009483667,2
6286,Z80-X10,35.02,0.008053221,2
6287,Z80-X10,35.46,0.015368495,2
6288,Z80-X10,35.99,0.018473336,2
6289,Z80-X10,36.02,0.001040583,2
6290,Z80-X10,34.82,-0.042120042,2
6291,Z80-X10,35.07,0.00877809,2
6292,Z80-X10,34.89,-0.006353689,2
6293,Z80-X10,34.8,-0.002352326,2
6294,Z80-X10,34.3,-0.025920166,2
6295,Z80-X10,34.5,0.006968641,2
6296,Z80-X10,34.25,-0.008716876,2
6297,Z80-X10,33.85,-0.01396648,2
6298,Z80-X10,32.41,-0.050544051,2
6299,Z80-X10,31.51,-0.031468531,2
6300,Z80-X10,30.42,-0.038232199,2
6301,Z80-X10,31.67,0.043828892,2
6302,Z80-X10,32.7,0.054039874,2
6303,Z80-X10,32.61,-0.004766949,2
6304,Z80-X10,32.41,-0.010416667,2
6305,Z80-X10,35.11,0.094637224,2
6306,Z80-X10,34.82,-0.010200492,2
6307,Z80-X10,34.32,-0.017605634,2
6308,Z80-X10,33.66,-0.023182297,2
6309,Z80-X10,31.22,-0.085017422,3
6310,Z80-X10,31.4,0.006243496,3
6311,Z80-X10,31,-0.020865936,3
6312,Z80-X10,31.22,0.007700385,3
6313,Z80-X10,31.2,-0.000692521,3
6314,Z80-X10,31.06,-0.004908836,3
6315,Z80-X10,30.91,-0.005252101,3
6316,Z80-X10,27.51,-0.11863224,3
6317,Z80-X10,27.33,-0.00626087,3
6318,Z80-X10,23.33,-0.139470014,3
6319,Z80-X10,19.7,-0.127952062,3
6320,Z80-X10,16.48,-0.112745098,3
6321,Z80-X10,15.02,-0.051192146,3
6322,Z80-X10,14.24,-0.026943005,3
6323,Z80-X10,13.22,-0.03577692,3
6324,Z80-X10,12.26,-0.033566434,3
6325,Z80-X10,11.51,-0.041050903,3
6326,Z80-X10,11.08,-0.040796964,3
6327,Z80-X10,10.46,-0.021807949,3
6328,Z80-X10,9.72,-0.02593761,3
6329,Z80-X10,9.5,-0.03202329,3
6330,Z80-X10,9.5,0,3
6343,Z80-X2,0,#VALUE!,0
6344,Z80-X2,0.09,0.004139834,0
6345,Z80-X2,0.12,0.001078361,0
6346,Z80-X2,0.15,0.001066098,0
6347,Z80-X2,0.18,0.001083032,0
6348,Z80-X2,0.23,0.001816201,0
6349,Z80-X2,0.29,0.002152853,0
6350,Z80-X2,0.34,0.001721763,0
6351,Z80-X2,0.4,0.002069679,0
6352,Z80-X2,0.3,-0.003451847,0
6353,Z80-X2,0.5,0.006891799,0
6354,Z80-X2,0.35,-0.005183138,0
6355,Z80-X2,0.36,0.000345543,0
6356,Z80-X2,0.37,0.000344947,0
6357,Z80-X2,0.37,0,0
6358,Z80-X2,0.38,0.000345066,0
6359,Z80-X2,0.39,0.000345066,0
6360,Z80-X2,0.4,0.000345304,0
6361,Z80-X2,0.6,0.006918021,0
6362,Z80-X2,0.8,0.006908463,0
6363,Z80-X2,0.7,-0.003455425,0
6364,Z80-X2,0.7,0,0
6365,Z80-X2,0.66,-0.002248454,0
6366,Z80-X2,0.63,-0.001036269,0
6367,Z80-X2,0.55,-0.002762431,0
6368,Z80-X2,0.51,-0.001381215,0
6369,Z80-X2,0.53,0.000690131,0
6370,Z80-X2,0.48,-0.001730703,0
6371,Z80-X2,0.35,-0.004492053,0
6372,Z80-X2,0.3,-0.001668335,0
6373,Z80-X2,0.22,-0.002745367,0
6374,Z80-X2,0.18,-0.001380739,0
6375,Z80-X2,0.55,0.01279834,0
6376,Z80-X2,0.68,0.004493605,0
6377,Z80-X2,0.83,0.005183138,0
6378,Z80-X2,0.78,-0.001727713,0
6379,Z80-X2,0.71,-0.002415459,0
6380,Z80-X2,0.7,-0.000345423,0
6381,Z80-X2,0.88,0.006224066,0
6382,Z80-X2,0.95,0.00242047,0
6383,Z80-X2,1.12,0.005872193,0
6384,Z80-X2,1.36,0.008295887,0
6385,Z80-X2,1.45,0.003112033,0
6386,Z80-X2,1.52,0.002417962,0
6387,Z80-X2,1.63,0.003797031,0
6388,Z80-X2,1.91,0.009678534,0
6389,Z80-X2,2.33,0.014482759,0
6390,Z80-X2,2.23,-0.003460208,0
6391,Z80-X2,2.2,-0.001038062,0
6392,Z80-X2,2.25,0.001725328,0
6393,Z80-X2,2.81,0.01935038,0
6394,Z80-X2,2.88,0.002417962,0
6395,Z80-X2,2.91,0.001035912,0
6396,Z80-X2,2.92,0.000345543,0
6397,Z80-X2,2.94,0.000690846,0
6398,Z80-X2,2.95,0.000345304,0
6399,Z80-X2,2.98,0.003112033,0
6400,Z80-X2,4.08,0.110441767,1
6401,Z80-X2,5.3,0.122244489,1
6402,Z80-X2,6.43,0.113113113,1
6403,Z80-X2,7.56,0.117585848,1
6404,Z80-X2,8.7,0.117890383,1
6405,Z80-X2,9.7,0.10373444,1
6406,Z80-X2,10.7,0.103412616,1
6407,Z80-X2,11.7,0.10384216,1
6408,Z80-X2,12.68,0.101344364,1
6409,Z80-X2,13.65,0.100622407,1
6410,Z80-X2,14.63,0.101659751,1
6411,Z80-X2,15.58,0.098650052,1
6412,Z80-X2,16.56,0.101554404,1
6413,Z80-X2,17.55,0.102697095,1
6414,Z80-X2,18.5,0.098445596,1
6415,Z80-X2,19.48,0.101554404,1
6416,Z80-X2,20.45,0.100622407,1
6417,Z80-X2,21.6,0.119170984,1
6418,Z80-X2,22.72,0.116182573,1
6419,Z80-X2,23.82,0.114107884,1
6420,Z80-X2,24.12,0.010377032,1
6421,Z80-X2,24.57,0.015544041,1
6422,Z80-X2,24.75,0.006221915,1
6423,Z80-X2,24.85,0.003456619,1
6424,Z80-X2,25.05,0.00691085,1
6425,Z80-X2,25.03,-0.000692281,1
6426,Z80-X2,25,-0.001037344,1
6427,Z80-X2,24.88,-0.004143646,1
6428,Z80-X2,24.66,-0.007601935,1
6429,Z80-X2,26,0.046366782,1
6430,Z80-X2,26.79,0.027316736,1
6431,Z80-X2,26.49,-0.010369858,1
6432,Z80-X2,26.3,-0.006560773,1
6433,Z80-X2,25.9,-0.013816926,1
6434,Z80-X2,25.51,-0.013476158,1
6435,Z80-X2,26.55,0.03593642,1
6436,Z80-X2,27.84,0.044574983,1
6437,Z80-X2,29.09,0.043222683,1
6438,Z80-X2,29.3,0.007248878,2
6439,Z80-X2,29.49,0.006560773,2
6440,Z80-X2,30.12,0.021754144,2
6441,Z80-X2,30.85,0.025224603,2
6442,Z80-X2,31.25,0.013816926,2
6443,Z80-X2,31.78,0.018320083,2
6444,Z80-X2,32.28,0.017277125,2
6445,Z80-X2,32.65,0.012771833,2
6446,Z80-X2,33.01,0.012426648,2
6447,Z80-X2,33.53,0.01796821,2
6448,Z80-X2,34.19,0.022829471,2
6449,Z80-X2,34.86,0.023135359,2
6450,Z80-X2,35.52,0.022742936,2
6451,Z80-X2,36.01,0.016931583,2
6452,Z80-X2,36,-0.000345066,2
6453,Z80-X2,34.2,-0.062240664,2
6454,Z80-X2,32.02,-0.075328265,2
6455,Z80-X2,32.51,0.01691989,2
6456,Z80-X2,33.05,0.018678658,2
6457,Z80-X2,33.4,0.012093988,2
6458,Z80-X2,33.6,0.006908463,2
6459,Z80-X2,33.71,0.003803596,2
6460,Z80-X2,33.81,0.003457815,2
6461,Z80-X2,33.94,0.004487401,2
6462,Z80-X2,34.06,0.004147943,2
6463,Z80-X2,33.96,-0.003453039,2
6464,Z80-X2,33.85,-0.003802281,2
6465,Z80-X2,33.75,-0.003450656,2
6466,Z80-X2,33.6,-0.005181347,2
6467,Z80-X2,33.55,-0.001727116,2
6468,Z80-X2,33.13,-0.01446281,2
6469,Z80-X2,32.83,-0.010380623,2
6470,Z80-X2,32.53,-0.010351967,2
6471,Z80-X2,32.35,-0.006221915,2
6472,Z80-X2,32.22,-0.00448895,2
6473,Z80-X2,31.5,-0.02487906,3
6474,Z80-X2,29,-0.086385625,3
6475,Z80-X2,28.52,-0.016574586,3
6476,Z80-X2,28.41,-0.003798343,3
6477,Z80-X2,28.18,-0.00793377,3
6478,Z80-X2,28,-0.006217617,3
6479,Z80-X2,25.86,-0.074099723,3
6480,Z80-X2,23.64,-0.076736951,3
6481,Z80-X2,23,-0.022099448,3
6482,Z80-X2,22.6,-0.013816926,3
6483,Z80-X2,22.06,-0.018639972,3
6484,Z80-X2,21,-0.036665514,3
6485,Z80-X2,20,-0.034542314,3
6486,Z80-X2,19,-0.034530387,3
6487,Z80-X2,18.1,-0.031077348,3
6488,Z80-X2,17.33,-0.026588398,3
6489,Z80-X2,16.57,-0.026270308,3
6490,Z80-X2,16.5,-0.008323424,3
6491,Z80-X2,16.25,-0.012218964,3
6492,Z80-X2,16,-0.008647527,3
6493,Z80-X2,15.5,-0.019193858,3
6494,Z80-X2,15.5,0,3
6502,Z80-X5,0,#VALUE!,0
6503,Z80-X5,0.22,0.010119595,0
6504,Z80-X5,0.22,0,0
6505,Z80-X5,0.24,0.000710732,0
6506,Z80-X5,0.23,-0.000361011,0
6507,Z80-X5,0.23,0,0
6508,Z80-X5,0.22,-0.000358809,0
6509,Z80-X5,0.35,0.004476584,0
6510,Z80-X5,0.44,0.003104519,0
6511,Z80-X5,0.56,0.004142216,0
6512,Z80-X5,0.66,0.003445899,0
6513,Z80-X5,0.62,-0.00138217,0
6514,Z80-X5,0.59,-0.001036628,0
6515,Z80-X5,0.55,-0.001379786,0
6516,Z80-X5,0.53,-0.000689893,0
6517,Z80-X5,0.54,0.000345066,0
6518,Z80-X5,0.55,0.000345066,0
6519,Z80-X5,0.56,0.000345304,0
6520,Z80-X5,0.57,0.000345901,0
6521,Z80-X5,0.6,0.001036269,0
6522,Z80-X5,0.7,0.003455425,0
6523,Z80-X5,0.83,0.004495159,0
6524,Z80-X5,0.7,-0.007629108,0
6525,Z80-X5,1.01,0.010700725,0
6526,Z80-X5,1.27,0.008956252,0
6527,Z80-X5,1.41,0.004825922,0
6528,Z80-X5,1.4,-0.000345066,0
6529,Z80-X5,1.39,-0.000344709,0
6530,Z80-X5,1.37,-0.000690369,0
6531,Z80-X5,1.36,-0.000344947,0
6532,Z80-X5,1.36,0,0
6533,Z80-X5,1.33,-0.001020755,0
6534,Z80-X5,1.35,0.000690608,0
6535,Z80-X5,1.31,-0.00137836,0
6536,Z80-X5,1.33,0.00068918,0
6537,Z80-X5,1.32,-0.000344353,0
6538,Z80-X5,1.77,0.01552795,0
6539,Z80-X5,2.09,0.01104591,0
6540,Z80-X5,2.29,0.006903693,0
6541,Z80-X5,2.15,-0.004827586,0
6542,Z80-X5,2.1,-0.00172295,0
6543,Z80-X5,2.11,0.000344709,0
6544,Z80-X5,2.1,-0.000344471,0
6545,Z80-X5,2.08,-0.000690131,0
6546,Z80-X5,2.07,-0.000344471,0
6547,Z80-X5,2.05,-0.000689417,0
6548,Z80-X5,2.8,0.025862069,0
6549,Z80-X5,2.85,0.001721763,0
6550,Z80-X5,2.9,0.00172295,0
6551,Z80-X5,2.91,0.00034459,0
6552,Z80-X5,2.83,-0.002760524,0
6553,Z80-X5,2.91,0.002758621,0
6554,Z80-X5,2.86,-0.001722356,0
6555,Z80-X5,2.79,-0.002337229,0
6556,Z80-X5,2.89,0.003443526,0
6557,Z80-X5,2.9,0.000345185,0
6558,Z80-X5,3.5,0.062305296,1
6559,Z80-X5,4.17,0.069430052,1
6560,Z80-X5,4.97,0.08255934,1
6561,Z80-X5,6.1,0.117219917,1
6562,Z80-X5,7.24,0.117768595,1
6563,Z80-X5,8.37,0.117098446,1
6564,Z80-X5,9.43,0.11007269,1
6565,Z80-X5,10.49,0.109958506,1
6566,Z80-X5,11.56,0.110651499,1
6567,Z80-X5,12.69,0.116615067,1
6568,Z80-X5,13.82,0.116856256,1
6569,Z80-X5,14.94,0.116062176,1
6570,Z80-X5,16.18,0.128099174,1
6571,Z80-X5,17.41,0.127593361,1
6572,Z80-X5,18.65,0.128231644,1
6573,Z80-X5,19.81,0.119711042,1
6574,Z80-X5,22.2,0.123834197,1
6575,Z80-X5,24.37,0.074905074,1
6576,Z80-X5,24.78,0.014137931,1
6577,Z80-X5,25.16,0.013126079,1
6578,Z80-X5,25.41,0.008635579,1
6579,Z80-X5,25.69,0.009671848,1
6580,Z80-X5,26.05,0.012383901,1
6581,Z80-X5,26.65,0.020682523,1
6582,Z80-X5,26.87,0.007586207,1
6583,Z80-X5,27.4,0.018263267,1
6584,Z80-X5,28.3,0.031045188,1
6585,Z80-X5,28.9,0.020739717,1
6586,Z80-X5,29.51,0.021012745,1
6587,Z80-X5,30.5,0.034208708,1
6588,Z80-X5,31.4,0.031077348,1
6589,Z80-X5,32.15,0.025906736,1
6590,Z80-X5,32.7,0.018952447,1
6591,Z80-X5,33.4,0.024187975,1
6592,Z80-X5,34.2,0.027567195,1
6593,Z80-X5,34.91,0.024457458,1
6594,Z80-X5,35.57,0.022774327,1
6595,Z80-X5,36.2,0.021746634,1
6596,Z80-X5,37.07,0.030020704,1
6597,Z80-X5,35.97,-0.037983425,1
6598,Z80-X5,36.8,0.02862069,1
6599,Z80-X5,37.32,0.017918677,1
6600,Z80-X5,38.16,0.029005525,1
6601,Z80-X5,39,0.028995513,1
6602,Z80-X5,39.13,0.004484305,2
6603,Z80-X5,40.32,0.041076976,2
6604,Z80-X5,40.98,0.022758621,2
6605,Z80-X5,40.41,-0.019641626,2
6606,Z80-X5,39.91,-0.017295054,2
6607,Z80-X5,39.57,-0.011732229,2
6608,Z80-X5,40.4,0.028650328,2
6609,Z80-X5,40.9,0.017247327,2
6610,Z80-X5,43,0.072463768,2
6611,Z80-X5,40.9,-0.072413793,2
6612,Z80-X5,37.3,-0.124052378,2
6613,Z80-X5,38.12,0.02835408,2
6614,Z80-X5,38.8,0.023480663,2
6615,Z80-X5,39.79,0.034208708,2
6616,Z80-X5,40.5,0.024491204,2
6617,Z80-X5,41.29,0.027241379,2
6618,Z80-X5,41.6,0.010711818,2
6619,Z80-X5,41.81,0.007246377,2
6620,Z80-X5,42.12,0.010689655,2
6621,Z80-X5,42.47,0.012068966,2
6622,Z80-X5,42.49,0.002143623,2
6623,Z80-X5,42.46,-0.001036269,2
6624,Z80-X5,42.43,-0.001033058,2
6625,Z80-X5,42.4,-0.001038062,2
6626,Z80-X5,42.39,-0.000345066,2
6627,Z80-X5,42.38,-0.000345662,2
6628,Z80-X5,41.95,-0.014848066,2
6629,Z80-X5,41.51,-0.01520387,2
6630,Z80-X5,41.11,-0.0138217,2
6631,Z80-X5,40.76,-0.012085635,2
6632,Z80-X5,39.79,-0.033494475,3
6633,Z80-X5,38.78,-0.0348396,3
6634,Z80-X5,37.86,-0.031778929,3
6635,Z80-X5,36.96,-0.031163435,3
6636,Z80-X5,35.9,-0.036640166,3
6637,Z80-X5,35.2,-0.024171271,3
6638,Z80-X5,34.56,-0.022107081,3
6639,Z80-X5,34.56,0,3
6640,Z80-X5,34.56,0,3
6641,Z80-X5,33.9,-0.022797927,3
6642,Z80-X5,31.9,-0.069060773,3
6643,Z80-X5,29.82,-0.071823204,3
6644,Z80-X5,27,-0.097375691,3
6645,Z80-X5,24.1,-0.100241963,3
6646,Z80-X5,21.86,-0.077589193,3
6647,Z80-X5,20.08,-0.061570391,3
6648,Z80-X5,18.29,-0.061788057,3
6649,Z80-X5,16.6,-0.061769006,3
6650,Z80-X5,16.5,-0.063291139,3
6651,Z80-X5,15.65,-0.029411765,3
6652,Z80-X5,14.79,-0.029716655,3
6653,Z80-X5,14.1,-0.023867174,3
6654,Z80-X5,14.1,0,3
6662,Z80-X6,0,#VALUE!,0
6663,Z80-X6,0.33,0.015179393,0
6664,Z80-X6,0.35,0.000718907,0
6665,Z80-X6,0.44,0.003198294,0
6666,Z80-X6,0.41,-0.001083032,0
6667,Z80-X6,0.45,0.00145296,0
6668,Z80-X6,0.4,-0.001794044,0
6669,Z80-X6,0.57,0.005853994,0
6670,Z80-X6,0.65,0.002759572,0
6671,Z80-X6,0.79,0.004832585,0
6672,Z80-X6,0.72,-0.00241213,0
6673,Z80-X6,0.68,-0.00138217,0
6674,Z80-X6,0.62,-0.002073255,0
6675,Z80-X6,0.58,-0.001379786,0
6676,Z80-X6,0.53,-0.001724733,0
6677,Z80-X6,0.66,0.004485852,0
6678,Z80-X6,0.56,-0.003450656,0
6679,Z80-X6,0.5,-0.002071823,0
6680,Z80-X6,0.48,-0.000691802,0
6681,Z80-X6,0.15,-0.011398964,0
6682,Z80-X6,0.07,-0.00276434,0
6683,Z80-X6,0.1,0.001037344,0
6684,Z80-X6,0.1,0,0
6685,Z80-X6,0.1,0,0
6686,Z80-X6,0.8,0.024171271,0
6687,Z80-X6,1.14,0.011740331,0
6688,Z80-X6,1.32,0.00621118,0
6689,Z80-X6,1.05,-0.009345794,0
6690,Z80-X6,0.95,-0.003455425,0
6691,Z80-X6,0.85,-0.00333667,0
6692,Z80-X6,0.76,-0.003088538,0
6693,Z80-X6,0.66,-0.003451847,0
6694,Z80-X6,1.09,0.014873746,0
6695,Z80-X6,1.38,0.010024196,0
6696,Z80-X6,1.67,0.010020733,0
6697,Z80-X6,1.96,0.010020733,0
6698,Z80-X6,1.64,-0.011042098,0
6699,Z80-X6,1.13,-0.01761658,0
6700,Z80-X6,0.1,-0.035615491,0
6701,Z80-X6,0.79,0.023858921,0
6702,Z80-X6,1.58,0.027288428,0
6703,Z80-X6,1.71,0.004493605,0
6704,Z80-X6,1.63,-0.002766252,0
6705,Z80-X6,2.15,0.017962003,0
6706,Z80-X6,1.85,-0.01035554,0
6707,Z80-X6,1.54,-0.01071552,0
6708,Z80-X6,1.45,-0.003103448,0
6709,Z80-X6,1.52,0.002422145,0
6710,Z80-X6,1.58,0.002076125,0
6711,Z80-X6,1.63,0.001725328,0
6712,Z80-X6,1.78,0.005183138,0
6713,Z80-X6,1.93,0.005181347,0
6714,Z80-X6,1.89,-0.001381215,0
6715,Z80-X6,2.07,0.006219765,0
6716,Z80-X6,2.33,0.008981002,0
6717,Z80-X6,2.33,0,0
6718,Z80-X6,2.33,0,0
6719,Z80-X6,3.1,0.078252033,1
6720,Z80-X6,4.2,0.110775428,1
6721,Z80-X6,5.51,0.131658291,1
6722,Z80-X6,6.76,0.127291242,1
6723,Z80-X6,8.01,0.12926577,1
6724,Z80-X6,9.05,0.107883817,1
6725,Z80-X6,10.09,0.107549121,1
6726,Z80-X6,11.12,0.106957425,1
6727,Z80-X6,12.22,0.113753878,1
6728,Z80-X6,13.31,0.113070539,1
6729,Z80-X6,14.3,0.102697095,1
6730,Z80-X6,15.2,0.093457944,1
6731,Z80-X6,16.1,0.093264249,1
6732,Z80-X6,17,0.093360996,1
6733,Z80-X6,18,0.103626943,1
6734,Z80-X6,19,0.103626943,1
6735,Z80-X6,19.92,0.095435685,1
6736,Z80-X6,23,0.106463878,1
6737,Z80-X6,23.1,0.003459011,1
6738,Z80-X6,23.2,0.003454231,1
6739,Z80-X6,23.73,0.018320083,1
6740,Z80-X6,24.26,0.018320083,1
6741,Z80-X6,24.63,0.012785073,1
6742,Z80-X6,25,0.0128072,1
6743,Z80-X6,25.49,0.016943292,1
6744,Z80-X6,25.97,0.016574586,1
6745,Z80-X6,26.37,0.0138217,1
6746,Z80-X6,26.76,0.01349481,1
6747,Z80-X6,27.27,0.017634855,1
6748,Z80-X6,27.79,0.017974421,1
6749,Z80-X6,28.3,0.017610497,1
6750,Z80-X6,28.66,0.012435233,1
6751,Z80-X6,29.13,0.016240498,1
6752,Z80-X6,29.6,0.016240498,1
6753,Z80-X6,30.07,0.016240498,1
6754,Z80-X6,30.81,0.025587828,1
6755,Z80-X6,31.56,0.025888851,1
6756,Z80-X6,32.3,0.025552486,1
6757,Z80-X6,32.74,0.01519337,1
6758,Z80-X6,33.2,0.015894955,1
6759,Z80-X6,33.71,0.01761658,1
6760,Z80-X6,33.97,0.008987211,2
6761,Z80-X6,34.5,0.018313753,2
6762,Z80-X6,35,0.017259234,2
6763,Z80-X6,35.2,0.006903693,2
6764,Z80-X6,35.3,0.003455425,2
6765,Z80-X6,35.33,0.001037703,2
6766,Z80-X6,32.87,-0.084944751,2
6767,Z80-X6,34.1,0.042384562,2
6768,Z80-X6,34.7,0.02073255,2
6769,Z80-X6,35.3,0.020703934,2
6770,Z80-X6,35.3,0,2
6771,Z80-X6,35,-0.010366275,2
6772,Z80-X6,35.3,0.010359116,2
6773,Z80-X6,35,-0.010377032,2
6774,Z80-X6,34,-0.03455425,2
6775,Z80-X6,34.5,0.017271157,2
6776,Z80-X6,34.98,0.01659751,2
6777,Z80-X6,32.5,-0.085753804,3
6778,Z80-X6,30.85,-0.056955471,3
6779,Z80-X6,30.65,-0.006913239,3
6780,Z80-X6,30.4,-0.008632597,3
6781,Z80-X6,30.1,-0.010369858,3
6782,Z80-X6,29.89,-0.007246377,3
6783,Z80-X6,29.71,-0.006217617,3
6784,Z80-X6,29.51,-0.006908463,3
6785,Z80-X6,28.9,-0.02100551,3
6786,Z80-X6,28.2,-0.024221453,3
6787,Z80-X6,27.47,-0.025189786,3
6788,Z80-X6,26.62,-0.029381265,3
6789,Z80-X6,25.77,-0.029350829,3
6790,Z80-X6,24.92,-0.029371113,3
6791,Z80-X6,24.3,-0.021423635,3
6792,Z80-X6,23.9,-0.013812155,3
6793,Z80-X6,23.69,-0.007251381,3
6794,Z80-X6,23.04,-0.022421525,3
6795,Z80-X6,22.66,-0.013126079,3
6796,Z80-X6,22.24,-0.014542936,3
6797,Z80-X6,22.03,-0.007258901,3
6798,Z80-X6,21.84,-0.006560773,3
6799,Z80-X6,21.53,-0.010708117,3
6800,Z80-X6,21.01,-0.017949603,3
6801,Z80-X6,19.45,-0.053960567,3
6802,Z80-X6,18.93,-0.017962003,3
6803,Z80-X6,18.33,-0.020718232,3
6804,Z80-X6,17.61,-0.024861878,3
6805,Z80-X6,17.3,-0.024544735,3
6806,Z80-X6,16.89,-0.025107165,3
6807,Z80-X6,16.17,-0.02488766,3
6808,Z80-X6,15.5,-0.023207482,3
6809,Z80-X6,15.3,-0.018248175,3
6810,Z80-X6,15,-0.015789474,3
6844,Z80-X7,0,#VALUE!,0
6845,Z80-X7,0.26,0.012738854,0
6846,Z80-X7,0.17,-0.003095975,0
6847,Z80-X7,0.09,-0.002882883,0
6848,Z80-X7,0.17,0.002875629,0
6849,Z80-X7,0.26,0.003198294,0
6850,Z80-X7,0.35,0.003249097,0
6851,Z80-X7,0.43,0.002905921,0
6852,Z80-X7,0.51,0.00287047,0
6853,Z80-X7,0.6,0.003099174,0
6854,Z80-X7,0.8,0.006898931,0
6855,Z80-X7,0.9,0.003451847,0
6856,Z80-X7,0.9,0,0
6857,Z80-X7,0.8,-0.003455425,0
6858,Z80-X7,0.82,0.000691085,0
6859,Z80-X7,0.85,0.00103484,0
6860,Z80-X7,0.87,0.000689893,0
6861,Z80-X7,0.9,0.001035197,0
6862,Z80-X7,1.05,0.005175983,0
6863,Z80-X7,1.2,0.005179558,0
6864,Z80-X7,1.35,0.005188516,0
6865,Z80-X7,1.5,0.005181347,0
6866,Z80-X7,1.3,-0.009140768,0
6867,Z80-X7,1.8,0.018221574,0
6868,Z80-X7,1.9,0.003444712,0
6869,Z80-X7,2.02,0.004066418,0
6870,Z80-X7,2.14,0.004213483,0
6871,Z80-X7,2.26,0.004136505,0
6872,Z80-X7,2.37,0.003719986,0
6873,Z80-X7,2.4,0.001012829,0
6874,Z80-X7,2.22,-0.018691589,0
6875,Z80-X7,2.48,0.026998962,0
6876,Z80-X7,2.37,-0.011410788,0
6877,Z80-X7,2.21,-0.01659751,0
6878,Z80-X7,2.06,-0.015560166,0
6879,Z80-X7,1.9,-0.016563147,0
6880,Z80-X7,1.6,-0.010359116,0
6881,Z80-X7,1.3,-0.010337698,0
6882,Z80-X7,1,-0.010337698,0
6883,Z80-X7,0.6,-0.013774105,0
6884,Z80-X7,2.5,0.065562457,0
6885,Z80-X7,2.6,0.003451847,0
6886,Z80-X7,2.7,0.003451847,0
6887,Z80-X7,2.8,0.003448276,0
6888,Z80-X7,2.99,0.006547209,0
6889,Z80-X7,3.5,0.017580145,0
6890,Z80-X7,3.6,0.003444712,0
6891,Z80-X7,3.6,0,0
6892,Z80-X7,3.7,0.003444712,0
6893,Z80-X7,3.78,0.00275767,0
6894,Z80-X7,3.86,0.002758621,0
6895,Z80-X7,3.94,0.002754821,0
6896,Z80-X7,4.02,0.00275672,0
6897,Z80-X7,4.1,0.00275672,0
6898,Z80-X7,4.6,0.017253278,0
6899,Z80-X7,4.83,0.011898603,0
6900,Z80-X7,5.23,0.041365047,0
6901,Z80-X7,6.88,0.170454545,1
6902,Z80-X7,8.53,0.165330661,1
6903,Z80-X7,10.35,0.182547643,1
6904,Z80-X7,11.79,0.144869215,1
6905,Z80-X7,13.24,0.148565574,1
6906,Z80-X7,14.68,0.149222798,1
6907,Z80-X7,15.65,0.100206612,1
6908,Z80-X7,16.61,0.099173554,1
6909,Z80-X7,17.58,0.100206612,1
6910,Z80-X7,18.84,0.130434783,1
6911,Z80-X7,20.11,0.131198347,1
6912,Z80-X7,21.37,0.130841121,1
6913,Z80-X7,25.66,0.148084225,1
6914,Z80-X7,25.71,0.001725923,1
6915,Z80-X7,25.8,0.003109883,1
6916,Z80-X7,26.37,0.019648397,1
6917,Z80-X7,26.95,0.020006899,1
6918,Z80-X7,27.52,0.019661952,1
6919,Z80-X7,28.09,0.019675526,1
6920,Z80-X7,28.67,0.02,1
6921,Z80-X7,29.24,0.019689119,1
6922,Z80-X7,29.56,0.011053541,1
6923,Z80-X7,29.88,0.011053541,1
6924,Z80-X7,30.2,0.011007912,1
6925,Z80-X7,30.5,0.010341262,1
6926,Z80-X7,30.82,0.011034483,1
6927,Z80-X7,31.14,0.011026878,1
6928,Z80-X7,31.46,0.011038289,1
6929,Z80-X7,31.78,0.011061182,1
6930,Z80-X7,32.1,0.01102308,1
6931,Z80-X7,32.42,0.01105736,1
6932,Z80-X7,32.73,0.01070442,1
6933,Z80-X7,33.05,0.011053541,1
6934,Z80-X7,33.37,0.011026878,1
6935,Z80-X7,33.68,0.010711818,1
6936,Z80-X7,34,0.011026878,1
6937,Z80-X7,33.7,-0.010334137,2
6938,Z80-X7,33.63,-0.002415459,2
6939,Z80-X7,33.57,-0.002071108,2
6940,Z80-X7,33.5,-0.002415459,2
6941,Z80-X7,33.39,-0.003798343,2
6942,Z80-X7,33.29,-0.003448276,2
6943,Z80-X7,33.18,-0.003790489,2
6944,Z80-X7,33.61,0.014848066,2
6945,Z80-X7,34.23,0.02140145,2
6946,Z80-X7,34.85,0.021386685,2
6947,Z80-X7,35.48,0.021746634,2
6948,Z80-X7,35.9,0.014482759,2
6949,Z80-X7,37.2,0.044796692,2
6950,Z80-X7,38.5,0.044967139,2
6951,Z80-X7,36,-0.086266391,3
6952,Z80-X7,35.11,-0.030721436,3
6953,Z80-X7,32.26,-0.098309762,3
6954,Z80-X7,32.83,0.019668737,3
6955,Z80-X7,33.4,0.019655172,3
6956,Z80-X7,33.44,0.00137836,3
6957,Z80-X7,33.53,0.003112033,3
6958,Z80-X7,34.15,0.02140884,3
6959,Z80-X7,32.5,-0.057014513,3
6960,Z80-X7,31.82,-0.023456364,3
6961,Z80-X7,31.75,-0.002413793,3
6962,Z80-X7,31.73,-0.000691085,3
6963,Z80-X7,31.33,-0.013802622,3
6964,Z80-X7,31.01,-0.011034483,3
6965,Z80-X7,27.32,-0.127241379,3
6966,Z80-X7,23.64,-0.126984127,3
6967,Z80-X7,22.46,-0.040802213,3
6968,Z80-X7,21.27,-0.041105354,3
6969,Z80-X7,20.17,-0.037904893,3
6970,Z80-X7,18.59,-0.054407713,3
6971,Z80-X7,17.75,-0.028985507,3
6972,Z80-X7,16.67,-0.037228542,3
6973,Z80-X7,15.58,-0.037651123,3
6974,Z80-X7,14.5,-0.037215713,3
6975,Z80-X7,13.2,-0.044796692,3
6976,Z80-X7,12.1,-0.037878788,3
6977,Z80-X7,11.07,-0.035541753,3
6978,Z80-X7,10.5,-0.019689119,3
6979,Z80-X7,10.06,-0.015167184,3
6980,Z80-X7,9.97,-0.003115265,3
6981,Z80-X7,9.89,-0.002758621,3
6982,Z80-X7,9.8,-0.003108808,3
6983,Z80-X7,9.42,-0.013094418,3
6984,Z80-X7,9.04,-0.013085399,3
6985,Z80-X7,8.66,-0.013080895,3
6986,Z80-X7,8.63,-0.001034126,3
6987,Z80-X7,8.61,-0.000835771,3
6988,Z80-X7,8.6,-0.001976285,3
6989,Z80-X7,8.57,-0.001034126,3
6990,Z80-X7,8.43,-0.004822597,3
6991,Z80-X7,8.3,-0.006274131,3
6992,Z80-X7,8.3,0,3
7001,Z80-X8,0,#VALUE!,0
7002,Z80-X8,0.35,0.016099356,0
7003,Z80-X8,0.42,0.002516175,0
7004,Z80-X8,0.49,0.002487562,0
7005,Z80-X8,0.56,0.002527076,0
7006,Z80-X8,0.63,0.002542681,0
7007,Z80-X8,0.7,0.002511661,0
7008,Z80-X8,0.75,0.001721763,0
7009,Z80-X8,0.78,0.00103484,0
7010,Z80-X8,0.83,0.001725923,0
7011,Z80-X8,0.87,0.00137836,0
7012,Z80-X8,0.89,0.000691085,0
7013,Z80-X8,0.5,-0.013476158,0
7014,Z80-X8,0.6,0.003449465,0
7015,Z80-X8,0.7,0.003449465,0
7016,Z80-X8,0.8,0.003450656,0
7017,Z80-X8,0.97,0.005866115,0
7018,Z80-X8,0.87,-0.003453039,0
7019,Z80-X8,1.2,0.011414735,0
7020,Z80-X8,1.42,0.007599309,0
7021,Z80-X8,1.6,0.006219765,0
7022,Z80-X8,1.8,0.006915629,0
7023,Z80-X8,1.74,-0.003470214,0
7024,Z80-X8,1.63,-0.003797031,0
7025,Z80-X8,1.65,0.000688942,0
7026,Z80-X8,1.66,0.000344709,0
7027,Z80-X8,1.68,0.000690131,0
7028,Z80-X8,1.7,0.000689417,0
7029,Z80-X8,1.71,0.000345185,0
7030,Z80-X8,1.73,0.000689893,0
7031,Z80-X8,1.7,-0.001012487,0
7032,Z80-X8,1.68,-0.000679348,0
7033,Z80-X8,1.65,-0.001035912,0
7034,Z80-X8,1.63,-0.00068918,0
7035,Z80-X8,1.6,-0.00103377,0
7036,Z80-X8,1.65,0.001721763,0
7037,Z80-X8,1.39,-0.008971705,0
7038,Z80-X8,1.41,0.000690369,0
7039,Z80-X8,1.37,-0.001380739,0
7040,Z80-X8,1.28,-0.003103448,0
7041,Z80-X8,1.34,0.00206754,0
7042,Z80-X8,1.4,0.002068252,0
7043,Z80-X8,1.47,0.002411299,0
7044,Z80-X8,1.53,0.002070393,0
7045,Z80-X8,1.59,0.002066827,0
7046,Z80-X8,1.51,-0.00275767,0
7047,Z80-X8,1.43,-0.002758621,0
7048,Z80-X8,1.35,-0.002754821,0
7049,Z80-X8,1.27,-0.00275672,0
7050,Z80-X8,1.19,-0.00275672,0
7051,Z80-X8,1.11,-0.002760524,0
7052,Z80-X8,2.7,0.054827586,1
7053,Z80-X8,3.24,0.055785124,1
7054,Z80-X8,3.77,0.054752066,1
7055,Z80-X8,4.3,0.054808687,1
7056,Z80-X8,4.8,0.051975052,1
7057,Z80-X8,5.49,0.071280992,1
7058,Z80-X8,6.57,0.111917098,1
7059,Z80-X8,7.74,0.120867769,1
7060,Z80-X8,8.86,0.115702479,1
7061,Z80-X8,9.86,0.103305785,1
7062,Z80-X8,11.08,0.126293996,1
7063,Z80-X8,12.32,0.128099174,1
7064,Z80-X8,13.59,0.131879543,1
7065,Z80-X8,14.6,0.104880582,1
7066,Z80-X8,15.61,0.104663212,1
7067,Z80-X8,16.44,0.085655315,1
7068,Z80-X8,16.97,0.054979253,1
7069,Z80-X8,17.5,0.054752066,1
7070,Z80-X8,18.03,0.05492228,1
7071,Z80-X8,18.99,0.099688474,1
7072,Z80-X8,19.94,0.098547718,1
7073,Z80-X8,20.9,0.099276112,1
7074,Z80-X8,21.7,0.08255934,1
7075,Z80-X8,22.5,0.082730093,1
7076,Z80-X8,23.3,0.082901554,1
7077,Z80-X8,23.83,0.018282166,1
7078,Z80-X8,24.4,0.019661952,1
7079,Z80-X8,25.7,0.044874008,1
7080,Z80-X8,27.2,0.051724138,1
7081,Z80-X8,27.75,0.018998273,1
7082,Z80-X8,28.35,0.020725389,1
7083,Z80-X8,28.7,0.01208981,1
7084,Z80-X8,29.76,0.036463708,1
7085,Z80-X8,30.1,0.011720097,1
7086,Z80-X8,30.5,0.013559322,1
7087,Z80-X8,30.9,0.013550136,1
7088,Z80-X8,31.1,0.006898931,1
7089,Z80-X8,31.2,0.003456619,1
7090,Z80-X8,31.4,0.006889425,1
7091,Z80-X8,30.2,-0.0414651,1
7092,Z80-X8,29.06,-0.039364641,1
7093,Z80-X8,29.35,0.010017271,1
7094,Z80-X8,29.58,0.007925569,1
7095,Z80-X8,29.9,0.01105736,1
7096,Z80-X8,29.93,0.00103377,1
7097,Z80-X8,30.19,0.008956252,1
7098,Z80-X8,30.44,0.008626639,1
7099,Z80-X8,30.7,0.008974802,1
7100,Z80-X8,31.3,0.020703934,1
7101,Z80-X8,32.83,0.052831492,1
7102,Z80-X8,34.24,0.04862069,1
7103,Z80-X8,34.71,0.016195727,1
7104,Z80-X8,35.17,0.015883978,1
7105,Z80-X8,35.64,0.01622368,1
7106,Z80-X8,36.52,0.030355295,1
7107,Z80-X8,37.4,0.030376251,1
7108,Z80-X8,38.28,0.030344828,1
7109,Z80-X8,39.2,0.031702274,1
7110,Z80-X8,40.31,0.038395019,1
7111,Z80-X8,41,0.023809524,1
7112,Z80-X8,42.2,0.041422161,1
7113,Z80-X8,42.9,0.024146257,1
7114,Z80-X8,42.2,-0.024154589,1
7115,Z80-X8,41,-0.04137931,1
7116,Z80-X8,40.44,-0.019297037,1
7117,Z80-X8,40.88,0.015214385,1
7118,Z80-X8,41.49,0.021063536,1
7119,Z80-X8,41.93,0.01520387,1
7120,Z80-X8,42.2,0.009313556,2
7121,Z80-X8,42.32,0.004137931,2
7122,Z80-X8,42.35,0.001036628,2
7123,Z80-X8,42.4,0.001725328,2
7124,Z80-X8,42.7,0.010344828,2
7125,Z80-X8,44.79,0.072068966,2
7126,Z80-X8,44.79,0,2
7127,Z80-X8,44.79,0,2
7128,Z80-X8,44.79,0,2
7129,Z80-X8,44.7,-0.003101309,2
7130,Z80-X8,44.48,-0.007575758,2
7131,Z80-X8,44.13,-0.012077295,2
7132,Z80-X8,43.55,-0.019993106,2
7133,Z80-X8,43.12,-0.014853195,2
7134,Z80-X8,42.72,-0.013783598,2
7135,Z80-X8,42.31,-0.014128187,2
7136,Z80-X8,41.91,-0.013774105,2
7137,Z80-X8,41.51,-0.013802622,2
7138,Z80-X8,41.1,-0.014162349,2
7139,Z80-X8,40.7,-0.013788349,2
7140,Z80-X8,39.9,-0.027691243,2
7141,Z80-X8,38.1,-0.062068966,3
7142,Z80-X8,37.6,-0.017271157,3
7143,Z80-X8,37.3,-0.010337698,3
7144,Z80-X8,34,-0.113636364,3
7145,Z80-X8,33.2,-0.027538726,3
7146,Z80-X8,32.9,-0.010341262,3
7147,Z80-X8,32.7,-0.006898931,3
7148,Z80-X8,31.9,-0.027576698,3
7149,Z80-X8,31.25,-0.02239063,3
7150,Z80-X8,29.94,-0.045156842,3
7151,Z80-X8,28.96,-0.03380476,3
7152,Z80-X8,28.65,-0.01068597,3
7153,Z80-X8,28.43,-0.010392064,3
7154,Z80-X8,28.35,-0.010191083,3
7155,Z80-X8,28.04,-0.010708117,3
7156,Z80-X8,28.14,0.003447087,3
7157,Z80-X8,28.08,-0.00206754,3
7158,Z80-X8,28.08,0,3
7167,B193-X23,0,#VALUE!,0
7168,B193-X23,0.27,0.010481366,0
7169,B193-X23,0.14,-0.004689755,0
7170,B193-X23,0.1,-0.00141844,0
7171,B193-X23,0.28,0.006373938,0
7172,B193-X23,0.11,-0.006054131,0
7173,B193-X23,0.21,0.003546099,0
7174,B193-X23,0.17,-0.001402525,0
7175,B193-X23,0.13,-0.001379786,0
7176,B193-X23,0.43,0.010344828,0
7177,B193-X23,0.35,-0.002779708,0
7178,B193-X23,0.33,-0.001080497,0
7179,B193-X23,0.2,-0.007027027,0
7180,B193-X23,0.6,0.013898541,0
7181,B193-X23,1.8,0.041637752,0
7182,B193-X23,2.8,0.034614053,1
7183,B193-X23,3.3,0.017331023,1
7184,B193-X23,3.9,0.063224447,1
7185,B193-X23,4.4,0.051706308,1
7186,B193-X23,4.8,0.041322314,1
7187,B193-X23,5.3,0.052029136,1
7188,B193-X23,5.9,0.061919505,1
7189,B193-X23,6.8,0.093167702,1
7190,B193-X23,7.7,0.093555094,1
7191,B193-X23,8.7,0.103412616,1
7192,B193-X23,9.4,0.07253886,1
7193,B193-X23,9.9,0.051546392,1
7194,B193-X23,10.5,0.062305296,1
7195,B193-X23,11.6,0.113871636,1
7196,B193-X23,13.1,0.155440415,1
7197,B193-X23,14.5,0.144628099,1
7198,B193-X23,15.9,0.145833333,1
7199,B193-X23,17.8,0.196687371,1
7200,B193-X23,19.6,0.186915888,1
7201,B193-X23,21.2,0.165118679,1
7202,B193-X23,23,0.185758514,1
7203,B193-X23,24.8,0.185950413,1
7204,B193-X23,26.4,0.166147456,1
7205,B193-X23,28.2,0.18887723,1
7206,B193-X23,30.4,0.229166667,1
7207,B193-X23,32,0.165460186,1
7208,B193-X23,33.4,0.144927536,1
7209,B193-X23,35.5,0.217166494,1
7210,B193-X23,37.1,0.165460186,1
7211,B193-X23,39.2,0.222222222,1
7212,B193-X23,41.2,0.211640212,1
7213,B193-X23,42.8,0.165118679,1
7214,B193-X23,45.2,0.081995217,2
7215,B193-X23,44.8,-0.013665869,2
7216,B193-X23,44.4,-0.013812155,2
7217,B193-X23,44.4,0,2
7218,B193-X23,45.6,0.041565639,2
7219,B193-X23,44.9,-0.024322446,2
7220,B193-X23,44.5,-0.0138217,2
7221,B193-X23,44.8,0.010409438,2
7222,B193-X23,45.7,0.031002411,2
7223,B193-X23,45.2,-0.017325017,2
7224,B193-X23,45.1,-0.003451847,2
7225,B193-X23,44.9,-0.006942034,2
7226,B193-X23,44.8,-0.003477051,2
7227,B193-X23,44.7,-0.003451847,2
7228,B193-X23,44.5,-0.006975933,2
7229,B193-X23,44.2,-0.010413051,2
7230,B193-X23,43.8,-0.013769363,2
7231,B193-X23,44.5,0.024288688,2
7232,B193-X23,44.5,0,2
7233,B193-X23,44.6,0.003444712,2
7234,B193-X23,44.4,-0.006913239,2
7235,B193-X23,44.1,-0.010442047,2
7236,B193-X23,44.9,0.027614774,2
7237,B193-X23,45.7,0.027855153,2
7238,B193-X23,46.3,0.020768432,2
7239,B193-X23,46.2,-0.003479471,2
7240,B193-X23,45.2,-0.034831069,2
7241,B193-X23,44.9,-0.010359116,2
7242,B193-X23,44.8,-0.003447087,2
7243,B193-X23,45,0.006937218,2
7244,B193-X23,45.15,0.013837638,2
7245,B193-X23,45.4,0.013812155,2
7246,B193-X23,45.6,0.006944444,2
7247,B193-X23,45.2,-0.013783598,2
7248,B193-X23,45.5,0.01101726,2
7249,B193-X23,45.7,0.006913239,2
7250,B193-X23,46,0.010373444,2
7251,B193-X23,46.2,0.006901311,2
7252,B193-X23,46.2,0,2
7253,B193-X23,44.5,-0.05862069,2
7254,B193-X23,44.4,-0.003462604,2
7255,B193-X23,44.9,0.017217631,2
7256,B193-X23,44.4,-0.017385257,2
7257,B193-X23,43.4,-0.034806822,2
7258,B193-X23,43.4,0,2
7259,B193-X23,42.5,-0.031282586,2
7260,B193-X23,43.2,0.024297119,2
7261,B193-X23,42.5,-0.024246623,2
7262,B193-X23,42.1,-0.013893713,2
7263,B193-X23,42.6,0.017349063,2
7264,B193-X23,42.8,0.006903693,2
7265,B193-X23,42.86,0.003519062,2
7266,B193-X23,42.9,0.003378378,2
7267,B193-X23,42.7,-0.006898931,2
7268,B193-X23,42.7,0,2
7269,B193-X23,42.4,-0.010387812,2
7270,B193-X23,43.3,0.031163435,2
7271,B193-X23,43.7,0.013990906,2
7272,B193-X23,43.8,0.004526935,2
7273,B193-X23,43.8,0,2
7274,B193-X23,44.1,0.01083815,2
7275,B193-X23,44.9,0.027874564,2
7276,B193-X23,45.5,0.020949721,2
7277,B193-X23,46.2,0.024407252,2
7278,B193-X23,46.2,0,2
7279,B193-X23,46.21,0.005128205,2
7280,B193-X23,46.3,0.00375,2
7281,B193-X23,46.3,0,2
7282,B193-X23,46.3,0,2
7283,B193-X28,0,0.018100078,0
7284,B193-X28,0.1,0.007639419,0
7285,B193-X28,0.17,0.002451839,0
7286,B193-X28,0.06,-0.00385289,0
7287,B193-X28,0.47,0.014637629,0
7288,B193-X28,0.22,-0.008941345,0
7289,B193-X28,0.44,0.0078125,0
7290,B193-X28,0.46,0.000708215,0
7291,B193-X28,0.4,-0.003229279,0
7292,B193-X28,0.37,-0.001040583,0
7293,B193-X28,0.6,0.007963989,0
7294,B193-X28,0.98,0.01315334,0
7295,B193-X28,0.6,-0.012773109,0
7296,B193-X28,2.2,0.055555556,0
7297,B193-X28,2.6,0.013903372,0
7298,B193-X28,2.6,0,0
7299,B193-X28,2.7,0.003465003,0
7300,B193-X28,2.9,0.006963788,0
7301,B193-X28,3,0.003448276,0
7302,B193-X28,2.7,-0.010434783,0
7303,B193-X28,2.7,0,0
7304,B193-X28,3.7,0.104275287,1
7305,B193-X28,4.9,0.124740125,1
7306,B193-X28,6.4,0.15560166,1
7307,B193-X28,7.8,0.147058824,1
7308,B193-X28,8.7,0.093167702,1
7309,B193-X28,9.6,0.093360996,1
7310,B193-X28,11,0.145833333,1
7311,B193-X28,12.4,0.147368421,1
7312,B193-X28,13.9,0.156739812,1
7313,B193-X28,14.9,0.105042017,1
7314,B193-X28,15.7,0.084835631,1
7315,B193-X28,16.9,0.12605042,1
7316,B193-X28,18.1,0.12409514,1
7317,B193-X28,19.5,0.146443515,1
7318,B193-X28,20.8,0.135557873,1
7319,B193-X28,22.4,0.165460186,1
7320,B193-X28,23.6,0.127118644,1
7321,B193-X28,25.8,0.227979275,1
7322,B193-X28,27.9,0.219895288,1
7323,B193-X28,29.5,0.169491525,1
7324,B193-X28,30.4,0.031131097,2
7325,B193-X28,30,-0.013922729,2
7326,B193-X28,29.6,-0.013927577,2
7327,B193-X28,29.2,-0.013893713,2
7328,B193-X28,29,-0.00697107,2
7329,B193-X28,30.1,0.037944119,2
7330,B193-X28,30.1,0,2
7331,B193-X28,29.5,-0.020891365,2
7332,B193-X28,28.9,-0.020869565,2
7333,B193-X28,28.3,-0.020718232,2
7334,B193-X28,27.9,-0.013884068,2
7335,B193-X28,27.3,-0.020739717,2
7336,B193-X28,29,0.059295431,2
7337,B193-X28,29.1,0.003468609,2
7338,B193-X28,28.7,-0.013908206,2
7339,B193-X28,28.2,-0.017452007,2
7340,B193-X28,27.8,-0.013908206,2
7341,B193-X28,27.3,-0.017433752,2
7342,B193-X28,26.8,-0.017379214,2
7343,B193-X28,26.2,-0.020935101,2
7344,B193-X28,26.2,0,2
7345,B193-X28,26.3,0.003457815,2
7346,B193-X28,25.4,-0.031239153,2
7347,B193-X28,25.2,-0.006922811,2
7348,B193-X28,23.7,-0.052228412,3
7349,B193-X28,22.2,-0.052173913,3
7350,B193-X28,20.2,-0.069204152,3
7351,B193-X28,18.2,-0.069881202,3
7352,B193-X28,16.7,-0.052011096,3
7353,B193-X28,12.9,-0.131396957,3
7354,B193-X28,10.94,-0.097658196,3
7355,B193-X28,10.1,-0.096885813,3
7356,B193-X28,8.6,-0.052083333,3
7357,B193-X28,6.1,-0.087138376,3
7358,B193-X28,4.1,-0.069348128,3
7359,B193-X28,3.3,-0.027942717,3
7360,B193-X28,2.98,-0.01187384,3
7361,B193-X28,2.86,-0.004674718,3
7362,B193-X28,2.84,-0.006289308,3
7363,B193-X28,2.53,-0.010711818,3
7364,B193-X28,2.7,0.005898681,3
7365,B193-X28,2.53,-0.005929543,3
7366,B193-X28,2.51,-0.000691085,3
7367,B193-X28,2.57,0.002081165,3
7368,B193-X28,2.02,-0.019017981,3
7369,B193-X28,1.91,-0.003810184,3
7370,B193-X28,1.77,-0.007077856,3
7371,B193-X28,1.71,-0.006659267,3
7372,B193-X28,1.5,-0.008067614,3
7373,B193-X28,1.48,-0.007168459,3
7374,B193-X28,1.48,0,3
7375,B509-P13,0,0.000721951,0
7376,B509-P13,0.52,0.033036849,0
7377,B509-P13,0.49,-0.001684447,0
7378,B509-P13,0.33,-0.008547009,0
7379,B509-P13,0.41,0.004171011,0
7380,B509-P13,0.3,-0.005702436,0
7381,B509-P13,0.33,0.001567398,0
7382,B509-P13,0.19,-0.007257646,0
7383,B509-P13,0.13,-0.003171247,0
7384,B509-P13,0.36,0.012092534,0
7385,B509-P13,0.48,0.006259781,0
7386,B509-P13,0.33,-0.007949126,0
7387,B509-P13,0.56,0.012150026,0
7388,B509-P13,0.52,-0.002095338,0
7389,B509-P13,0.4,-0.004901961,0
7390,B509-P13,0.7,0.031217482,0
7391,B509-P13,0.6,-0.010427529,0
7392,B509-P13,0.99,0.040667362,0
7393,B509-P13,0.9,-0.009483667,0
7394,B509-P13,1.2,0.01048218,0
7395,B509-P13,1.5,0.010493179,0
7396,B509-P13,1.2,-0.010511563,0
7397,B509-P13,1.2,0,0
7398,B509-P13,1.2,0,0
7399,B509-P13,1.2,0,0
7400,B509-P13,1.2,0,0
7401,B509-P13,1.3,0.003502627,0
7402,B509-P13,1.4,0.003503854,0
7403,B509-P13,1.6,0.006973501,0
7404,B509-P13,1.5,-0.003459011,0
7405,B509-P13,1.7,0.006975933,0
7406,B509-P13,0.6,-0.038610039,0
7407,B509-P13,0.6,0,0
7408,B509-P13,1,0.041841004,0
7409,B509-P13,1.9,0.094339623,0
7410,B509-P13,2.6,0.07231405,0
7411,B509-P13,3.3,0.073221757,0
7412,B509-P13,4.5,0.126182965,1
7413,B509-P13,6.1,0.166147456,1
7414,B509-P13,7.6,0.157232704,1
7415,B509-P13,9.3,0.17838405,1
7416,B509-P13,10.9,0.169671262,1
7417,B509-P13,12.3,0.146290491,1
7418,B509-P13,13.7,0.144777663,1
7419,B509-P13,15.3,0.167364017,1
7420,B509-P13,17,0.177824268,1
7421,B509-P13,18.7,0.180467091,1
7422,B509-P13,20.2,0.15625,1
7423,B509-P13,21.3,0.115789474,1
7424,B509-P13,22.7,0.148619958,1
7425,B509-P13,24.4,0.175983437,1
7426,B509-P13,25.8,0.146596859,1
7427,B509-P13,26.8,0.10460251,1
7428,B509-P13,28.3,0.156087409,1
7429,B509-P13,30.3,0.207253886,1
7430,B509-P13,32,0.180467091,1
7431,B509-P13,32.7,0.072840791,1
7432,B509-P13,32.7,0,1
7433,B509-P13,32.9,0.020661157,1
7434,B509-P13,32.8,-0.010351967,1
7435,B509-P13,32.8,0,1
7436,B509-P13,32.9,0.010362694,1
7437,B509-P13,32.2,-0.073145246,1
7438,B509-P13,32.1,-0.010384216,1
7439,B509-P13,32.1,0,1
7440,B509-P13,32.2,0.010449321,1
7441,B509-P13,32.2,0,1
7442,B509-P13,32.1,-0.01039501,1
7443,B509-P13,32.1,0,1
7444,B509-P13,32.1,0,1
7445,B509-P13,32.2,0.01048218,1
7446,B509-P13,32.1,-0.010626993,1
7447,B509-P13,33.5,0.148462354,1
7448,B509-P13,35,0.158562368,1
7449,B509-P13,36.6,0.168421053,1
7450,B509-P13,39.1,0.262605042,1
7451,B509-P13,40.9,0.189473684,1
7452,B509-P13,42.2,0.135699374,1
7453,B509-P13,44.3,0.220820189,1
7454,B509-P13,46.1,0.188087774,1
7455,B509-P13,46.2,0.149253731,1
7456,B509-P13,47.5,0.146892655,1
7457,B509-P13,48.2,0.073995772,1
7458,B509-P13,49.8,0.169491525,1
7459,B509-P13,52.2,0.254237288,1
7460,B509-P13,55,0.289256198,1
7461,B509-P13,57,0.210526316,1
7462,B509-P13,58.9,0.19874477,1
7463,B509-P13,60.4,0.154479918,1
7464,B509-P13,62.1,0.179135933,1
7465,B509-P13,64.3,0.227743271,1
7466,B509-P13,66.3,0.208986416,1
7467,B509-P13,68.6,0.238836968,1
7468,B509-P13,69,0.042194093,1
7469,B509-P13,69.4,0.042105263,1
7470,B509-P13,71.5,0.216494845,1
7471,B509-P13,73.4,0.200421941,1
7472,B509-P13,75.9,0.261506276,1
7473,B509-P13,77.6,0.177638454,1
7474,B509-P13,80.2,0.273684211,1
7475,B509-P13,82.8,0.271682341,1
7476,B509-P13,85.3,0.261506276,1
7477,B509-P13,87.1,0.190274841,1
7478,B509-P13,87.3,0.020682523,1
7479,B509-P13,87.6,0.031479538,1
7480,B509-P13,87.6,0,1
7481,B509-P13,87.9,0.031612223,1
7482,B509-P13,88.1,0.020661157,1
7483,B509-P13,88.1,0,1
7484,B509-P13,88.1,0,1
7485,B509-P13,88.1,0,1
7486,B509-P13,88.1,0,1
7487,B509-P13,88.2,0.010683761,1
7488,B509-P13,89.2,0.10460251,1
7489,B509-P13,89.4,0.021119324,1
7490,B509-P13,89.8,0.041152263,1
7491,B509-P13,90.6,0.083073728,1
7492,B509-P13,89.4,-0.124740125,1
7493,B509-P13,89.1,-0.031088083,1
7494,B509-P13,90.8,0.177267987,1
7495,B509-P13,91.5,0.072463768,1
7496,B509-P13,92,0.052465897,1
7497,B509-P13,92,0,1
7498,B509-P13,92.4,0.04250797,1
7499,B509-P13,93,0.06204757,1
7500,B509-P13,93.2,0.020746888,1
7501,B509-P13,94.8,0.168954593,1
7502,B509-P13,94.8,0,1
7503,B509-P13,95.1,0.031413613,1
7504,B509-P13,95,-0.010460251,1
7505,B509-P13,94.6,-0.041365047,1
7506,B509-P13,94.9,0.031120332,1
7507,B509-P13,94.3,-0.063492063,1
7508,B509-P13,94,-0.031055901,1
7509,B509-P13,93.7,-0.031088083,1
7510,B509-P13,93.7,0,1
7511,B509-P13,94,0.031578947,1
7512,B509-P13,93.6,-0.041365047,1
7513,B509-P13,93.3,-0.030706244,1
7514,B509-P13,92.8,-0.052246604,1
7515,B509-P13,92.5,-0.031347962,1
7516,B509-P13,92.5,0,1
7517,BX357C,0,0.053623188,0
7518,BX357C,0.46,0.019878997,0
7519,BX357C,0.54,0.002873563,0
7520,BX357C,0.18,-0.013358071,0
7521,BX357C,0.09,-0.00329429,0
7522,BX357C,0.17,0.002886003,0
7523,BX357C,0.3,0.004659498,0
7524,BX357C,0.32,0.000716076,0
7525,BX357C,0.09,-0.008243728,0
7526,BX357C,0.43,0.011992945,0
7527,BX357C,0.27,-0.005616006,0
7528,BX357C,0.28,0.000347705,0
7529,BX357C,0.3,0.000791139,0
7530,BX357C,0.1,-0.006934813,0
7531,BX357C,0.2,0.003477051,0
7532,BX357C,0.3,0.003480682,0
7533,BX357C,0.2,-0.003461405,0
7534,BX357C,0.2,0,0
7535,BX357C,0.2,0,0
7536,BX357C,0.2,0,0
7537,BX357C,0.2,0,0
7538,BX357C,0.3,0.003506311,0
7539,BX357C,0.3,0,0
7540,BX357C,0.4,0.003497726,0
7541,BX357C,0.3,-0.003523608,0
7542,BX357C,0.3,0,0
7543,BX357C,0.3,0,0
7544,BX357C,0.2,-0.003463803,0
7545,BX357C,0.3,0.003480682,0
7546,BX357C,0.5,0.007047216,0
7547,BX357C,0.5,0,0
7548,BX357C,0.5,0,0
7549,BX357C,1.3,0.027835769,0
7550,BX357C,2.3,0.105820106,1
7551,BX357C,3.6,0.136268344,1
7552,BX357C,4.4,0.084121977,1
7553,BX357C,5.2,0.083594566,1
7554,BX357C,6.8,0.165975104,1
7555,BX357C,8.1,0.137275607,1
7556,BX357C,9.3,0.125786164,1
7557,BX357C,10.6,0.134297521,1
7558,BX357C,12.2,0.165460186,1
7559,BX357C,13.5,0.134436401,1
7560,BX357C,14.8,0.138150903,1
7561,BX357C,15.9,0.114822547,1
7562,BX357C,17.4,0.156739812,1
7563,BX357C,18.8,0.146290491,1
7564,BX357C,20.4,0.167364017,1
7565,BX357C,21.9,0.157894737,1
7566,BX357C,23.3,0.147058824,1
7567,BX357C,25,0.175257732,1
7568,BX357C,26.7,0.17838405,1
7569,BX357C,28,0.134436401,1
7570,BX357C,29.6,0.167714885,1
7571,BX357C,30.6,0.104931794,1
7572,BX357C,31.2,0.062893082,2
7573,BX357C,31.8,0.063357973,2
7574,BX357C,31,-0.027797081,2
7575,BX357C,31.7,0.024441341,2
7576,BX357C,33,0.045138889,2
7577,BX357C,33.3,0.01039501,2
7578,BX357C,32.9,-0.013981125,2
7579,BX357C,32.8,-0.003474635,2
7580,BX357C,33.6,0.027923211,2
7581,BX357C,33,-0.02078282,2
7582,BX357C,32.6,-0.013855213,2
7583,BX357C,33.8,0.042120042,2
7584,BX357C,33.4,-0.014059754,2
7585,BX357C,32.9,-0.017355085,2
7586,BX357C,33.7,0.027864855,2
7587,BX357C,33.8,0.003528582,2
7588,BX357C,33.5,-0.010504202,2
7589,BX357C,33.3,-0.00698812,2
7590,BX357C,32.7,-0.02091321,2
7591,BX357C,33.7,0.034758429,2
7592,BX357C,33.7,0,2
7593,BX357C,33.3,-0.013932428,2
7594,BX357C,32.8,-0.017379214,2
7595,BX357C,32.6,-0.00698324,2
7596,BX357C,31.5,-0.03826087,2
7597,BX357C,30.2,-0.045296167,2
7598,BX357C,29.63,-0.03859174,2
7599,BX357C,29.5,-0.038011696,2
7600,BX357C,29.41,-0.048128342,2
7601,BX357C,28.8,-0.046037736,2
7602,BX357C,29.6,0.035320088,2
7603,BX357C,30.5,0.031260854,2
7604,BX357C,30.54,0.022099448,2
7605,BX357C,31.1,0.020786934,2
7606,BX357C,31.5,0.013956734,2
7607,BX357C,31.5,0,2
7608,BX370,0.32,0.016033898,0
7609,BX370,0.27,-0.001791473,0
7610,BX370,0.25,-0.000718391,0
7611,BX370,0.14,-0.00395399,0
7612,BX370,0.07,-0.002502681,0
7613,BX370,0.05,-0.000720202,0
7614,BX370,0.42,0.013318934,0
7615,BX370,0.51,0.004756871,0
7616,BX370,0.3,-0.010169492,0
7617,BX370,0.4,0.003496503,0
7618,BX370,0.7,0.010515247,0
7619,BX370,0.9,0.007012623,0
7620,BX370,1,0.003531073,0
7621,BX370,1,0,0
7622,BX370,1.6,0.063357973,0
7623,BX370,2.5,0.094240838,1
7624,BX370,4,0.154320988,1
7625,BX370,4.8,0.080563948,1
7626,BX370,5.3,0.05192108,1
7627,BX370,6.2,0.093360996,1
7628,BX370,7.6,0.146904512,1
7629,BX370,9,0.148305085,1
7630,BX370,10.5,0.158562368,1
7631,BX370,11.1,0.062893082,1
7632,BX370,12,0.095137421,1
7633,BX370,12.7,0.073452256,1
7634,BX370,13.8,0.116896918,1
7635,BX370,14.9,0.115424974,1
7636,BX370,17,0.220125786,1
7637,BX370,18.5,0.15560166,1
7638,BX370,20.9,0.247167868,1
7639,BX370,22.4,0.159404888,1
7640,BX370,23.2,0.084566596,1
7641,BX370,23.3,0.010362694,1
7642,BX370,23.6,0.031779661,1
7643,BX370,24.2,0.063897764,1
7644,BX370,25.4,0.125918153,1
7645,BX370,26.7,0.135557873,1
7646,BX370,28.5,0.191489362,1
7647,BX370,30.1,0.166147456,1
7648,BX370,31,0.093457944,1
7649,BX370,31.9,0.031446541,1
7650,BX370,32,0.005252101,1
7651,BX370,31.8,-0.010587612,1
7652,BX370,33.6,0.06300315,1
7653,BX370,33.3,-0.010619469,2
7654,BX370,33.1,-0.007186489,2
7655,BX370,33,-0.009756098,2
7656,BX370,33.1,0.005221932,2
7657,BX370,33.6,0.026288118,2
7658,BX370,35.5,0.066713483,2
7659,BX370,35.3,-0.007034822,2
7660,BX370,35.1,-0.007054674,2
7661,BX370,34.7,-0.014010508,2
7662,BX370,34.5,-0.007022472,2
7663,BX370,34.4,-0.003546099,2
7664,BX370,34,-0.013986014,2
7665,BX370,33.6,-0.014124294,2
7666,BX370,33.4,-0.007032349,2
7667,BX370,33.1,-0.010522624,2
7668,BX370,33,-0.003503854,2
7669,BX370,32.9,-0.010526316,2
7670,BX370,32.9,0,2
7671,BX370,32.9,0,2
7672,BX370,32.7,-0.010449321,2
7673,BX370,32.5,-0.010526316,2
7674,BX370,32.4,-0.003542331,2
7675,BX370,32.3,-0.003512469,2
7676,BX370,32.3,0,2
7677,BX370,32.4,0.003503854,2
7678,BX370,32.4,0,2
7679,BX370,32.4,0,2
7680,BX370,32.3,-0.003505082,2
7681,BX370,32.2,-0.010504202,2
7682,BX370,32.2,0,2
7683,BX434,0,0.022268326,0
7684,BX434,0.33,0.022696011,0
7685,BX434,0.35,0.000712251,0
7686,BX434,0.26,-0.003211991,0
7687,BX434,0.4,0.004996431,0
7688,BX434,0.99,0.02764761,0
7689,BX434,1.81,0.122754491,1
7690,BX434,2.92,0.118843683,1
7691,BX434,3.9,0.104925054,1
7692,BX434,5,0.117773019,1
7693,BX434,6.1,0.117773019,1
7694,BX434,7.25,0.123126338,1
7695,BX434,8.4,0.123126338,1
7696,BX434,9.52,0.119914347,1
7697,BX434,10.64,0.119914347,1
7698,BX434,11.8,0.12033195,1
7699,BX434,12.9,0.1144641,1
7700,BX434,14,0.114345114,1
7701,BX434,15.21,0.125518672,1
7702,BX434,16.42,0.126304802,1
7703,BX434,17.63,0.125129266,1
7704,BX434,18.83,0.126315789,1
7705,BX434,20.04,0.125258799,1
7706,BX434,21.24,0.125,1
7707,BX434,22.44,0.124869927,1
7708,BX434,23.64,0.124740125,1
7709,BX434,24.85,0.125779626,1
7710,BX434,26.05,0.124610592,1
7711,BX434,27.24,0.125527426,1
7712,BX434,28.46,0.126293996,1
7713,BX434,29.68,0.126293996,1
7714,BX434,32.34,0.092457421,1
7715,BX434,33,0.023004531,2
7716,BX434,32.83,-0.005915101,2
7717,BX434,34.54,0.060063224,2
7718,BX434,35.16,0.032224532,2
7719,BX434,34.37,-0.030396306,2
7720,BX434,33.4,-0.033856894,2
7721,BX434,32.43,-0.033727399,2
7722,BX434,34.98,0.089192025,2
7723,BX434,34.28,-0.02417962,2
7724,BX434,33.57,-0.024644221,2
7725,BX434,32.87,-0.024154589,2
7726,BX434,33.36,0.016908213,2
7727,BX434,33.84,0.016777351,2
7728,BX434,33.48,-0.012491325,2
7729,BX434,33.12,-0.012504342,2
7730,BX434,34.8,0.058536585,2
7731,BX434,36.5,0.059151009,2
7732,BX434,36.17,-0.011478261,2
7733,BX434,35.81,-0.012482663,2
7734,BX434,35.46,-0.012285012,2
7735,BX434,36.11,0.022592979,2
7736,BX434,36.75,0.022330775,2
7737,BX434,37.4,0.022530329,2
7738,BX434,37.03,-0.012869565,2
7739,BX434,36.67,-0.012495661,2
7740,BX434,36.3,-0.012789492,2
7741,BX434,35.95,-0.012123311,2
7742,BX434,35.59,-0.012513034,2
7743,BX434,35.24,-0.012173913,2
7744,BX434,35.43,0.00656304,2
7745,BX434,35.63,0.006920415,2
7746,BX434,35.82,0.006599514,2
7747,BX434,35.72,-0.003457815,2
7748,BX434,35.61,-0.003826087,2
7749,BX434,35.51,-0.003479471,2
7750,BX434,35.27,-0.00837404,2
7751,BX434,35.04,-0.008030726,2
7752,BX434,34.8,-0.008298755,2
7753,BX434,34.62,-0.006219765,2
7754,BX434,34.45,-0.005902778,2
7755,BX434,34.73,0.009821115,2
7756,BX434,35.01,0.009708738,2
7757,BX434,35.29,0.009773124,2
7758,BX434,35.01,-0.009786788,2
7759,BX434,34.73,-0.009718848,2
7760,BX434,34.45,-0.009712105,2
7761,BX434,34.79,0.011821975,2
7762,BX434,35.12,0.011402903,2
7763,BX434,35.46,0.011752506,2
7764,BX434,35.42,-0.001380739,2
7765,BX434,35.37,-0.00174703,2
7766,BX434,35.33,-0.001396648,2
7767,BX434,35.11,-0.007662835,2
7768,BX434,34.89,-0.007727432,2
7769,BX434,34.67,-0.007638889,2
7770,BX434,35.66,0.034267913,2
7771,BX434,36.65,0.034375,2
7772,BX434,36.14,-0.017894737,2
7773,BX434,35.63,-0.017708333,2
7774,BX434,35.11,-0.017943409,2
7775,BX434,35.11,0,2
7776,BX434,35.11,0,2
7777,BX434,35.11,0,2
7778,BX434,34.96,-0.005226481,2
7779,BX434,34.8,-0.005565217,2
7780,BX434,34.99,0.006592644,2
7781,BX434,35.19,0.006946857,2
7782,BX434,35.38,0.00656304,2
7783,BX434,35.51,0.004517026,2
7784,BX434,35.64,0.004528039,2
7785,BX434,35.77,0.004485852,2
7786,BX434,35.12,-0.022437004,2
7787,BX434,34.48,-0.022237665,2
7788,BX434,33.84,-0.022222222,2
7789,BX434,34.06,0.007601935,2
7790,BX434,34.28,0.007588824,2
7791,BX434,34.5,0.007604563,2
7792,BX434,35.04,0.018776078,2
7793,BX434,35.58,0.018769552,2
7794,BX434,36.12,0.018861334,2
7795,BX434,35.39,-0.025356026,2
7796,BX434,34.66,-0.025373653,2
7797,BX434,33.93,-0.025347222,2
7798,BX434,34.44,0.017677643,2
7799,BX434,34.95,0.017708333,2
7800,BX434,35.46,0.01761658,2
7801,BX434,35.3,-0.005545927,2
7802,BX434,35,-0.010366275,2
7803,BX434,34.7,-0.010420285,2
7804,BX434,34.45,-0.008674532,2
7805,BX434,35.6,0.039875173,2
7806,BX434,35.35,-0.00862069,2
7807,BX434,35.11,-0.008376963,2
7808,BX434,34.69,-0.014613779,2
7809,BX434,34.26,-0.014842941,2
7810,BX434,33.84,-0.014547974,2
7811,BX434,32.74,-0.038062284,2
7812,BX434,33.97,0.042590028,2
7813,BX434,31.86,-0.073827852,2
7814,BX434,32.85,0.034834624,2
7815,BX434,33.3,0.034562212,2
7816,BX434,33.84,0.034615385,2
7817,BX434,33.04,-0.027700831,2
7818,BX434,32.25,-0.027709576,2
7819,BX434,31.46,-0.027449618,2
7820,BX434,30.7,-0.026694766,2
7821,BX434,29.93,-0.026923077,2
7822,BX434,28.52,-0.04921466,2
7823,BX434,29.25,0.02547104,2
7824,BX434,29.97,0.02513089,2
7825,BX434,29.36,-0.021202642,2
7826,BX434,29,-0.01865285,2
7827,BX434,29,0,2
7828,BX454,0,0.008132361,0
7829,BX454,0.2,0.008247423,0
7830,BX454,0.3,0.003591954,0
7831,BX454,0.4,0.003614022,0
7832,BX454,0.31,-0.003223496,0
7833,BX454,0.26,-0.001797268,0
7834,BX454,0.15,-0.003995641,0
7835,BX454,0.13,-0.000722022,0
7836,BX454,0.19,0.002115656,0
7837,BX454,0.26,0.002440725,0
7838,BX454,0.4,0.004879749,0
7839,BX454,0.45,0.001734906,0
7840,BX454,0.52,0.00243563,0
7841,BX454,0.66,0.004891684,0
7842,BX454,0.71,0.001735509,0
7843,BX454,0.75,0.001398601,0
7844,BX454,0.79,0.001387444,0
7845,BX454,0.75,-0.001389371,0
7846,BX454,0.7,-0.001734305,0
7847,BX454,0.92,0.007604563,0
7848,BX454,1.14,0.007727432,0
7849,BX454,1.12,-0.000694686,0
7850,BX454,1.1,-0.001219512,0
7851,BX454,1,-0.005277045,0
7852,BX454,1.1,0.003459011,0
7853,BX454,1.1,0,0
7854,BX454,1.2,0.003460208,0
7855,BX454,1.2,0,0
7856,BX454,1.3,0.003503854,0
7857,BX454,1.3,0,0
7858,BX454,1.3,0,0
7859,BX454,1.2,-0.003480682,0
7860,BX454,1.3,0.003500175,0
7861,BX454,0.8,-0.017531557,0
7862,BX454,0.2,-0.021067416,0
7863,BX454,0.6,0.013947001,0
7864,BX454,1.1,0.017313019,0
7865,BX454,1.1,0,0
7866,BX454,1,-0.00349406,0
7867,BX454,1,0,0
7868,BX454,1,0,0
7869,BX454,1,0,0
7870,BX454,1,0,0
7871,BX454,1.1,0.010582011,0
7872,BX454,1.1,0,0
7873,BX454,1.2,0.010341262,0
7874,BX454,1.3,0.010504202,0
7875,BX454,1.5,0.020703934,0
7876,BX454,3.1,0.165460186,1
7877,BX454,4.7,0.167539267,1
7878,BX454,6.4,0.17838405,1
7879,BX454,7.9,0.15625,1
7880,BX454,9.7,0.186528497,1
7881,BX454,11.5,0.1875,1
7882,BX454,12.8,0.135699374,1
7883,BX454,14.2,0.148148148,1
7884,BX454,15.3,0.113753878,1
7885,BX454,16.5,0.126315789,1
7886,BX454,17.4,0.093457944,1
7887,BX454,19.1,0.180275716,1
7888,BX454,20.4,0.135983264,1
7889,BX454,22.1,0.180084746,1
7890,BX454,23.8,0.178197065,1
7891,BX454,25.3,0.159235669,1
7892,BX454,27,0.180275716,1
7893,BX454,28.4,0.147058824,1
7894,BX454,29.8,0.145228216,1
7895,BX454,31.2,0.145833333,1
7896,BX454,31,-0.006995453,2
7897,BX454,31.3,0.010452962,2
7898,BX454,31.2,-0.003474635,2
7899,BX454,31.3,0.003466205,2
7900,BX454,31.4,0.003503854,2
7901,BX454,31,-0.013947001,2
7902,BX454,30.2,-0.028099754,2
7903,BX454,29.5,-0.024492652,2
7904,BX454,30.9,0.048712596,2
7905,BX454,31.6,0.024356298,2
7906,BX454,31.5,-0.003506311,2
7907,BX454,31.1,-0.013947001,2
7908,BX454,30.9,-0.006990563,2
7909,BX454,30.6,-0.010420285,2
7910,BX454,31.1,0.017379214,2
7911,BX454,31.8,0.024162927,2
7912,BX454,32.3,0.017439833,2
7913,BX454,32,-0.010478519,2
7914,BX454,31.9,-0.003475843,2
7915,BX454,32.4,0.017488632,2
7916,BX454,32.1,-0.010460251,2
7917,BX454,30.7,-0.049226442,2
7918,BX454,30.3,-0.013769363,2
7919,BX454,31.1,0.027826087,2
7920,BX454,31.1,0,2
7921,BX454,31,-0.003528582,2
7922,BX454,30.6,-0.0140007,2
7923,BX454,29.9,-0.024613221,2
7924,BX454,30.4,0.017476407,2
7925,BX454,30.1,-0.010518934,2
7926,BX454,29.7,-0.014035088,2
7927,BX454,29.6,-0.003439972,2
7928,BX454,29.1,-0.017265193,2
7929,BX454,29.1,0,2
7930,BX454,28.2,-0.031380753,2
7931,BX454,28.2,0,2
7932,BX454,28.3,0.003478261,2
7933,BX454,27.6,-0.024501225,2
7934,BX454,27.1,-0.017458101,2
7935,BX454,27,-0.003510004,2
7936,BX454,26.6,-0.014074595,2
7937,BX454,27.2,0.020986359,2
7938,BX454,26.6,-0.020855057,2
7939,BX454,28.5,0.066549912,2
7940,BX454,30.6,0.073761855,2
7941,BX454,30.4,-0.006918021,2
7942,BX454,30,-0.013845621,2
7943,BX454,29.8,-0.007010165,2
7944,BX454,29.3,-0.017458101,2
7945,BX454,29.1,-0.006930007,2
7946,BX454,29.1,0,2
7947,BX454,28.4,-0.024518389,2
7948,BX454,28.6,0.006951686,2
7949,BX454,29.7,0.038287504,2
7950,BX454,29,-0.02452698,2
7951,BX454,28.6,-0.013860014,2
7952,BX454,28,-0.022624434,2
7953,BX454,28.4,0.013783598,2
7954,BX454,30.1,0.058925477,2
7955,BX454,29.1,-0.034782609,2
7956,BX454,29.1,0,2
7957,BX454,30.8,0.058986815,2
7958,BX454,30.1,-0.024518389,2
7959,BX454,29.3,-0.028089888,2
7960,BX454,28.6,-0.024441341,2
7961,BX454,29.8,0.041594454,2
7962,BX454,28.6,-0.041972718,2
7963,BX454,28.26,-0.034170854,2
7964,BX454,27.6,-0.034736842,2
7965,BX454,28.8,0.041768187,2
7966,BX454,27.4,-0.049088359,2
7967,BX454,27.1,-0.01048218,2
7968,BX454,29.3,0.076575009,2
7969,BX454,28.6,-0.024509804,2
7970,BX454,27.3,-0.045138889,2
7971,BX454,28,0.02433936,2
7972,BX454,29,0.034867503,2
7973,BX454,29.5,0.020815987,2
7974,BX454,29.6,0.021186441,2
7975,BX454,30.1,0.017337032,2
7976,BX454,30.9,0.027991603,2
7977,BX454,32,0.038181187,2
7978,BX454,29.7,-0.079778009,2
7979,BX454,28.9,-0.027748873,2
7980,BX454,29.9,0.034952814,2
7981,BX454,29.99,0.003480278,2
7982,BX454,30,0.003649635,2
7983,BX454,30.7,0.024137931,2
7984,BX454,31.04,0.017102616,2
7985,BX454,31.2,0.017817372,2
7986,BX454,31.9,0.038043478,2
7987,BX467,0,0.008352972,0
7988,BX467,0.41,0.034745763,0
7989,BX467,0.81,0.014875418,0
7990,BX467,0.83,0.000719424,0
7991,BX467,0.98,0.005419075,0
7992,BX467,0.96,-0.00070922,0
7993,BX467,1.01,0.001790831,0
7994,BX467,0.96,-0.001794044,0
7995,BX467,0.96,0,0
7996,BX467,1.01,0.00178444,0
7997,BX467,0.95,-0.002136752,0
7998,BX467,0.88,-0.002496434,0
7999,BX467,0.83,-0.001786991,0
8000,BX467,0.91,0.002752925,0
8001,BX467,0.96,0.001719986,0
8002,BX467,1.02,0.002064694,0
8003,BX467,1.1,0.002751978,0
8004,BX467,1.01,-0.003095975,0
8005,BX467,0.97,-0.001375516,0
8006,BX467,1.01,0.001378835,0
8007,BX467,1.12,0.003786575,0
8008,BX467,1.27,0.005158184,0
8009,BX467,1.15,-0.005359536,0
8010,BX467,1.13,-0.001934236,0
8011,BX467,1.06,-0.002407153,0
8012,BX467,1,-0.002063983,0
8013,BX467,0.94,-0.002063983,0
8014,BX467,0.89,-0.001720578,0
8015,BX467,0.83,-0.002063983,0
8016,BX467,0.85,0.000688231,0
8017,BX467,0.86,0.000344234,0
8018,BX467,0.88,0.000690131,0
8019,BX467,0.91,0.001045296,0
8020,BX467,0.94,0.001035197,0
8021,BX467,0.97,0.001040222,0
8022,BX467,0.98,0.000344947,0
8023,BX467,1,0.000690369,0
8024,BX467,1.01,0.000345304,0
8025,BX467,0.95,-0.002068252,0
8026,BX467,0.89,-0.002070393,0
8027,BX467,0.83,-0.002068966,0
8028,BX467,0.83,0,0
8029,BX467,0.83,0,0
8030,BX467,0.83,0,0
8031,BX467,0.85,0.000693241,0
8032,BX467,0.86,0.000346861,0
8033,BX467,0.88,0.000688468,0
8034,BX467,0.89,0.000347222,0
8035,BX467,0.9,0.000345066,0
8036,BX467,0.92,0.000689893,0
8037,BX467,0.94,0.000690131,0
8038,BX467,0.97,0.001035554,0
8039,BX467,0.92,-0.001723544,0
8040,BX467,0.88,-0.001379786,0
8041,BX467,0.85,-0.001036628,0
8042,BX467,0.83,-0.000689893,0
8043,BX467,0.71,-0.004137931,0
8044,BX467,0.63,-0.002772964,0
8045,BX467,0.58,-0.001724733,0
8046,BX467,1.8,0.042229145,0
8047,BX467,1.76,-0.00137836,0
8048,BX467,1.92,0.005517241,0
8049,BX467,2.24,0.011049724,0
8050,BX467,2.16,-0.002758621,0
8051,BX467,2.15,-0.000344947,0
8052,BX467,2.06,-0.003104519,0
8053,BX467,1.98,-0.002760524,0
8054,BX467,1.89,-0.003104519,0
8055,BX467,1.76,-0.004482759,0
8056,BX467,1.62,-0.004829251,0
8057,BX467,1.49,-0.004484305,0
8058,BX467,1.58,0.003104519,0
8059,BX467,1.67,0.003106662,0
8060,BX467,1.76,0.003101309,0
8061,BX467,1.96,0.020682523,0
8062,BX467,3.05,0.112953368,1
8063,BX467,4.43,0.143005181,1
8064,BX467,5.7,0.131469979,1
8065,BX467,7.16,0.150826446,1
8066,BX467,8.53,0.141675284,1
8067,BX467,9.82,0.133540373,1
8068,BX467,10.89,0.111458333,1
8069,BX467,12.28,0.143743537,1
8070,BX467,13.25,0.100414079,1
8071,BX467,14.43,0.122026887,1
8072,BX467,15.6,0.120867769,1
8073,BX467,18.06,0.084856847,1
8074,BX467,17.31,-0.025862069,2
8075,BX467,16.39,-0.031702274,2
8076,BX467,17.27,0.030323915,2
8077,BX467,17.01,-0.008981002,2
8078,BX467,16.57,-0.015198618,2
8079,BX467,18.5,0.066551724,2
8080,BX467,18.59,0.003102378,2
8081,BX467,17.75,-0.028975509,2
8082,BX467,18.54,0.027250776,2
8083,BX467,18.85,0.010689655,2
8084,BX467,17.93,-0.03175699,2
8085,BX467,16.61,-0.045532942,2
8086,BX467,14.94,-0.057606071,2
8087,BX467,13.97,-0.033459814,2
8088,BX467,12.92,-0.036231884,2
8089,BX467,13.1,0.006213324,2
8090,BX467,13.93,0.028819444,2
8091,BX467,13.27,-0.022774327,2
8092,BX467,13.1,-0.005884389,2
8093,BX467,12.92,-0.006228374,2
8094,BX467,11.65,-0.043868739,2
8095,BX467,11.25,-0.0138217,2
8096,BX467,10.55,-0.024255024,2
8097,BX467,9.98,-0.01968232,2
8098,BX467,9.67,-0.010395708,2
8099,BX467,10.06,0.013471503,2
8100,BX467,9.67,-0.013485477,2
8101,BX467,9.01,-0.023012552,2
8102,BX467,8.67,-0.011785095,2
8103,BX467,8.35,-0.011118833,2
8104,BX467,8.79,0.015256588,2
8105,BX467,9.62,0.028709789,2
8106,BX467,9.32,-0.010366275,2
8107,BX467,9.23,-0.003119584,2
8108,BX467,9.36,0.004487401,2
8109,BX467,9.89,0.018294788,2
8110,BX467,10.42,0.018294788,2
8111,BX467,10.63,0.007263923,2
8112,BX467,10.46,-0.005921282,2
8113,BX467,10.37,-0.003106662,2
8114,BX467,10.59,0.007596685,2
8115,BX467,10.5,-0.003106662,2
8116,BX467,10.5,0,2
8117,BX467,9.8,-0.024162927,2
8118,BX467,9.32,-0.016540317,2
8119,BX467,9.49,0.00293407,2
8120,BX467,9.62,0.004481213,2
8121,BX467,9.8,0.006209038,2
8122,BX467,9.8,0,2
8123,BX467,10,0.006946857,2
8124,BX467,10.2,0.006930007,2
8125,BX467,10.55,0.012190874,2
8126,BX467,11.16,0.021107266,2
8127,BX467,11.5,0.005877269,2
8128,BX467,12,0.00862069,2
8129,BX698,0,0.003088803,0
8130,BX698,0.32,0.030651341,0
8131,BX698,0.32,0,0
8132,BX698,0.25,-0.002461322,0
8133,BX698,0.48,0.008047586,0
8134,BX698,0.27,-0.007389163,0
8135,BX698,0.43,0.005594406,0
8136,BX698,0.49,0.002105263,0
8137,BX698,0.36,-0.004559804,0
8138,BX698,0.46,0.003510004,0
8139,BX698,0.53,0.002452698,0
8140,BX698,0.89,0.012636013,0
8141,BX698,0.44,-0.022255193,0
8142,BX698,0.45,0.00034662,0
8143,BX698,0.43,-0.000692761,0
8144,BX698,0.53,0.003475843,0
8145,BX698,0.6,0.002425502,0
8146,BX698,0.62,0.000693241,0
8147,BX698,0.63,0.000348189,0
8148,BX698,0.64,0.000347584,0
8149,BX698,0.65,0.000347343,0
8150,BX698,0.66,0.000345185,0
8151,BX698,0.7,0.001393243,0
8152,BX698,0.75,0.001745201,0
8153,BX698,0.88,0.004509192,0
8154,BX698,0.95,0.002424662,0
8155,BX698,1.05,0.003459011,0
8156,BX698,1.06,0.0003465,0
8157,BX698,1.08,0.000693241,0
8158,BX698,1.1,0.000692521,0
8159,BX698,1.12,0.000693241,0
8160,BX698,1.14,0.000691324,0
8161,BX698,1.04,-0.003467406,0
8162,BX698,0.97,-0.002463921,0
8163,BX698,0.92,-0.001740947,0
8164,BX698,1.08,0.005517241,0
8165,BX698,1.19,0.003808864,0
8166,BX698,1.26,0.00242047,0
8167,BX698,1.38,0.004159445,0
8168,BX698,1.41,0.001038062,0
8169,BX698,1.32,-0.003138075,0
8170,BX698,1.63,0.010850543,0
8171,BX698,1.93,0.031088083,0
8172,BX698,2.94,0.106092437,1
8173,BX698,3.78,0.087046632,1
8174,BX698,5.1,0.1375,1
8175,BX698,6.37,0.131469979,1
8176,BX698,7.38,0.106540084,1
8177,BX698,8.44,0.109504132,1
8178,BX698,9.45,0.103696099,1
8179,BX698,10.55,0.114226376,1
8180,BX698,12.02,0.153284672,1
8181,BX698,13.18,0.123142251,1
8182,BX698,14.41,0.127593361,1
8183,BX698,15.91,0.155118925,1
8184,BX698,16.3,0.040289256,1
8185,BX698,16.7,0.041450777,1
8186,BX698,16.48,-0.023084995,1
8187,BX698,17.23,0.078043704,1
8188,BX698,18.06,0.086278586,1
8189,BX698,19.07,0.104554865,1
8190,BX698,20.21,0.118997912,1
8191,BX698,21.01,0.082987552,1
8192,BX698,22.28,0.044328098,1
8193,BX698,22.19,-0.003119584,2
8194,BX698,22.06,-0.004495159,2
8195,BX698,21.67,-0.013471503,2
8196,BX698,21.93,0.009024644,2
8197,BX698,23.2,0.044390073,2
8198,BX698,23.33,0.004526462,2
8199,BX698,23.29,-0.002097535,2
8200,BX698,23.6,0.016095535,2
8201,BX698,24.08,0.016620499,2
8202,BX698,24.48,0.013908206,2
8203,BX698,24.87,0.013480816,2
8204,BX698,24.7,-0.00592541,2
8205,BX698,25.18,0.016643551,2
8206,BX698,25.8,0.021512838,2
8207,BX698,25.71,-0.003123915,2
8208,BX698,26.1,0.013480816,2
8209,BX698,26.67,0.019560741,2
8210,BX698,27.16,0.016931583,2
8211,BX698,27.3,0.004839267,2
8212,BX698,27.29,-0.000347705,2
8213,BX698,27.47,0.006247831,2
8214,BX698,26.98,-0.017079122,2
8215,BX698,26.63,-0.012144344,2
8216,BX698,26.76,0.004490501,2
8217,BX698,26.98,0.00762565,2
8218,BX698,27.5,0.018239214,2
8219,BX698,27.07,-0.014956522,2
8220,BX698,27.25,0.009340944,2
8221,BX698,27.77,0.017955801,2
8222,BX698,27.86,0.003140265,2
8223,BX698,28.04,0.00628053,2
8224,BX698,27.69,-0.012123311,2
8225,BX698,27.69,0,2
8226,BX698,27.8,0.005102041,2
8227,BX698,28.3,0.017403411,2
8228,BX698,28.08,-0.007623008,2
8229,BX698,28.13,0.001740341,2
8230,BX698,27.25,-0.030418251,2
8231,BX698,27.33,0.002786486,2
8232,BX698,26.76,-0.019736842,2
8233,BX698,27.33,0.020049244,2
8234,BX698,28.61,0.044568245,2
8235,BX698,29.36,0.025996534,2
8236,BX698,29.58,0.007623008,2
8237,BX698,29.75,0.005888466,2
8238,BX698,30.06,0.01073779,2
8239,BX698,29.88,-0.00621547,2
8240,BX698,29.93,0.001743375,2
8241,BX698,30.28,0.012173913,2
8242,BX698,30.19,-0.003140265,2
8243,BX698,30.39,0.006973501,2
8244,BX698,30.7,0.010734072,2
8245,BX698,30.3,-0.013879251,2
8246,BX698,30.21,-0.003122831,2
8247,BX698,30.5,0.009986226,2
8248,BX698,30.01,-0.016908213,2
8249,BX698,29.36,-0.023584906,2
8250,BX698,29.18,-0.006254343,2
8251,BX698,29.71,0.018282166,2
8252,BX698,29.88,0.006273063,2
8253,BX698,29.36,-0.018018018,2
8254,BX698,29,-0.012504342,2
8255,BX698,28.56,-0.015304348,2
8256,BX698,27.86,-0.024492652,2
8257,BX698,28.65,0.027364046,2
8258,BX698,27.82,-0.028819444,2
8259,BX698,27.91,0.003136982,2
8260,BX698,27.6,-0.010726644,2
8261,BX698,27.11,-0.017043478,2
8262,BX698,27.82,0.035218254,2
8263,BX698,28.13,0.035714286,2
8264,BX698,27.33,-0.027835769,2
8265,BX698,27.33,0,2
8266,BX698,28.17,0.029075805,2
8267,BX698,27.64,-0.018370884,2
8268,BX698,26.54,-0.037904893,2
8269,BX698,27.45,0.031707317,2
8270,BX698,27.64,0.01973001,2
8271,BX698,27.86,0.007628294,2
8272,BX698,26.94,-0.048016701,2
8273,BX698,26.5,-0.015235457,2
8274,BX698,26,-0.017295054,2
8275,BX698,25.1,-0.031391699,2
8276,BX698,25,-0.003489184,2
8277,BX698,25.4,0.041322314,2
8278,BX698,26.89,0.051934472,2
8279,BX698,26.5,-0.02045097,2
8280,BX698,26.24,-0.013347023,2
8281,BX698,26.1,-0.004884857,2
8282,BX698,25.49,-0.021433591,2
8283,BX698,25.14,-0.013639906,2
8284,BX698,25.1,-0.012944984,2
8285,BX698,26.6,0.05179558,2
8286,BX698,26.26,-0.011801458,2
8287,BX698,25.97,-0.010118632,2
8288,BX698,25.41,-0.019310345,2
8289,BX698,25.09,-0.015496368,2
8290,BX698,24.96,-0.015700483,2
8291,BX698,24.61,-0.012144344,2
8292,BX698,24.08,-0.018460467,2
8293,BX698,23.91,-0.005929543,2
8294,BX698,23.69,-0.007604563,2
8295,BX698,23.96,0.014453961,2
8296,BX698,23.96,0,2
8297,BX698,23.78,-0.006232687,2
8298,BX698,23.78,0,2
8299,B3-X91,0,0.00567271,0
8300,B3-X91,0.31,0.011823036,0
8301,B3-X91,0.35,0.001438849,0
8302,B3-X91,0.39,0.001440922,0
8303,B3-X91,0.4,0.000359195,0
8304,B3-X91,0.62,0.007670851,0
8305,B3-X91,0.35,-0.009397842,0
8306,B3-X91,0.98,0.031049778,0
8307,B3-X91,1.98,0.103412616,1
8308,B3-X91,2.79,0.084024896,1
8309,B3-X91,3.79,0.105485232,1
8310,B3-X91,4.84,0.108471074,1
8311,B3-X91,5.77,0.096976017,1
8312,B3-X91,6.88,0.115987461,1
8313,B3-X91,7.93,0.109261186,1
8314,B3-X91,8.89,0.101265823,1
8315,B3-X91,9.93,0.10935857,1
8316,B3-X91,10.6,0.070675105,1
8317,B3-X91,11.75,0.120041754,1
8318,B3-X91,12.76,0.105981112,1
8319,B3-X91,13.73,0.102105263,1
8320,B3-X91,14.81,0.114044351,1
8321,B3-X91,15.78,0.103632479,1
8322,B3-X91,16.87,0.113660063,1
8323,B3-X91,17.8,0.097894737,1
8324,B3-X91,18.85,0.109489051,1
8325,B3-X91,19.78,0.097484277,1
8326,B3-X91,20.83,0.110642782,1
8327,B3-X91,21.82,0.103556485,1
8328,B3-X91,22.86,0.111468382,1
8329,B3-X91,23.7,0.087774295,1
8330,B3-X91,24.74,0.11028632,1
8331,B3-X91,24.97,0.024338624,2
8332,B3-X91,25.44,0.049111808,2
8333,B3-X91,25.71,0.028601695,2
8334,B3-X91,26.37,0.034554974,2
8335,B3-X91,26.2,-0.008826584,2
8336,B3-X91,27.2,0.036245016,2
8337,B3-X91,27.2,0,2
8338,B3-X91,27.3,0.003478261,2
8339,B3-X91,27.1,-0.006939625,2
8340,B3-X91,27.7,0.020964361,2
8341,B3-X91,27.25,-0.015806112,2
8342,B3-X91,26.32,-0.032585844,2
8343,B3-X91,26.34,0.000700771,2
8344,B3-X91,27,0.023004531,2
8345,B3-X91,26.67,-0.011478261,2
8346,B3-X91,27,0.011454356,2
8347,B3-X91,25.8,-0.042492918,2
8348,B3-X91,26.34,0.018967334,2
8349,B3-X91,26.41,0.002430556,2
8350,B3-X91,26.51,0.003485535,2
8351,B3-X91,26.7,0.006604101,2
8352,B3-X91,26.72,0.000696621,2
8353,B3-X91,26.54,-0.006333568,2
8354,B3-X91,26.58,0.001401542,2
8355,B3-X91,27.38,0.027894003,2
8356,B3-X91,27.55,0.00595864,2
8357,B3-X91,27.2,-0.012190874,2
8358,B3-X91,26.18,-0.035490605,2
8359,B3-X91,27.07,0.030967293,2
8360,B3-X91,26.85,-0.007848733,2
8361,B3-X91,26.54,-0.010869565,2
8362,B3-X91,25.36,-0.04107205,2
8363,B3-X91,25.49,0.004572635,2
8364,B3-X91,26.32,0.028950122,2
8365,B3-X91,26.5,0.006302521,2
8366,B3-X91,26.51,0.000348068,2
8367,B3-X91,26.3,-0.022801303,2
8368,B3-X91,25.88,-0.022001048,2
8369,B3-X91,25.76,-0.012232416,2
8370,B3-X91,25.54,-0.011627907,2
8371,B3-X91,26.4,0.03018603,2
8372,B3-X91,25.1,-0.045502275,2
8373,B3-X91,25.77,0.023641496,2
8374,B3-X91,26.5,0.025914093,2
8375,B3-X91,27,0.017385257,2
8376,B3-X91,25.75,-0.043372658,2
8377,B3-X91,26.41,0.023044693,2
8378,B3-X91,25.31,-0.044123546,2
8379,B3-X91,24.67,-0.022479803,2
8380,B3-X91,25,0.011570827,2
8381,B3-X91,24.96,-0.001399091,2
8382,B3-X91,25.46,0.017482517,2
8383,B3-X91,26.05,0.020500347,2
8384,B3-X91,23.06,-0.104582022,2
8385,B3-X91,23.1,0.002106372,2
8386,B3-X91,23.86,0.039895013,2
8387,B3-X91,25.4,0.053546592,2
8388,B3-X91,26.24,0.029288703,2
8389,B3-X91,25.58,-0.022932592,2
8390,B3-X91,25.4,-0.006267409,2
8391,B3-X91,24.96,-0.015454865,2
8392,B3-X91,25.05,0.003145753,2
8393,B3-X91,25.88,0.029102384,2
8394,B3-X91,25.6,-0.009852217,2
8395,B3-X91,26.32,0.025157233,2
8396,B3-X91,26.46,0.004922644,2
8397,B3-X91,26.85,0.015057915,2
8398,B3-X91,26.89,0.013377926,2
8399,B3-X91,27.29,0.014015417,2
8400,B3-X91,27.69,0.014010508,2
8401,B3-X91,28.49,0.028070175,2
8402,B3-X91,28.56,0.003595275,2
8403,B3-X91,28.79,0.020909091,2
8404,BGX7,0,0.012566565,0
8405,BGX7,0.72,0.018977333,0
8406,BGX7,0.65,-0.002570694,0
8407,BGX7,0.39,-0.00933908,0
8408,BGX7,0.56,0.006099749,0
8409,BGX7,0.64,0.002855103,0
8410,BGX7,0.78,0.005070627,0
8411,BGX7,0.83,0.001763047,0
8412,BGX7,0.7,-0.005088063,0
8413,BGX7,0.88,0.006232687,0
8414,BGX7,0.82,-0.002078282,0
8415,BGX7,0.79,-0.001036269,0
8416,BGX7,0.72,-0.002414626,0
8417,BGX7,0.77,0.001731902,0
8418,BGX7,0.86,0.003106662,0
8419,BGX7,0.94,0.002765296,0
8420,BGX7,0.88,-0.002073972,0
8421,BGX7,0.94,0.002073972,0
8422,BGX7,0.86,-0.002754821,0
8423,BGX7,0.92,0.002066116,0
8424,BGX7,0.98,0.002084781,0
8425,BGX7,0.97,-0.000343289,0
8426,BGX7,0.94,-0.001039501,0
8427,BGX7,0.96,0.000693481,0
8428,BGX7,0.95,-0.00034662,0
8429,BGX7,0.95,0,0
8430,BGX7,0.98,0.001034483,0
8431,BGX7,1,0.000692281,0
8432,BGX7,0.95,-0.001737318,0
8433,BGX7,0.96,0.000344709,0
8434,BGX7,0.96,0,0
8435,BGX7,0.98,0.000691324,0
8436,BGX7,1.1,0.004133655,0
8437,BGX7,1.39,0.010027663,0
8438,BGX7,1.43,0.001387925,0
8439,BGX7,1.62,0.00656304,0
8440,BGX7,1.58,-0.001381693,0
8441,BGX7,1.61,0.001038422,0
8442,BGX7,1.87,0.008934708,0
8443,BGX7,2.09,0.007594063,0
8444,BGX7,2.18,0.003107735,0
8445,BGX7,2.31,0.004482759,0
8446,BGX7,1.07,-0.04283247,0
8447,BGX7,0.89,-0.006243496,0
8448,BGX7,1.07,0.006213324,0
8449,BGX7,0.99,-0.002767209,0
8450,BGX7,1.05,0.002072539,0
8451,BGX7,1.13,0.002745367,0
8452,BGX7,1.29,0.005513439,0
8453,BGX7,1.26,-0.001047852,0
8454,BGX7,1.21,-0.001728907,0
8455,BGX7,1.37,0.005542085,0
8456,BGX7,1.43,0.002066116,0
8457,BGX7,1.07,-0.012465374,0
8458,BGX7,1.16,0.00311311,0
8459,BGX7,1.38,0.007591442,0
8460,BGX7,1.46,0.002767209,0
8461,BGX7,1.69,0.007955725,0
8462,BGX7,0.96,-0.025373653,0
8463,BGX7,0.42,-0.018704538,0
8464,BGX7,0.54,0.004136505,0
8465,BGX7,0.68,0.0048628,0
8466,BGX7,0.79,0.003798343,0
8467,BGX7,0.99,0.006891799,0
8468,BGX7,1.06,0.002422145,0
8469,BGX7,1.25,0.006581226,0
8470,BGX7,1.42,0.005862069,0
8471,BGX7,1.55,0.004487401,0
8472,BGX7,1.7,0.005170631,0
8473,BGX7,1.82,0.004119464,0
8474,BGX7,1.95,0.00449827,0
8475,BGX7,2.09,0.004854369,0
8476,BGX7,1.58,-0.01765928,0
8477,BGX7,1.16,-0.014487754,0
8478,BGX7,1.14,-0.000970403,0
8479,BGX7,1.12,-0.000692521,0
8480,BGX7,1.19,0.002495544,0
8481,BGX7,1.16,-0.001032702,0
8482,BGX7,1.15,-0.000343997,0
8483,BGX7,1.17,0.000691563,0
8484,BGX7,1.19,0.000686342,0
8485,BGX7,1.15,-0.001383604,0
8486,BGX7,1.15,0,0
8487,BGX7,1.1,-0.001724733,0
8488,BGX7,1.11,0.000344828,0
8489,BGX7,1.07,-0.001379786,0
8490,BGX7,1.15,0.002770083,0
8491,BGX7,1.28,0.004482759,0
8492,BGX7,1.41,0.004506066,0
8493,BGX7,1.42,0.000345543,0
8494,BGX7,1.46,0.001386482,0
8495,BGX7,1.41,-0.001725923,0
8496,BGX7,1.4,-0.000345185,0
8497,BGX7,1.49,0.003117423,0
8498,BGX7,1.59,0.003461405,0
8499,BGX7,1.66,0.002419634,0
8500,BGX7,1.8,0.004840941,0
8501,BGX7,1.88,0.004530011,0
8502,BGX7,1.9,0.001207729,0
8503,BGX7,1.65,-0.009758002,0
8504,BGX7,1.69,0.001383126,0
8505,BGX7,1.72,0.001039501,0
8506,BGX7,2.6,0.029860875,0
8507,BGX7,3.47,0.030687831,0
8508,BGX7,3.86,0.013278856,0
8509,BGX7,4.4,0.038626609,0
8510,BGX7,3.2,-0.046332046,0
8511,BGX7,2.2,-0.03455425,0
8512,BGX7,2,-0.006889425,0
8513,BGX7,1.9,-0.003444712,0
8514,BGX7,3,0.037944119,0
8515,BGX7,2.7,-0.010416667,0
8516,BGX7,2.5,-0.006901311,0
8517,BGX7,1.8,-0.024196336,0
8518,BGX7,0.9,-0.030991736,0
8519,BGX7,1.7,0.027681661,0
8520,BGX7,1.6,-0.003468609,0
8521,BGX7,1.6,0,0
8522,BGX7,1.6,0,0
8523,BGX7,1.3,-0.010387812,0
8524,BGX7,1.5,0.006884682,0
8525,BGX7,1.8,0.010344828,0
8526,BGX7,2.1,0.010334137,0
8527,BGX7,2.5,0.013850416,0
8528,BGX7,3.2,0.024187975,0
8529,BGX7,3.3,0.003461405,0
8530,BGX7,3.5,0.00691085,0
8531,BGX7,3.7,0.006896552,0
8532,BGX7,4,0.010359116,0
8533,BGX7,4.7,0.024415766,0
8534,BGX7,4.69,-0.001020408,0
8535,BGX7,5,0.029608405,0
8536,BGX7,5.8,0.093786635,1
8537,BGX7,7.7,0.196078431,1
8538,BGX7,9.6,0.196483971,1
8539,BGX7,10.8,0.124610592,1
8540,BGX7,12.2,0.145379024,1
8541,BGX7,13.7,0.152905199,1
8542,BGX7,14.9,0.126582278,1
8543,BGX7,16.5,0.166147456,1
8544,BGX7,17.9,0.144032922,1
8545,BGX7,19.5,0.166147456,1
8546,BGX7,21,0.154320988,1
8547,BGX7,23.6,0.134089737,1
8548,BGX7,25.7,0.072614108,1
8549,BGX7,27,0.047462578,1
8550,BGX7,27.4,0.01384083,2
8551,BGX7,27.7,0.010387812,2
8552,BGX7,27.9,0.006894174,2
8553,BGX7,27.9,0,2
8554,BGX7,27.4,-0.017241379,2
8555,BGX7,27.7,0.010359116,2
8556,BGX7,28,0.010398614,2
8557,BGX7,27.5,-0.017325017,2
8558,BGX7,28.2,0.024146257,2
8559,BGX7,28.8,0.020639835,2
8560,BGX7,29.5,0.024238227,2
8561,BGX7,29.1,-0.013874436,2
8562,BGX7,28.5,-0.020725389,2
8563,BGX7,28.3,-0.006930007,2
8564,BGX7,29,0.024171271,2
8565,BGX7,29.9,0.031066621,2
8566,BGX7,31.2,0.044827586,2
8567,BGX7,32.5,0.04476584,2
8568,BGX7,33,0.017229497,2
8569,BGX7,32.7,-0.010377032,3
8570,BGX7,31.8,-0.031163435,3
8571,BGX7,30.5,-0.044097693,3
8572,BGX7,29.2,-0.046263345,3
8573,BGX7,27.2,-0.067888663,3
8574,BGX7,26,-0.041407867,3
8575,BGX7,25.1,-0.032327586,3
8576,BGX7,23.9,-0.040309036,3
8577,BGX7,22.2,-0.058419244,3
8578,BGX7,20.8,-0.048442907,3
8579,BGX7,19,-0.062111801,3
8580,BGX7,17.6,-0.048560527,3
8581,BGX7,16.1,-0.051831375,3
8582,BGX7,14.8,-0.044796692,3
8583,BGX7,13.8,-0.034447124,3
8584,BGX7,12.3,-0.051652893,3
8585,BGX7,11.7,-0.020935101,3
8586,BGX7,10.1,-0.054663478,3
8587,BGX7,8.5,-0.058013053,3
8588,BGX7,7,-0.054367524,3
8589,BGX7,9.4,0.082872928,3
8590,BGX7,8.18,-0.042039972,3
8591,BGX7,7.28,-0.031141869,3
8592,BGX7,6.53,-0.025978524,3
8593,BGX7,4.28,-0.077586207,3
8594,BGX7,4.17,-0.041353383,3
8595,BGX7,3.11,-0.040288864,3
8596,BGX7,3.13,0.000689417,3
8597,BGX7,3.13,0,3
8598,BGX7,3.55,0.014588399,3
8599,BGX7,4.09,0.018575851,3
8600,BGX7,4.12,0.001036628,3
8601,BGX7,4.4,0.009681881,3
8602,BGX7,4.56,0.0055517,3
8603,BGX7,4.6,0.006861063,3
