tree
version=v4
num_class=4
num_tree_per_iteration=4
label_index=0
max_feature_idx=47
objective=multiclass num_class:4
feature_names=Column_0 Column_1 Column_2 Column_3 Column_4 Column_5 Column_6 Column_7 Column_8 Column_9 Column_10 Column_11 Column_12 Column_13 Column_14 Column_15 Column_16 Column_17 Column_18 Column_19 Column_20 Column_21 Column_22 Column_23 Column_24 Column_25 Column_26 Column_27 Column_28 Column_29 Column_30 Column_31 Column_32 Column_33 Column_34 Column_35 Column_36 Column_37 Column_38 Column_39 Column_40 Column_41 Column_42 Column_43 Column_44 Column_45 Column_46 Column_47
feature_infos=[-1.3515291062125074:4.3015270703808657] [-2.8638472357186484:4.7171123517813554] [-1.3335611643705874:4.2935913244128381] [-0.95336471127107647:9.6475406110953354] [-1.3600698261609283:4.2506018734132169] [-1.3057305226289786:4.33151972354782] [-2.8401130236537413:4.6900291620454171] [-0.86506583553154193:7.1932985282154061] [-2.5676534798792967:4.2727787199037186] [-2.8187208522370373:4.9006248082173398] [-1.3166644349810881:4.2912226087249339] [-0.97124153616059095:8.2316976452689037] [-1.3668151227479464:4.2149234574959955] [-1.2637332357907913:4.3579692606398588] [-2.4389868333316174:4.4731143117591525] [-1.0260060990086048:5.3523896097252566] [-1.9012348043866829:3.9893167807085663] [-2.7956037638226801:3.5963869541364031] [-1.2782751455315948:4.2855254381477392] [-0.94307333153062389:6.0821572216949118] [-1.3806142986560341:4.1516504877618008] [-1.1689813144657362:4.3939949864747483] [-2.1204212295330329:4.0183770587883325] [-1.1890035843644153:4.6987284471134982] [-1.7445611950177677:3.5601322952311398] [-2.8220819134395687:3.8700415598009124] [-1.3324476165368802:4.2980413307913876] [-2.8636946868610256:4.7173325274856595] [-1.313787698453327:4.2954120639277251] [-2.8642813571352685:4.7186110548076288] [-1.2954959131999066:4.2934917021176702] [-2.8661178666456091:4.7213151322026254] [-1.2599841009309896:4.2920259065526087] [-2.8693131086378063:4.7270056311387858] [-5.0116260888066773:7.8992001315117859] [-5.4242582294361208:8.0601551442336863] [-8.5011199079484019:7.1240806971430635] [-0.89207887008308517:4.0264844749272202] [-1.2661935083639591:4.7504194981423655] [-1.7178336685661637:1.7259950734038545] [-1.6070870988836174:2.7093935129079703] [-1.3515291062125074:4.3015270703808657] [-0.70700062431492694:5.1136363396643283] [-0.88064035006371222:1.1355373393095745] [-0.61960232240549129:1.6139384308917453] [-0.48749057306119209:2.0513217183267982] [-5.428203625142058:8.0577826403839552] [-5.0561462972164355:6.9341208209466609]
tree_sizes=1274 2706 3380 3003 2853 3179 3432 3372 2851 2651 3431 3402 3055 2667 3419 3397 3075 2777 3432 3392 2853 3420 3428 3427 2752 3425 3410 3374 3070 3419 3419 3383 2404 3425 3424 3386 3285 3416 3411 3391 3182 3422 3426 3401 2413 3430 3427 3412 2184 3423 3439 3420 2407 3436 3423 3426 2188 3436 3426 3415 3090 3429 3423 3419 3514 3431 3425 3428 3166 3433 3422 3422 2651 3419 3427 3392 3279 3423 3425 3399 2763 3423 3422 3452 2753 3413 3429 3428 3086 3408 3443 3460 2515 3417 3443 3449 3516 3417 3430 3442 2527 3420 3437 3486 2087 3424 3439 3502 2206 3421 3422 3489 2203 3432 3424 3477 2310 3433 3426 3487 3515 3407 3430 3477 3499 3427 3428 3439 3508 3421 3426 3461 3518 3436 3420 3469 3505 3443 3440 3467 2201 3430 3432 3405 2304 3441 3435 3437 3479 3434 3437 3412 2639 3437 3461 3463 2631 3453 3456 3452 3515 3435 3425 3442 3505 3427 3438 3478 3514 3428 3439 3481 3509 3439 3434 3471 3526 3452 3431 3515 3521 3436 3450 3472 3510 3434 3454 3469 3504 3445 3444 3473 3507 3451 3444 3462 3507 3435 3426 3472 3511 3460 3454 3481 3497 3444 3454 3478 3519 3448 3453 3483 3519 3422 3460 3469 3526 3480 3452 3476 3492 3458 3450 3426 3520 3449 3448 3450 3518 3498 3472 3429 3496 3497 3437 3485 3516 3513 3473 3451 3518 3473 3453 3435 3505 3504 3470 3419

Tree=0
num_leaves=11
num_cat=0
split_feature=38 42 19 20 0 18 38 36 0 0
split_gain=3624.07 37.2488 18.3984 2.91221 1.6503 3.02679 0.498912 0.12234 1.13687e-13 7.10543e-15
threshold=-1.184785962692849 0.14391221464868306 -0.41324989986472599 -1.1880612340604182 -1.2094596607649977 -1.1464668313547912 -1.0931826343640865 0.72528512574632253 1.4521133182777812 1.5041261905650496
decision_type=2 2 2 2 2 2 2 2 2 2
left_child=1 2 4 -2 7 -6 -5 -1 -8 -10
right_child=3 -3 -4 6 5 -7 8 -9 9 -11
leaf_value=-1.2444059887845837 -1.4160873676577783 -1.3853031204115505 -1.3249186354285647 -1.4331075043564141 -1.2923301832155247 -1.2444059887845837 -1.4456876053945362 -1.2506960393036448 -1.4456876053945362 -1.4456876053945362
leaf_weight=280.94965548813343 8.4458782374858838 4.9681636691093436 7.4522455036640158 7.9490618705749503 5.2165718525648108 8.9426946043968183 875.3904384970665 7.9490618705749503 13.165633723139761 35.522370234131813
leaf_count=1131 34 20 30 32 21 36 3524 32 53 143
internal_value=-1.39612 -1.24948 -1.2473 -1.44532 -1.2454 -1.26206 -1.44558 -1.24458 -1.44569 -1.44569
internal_weight=1255.95 315.478 310.51 940.473 303.058 14.1593 932.028 288.899 924.078 48.688
internal_count=5056 1270 1250 3786 1220 57 3752 1163 3720 196
is_linear=0
shrinkage=1


Tree=1
num_leaves=25
num_cat=0
split_feature=6 25 1 2 39 39 1 4 21 17 40 33 42 22 17 3 2 22 13 3 36 37 1 1
split_gain=2837.36 155.881 98.1241 86.398 51.3178 57.8029 29.0487 74.5111 27.2869 16.6903 7.5891 5.25563 4.04107 3.61086 5.45132 2.88114 1.61492 0.887359 2.69627 0.623756 0.208643 0.18956 4.54747e-13 2.84217e-14
threshold=0.30844082595299677 0.31820076278111276 0.27888289787048604 2.9633395865414327 0.58239407476369753 -0.047449917937991776 0.3469917986042419 -0.3258419092993638 -0.21074825686510204 -0.31792625944434499 0.62777712319782608 2.0374346640674958 0.37266061967312858 -0.096030026541419969 -0.73032810019011773 -0.78349941943832146 0.27380166306779546 -0.34243561016185914 0.20527824107776751 0.2433517449612915 -2.1283239239927338 -0.20143538216377824 2.6158385319748243 -0.0851348851461219
decision_type=2 2 2 2 2 2 2 2 2 2 2 2 2 2 2 2 2 2 2 2 2 2 2 2
left_child=1 3 8 6 5 -3 13 -8 -2 -4 23 -10 -11 17 -15 -16 -9 21 -19 -14 -21 -1 -22 -7
right_child=2 4 9 -5 -6 10 7 16 11 12 -12 -13 19 14 15 -17 -18 18 -20 20 22 -23 -24 -25
leaf_value=-1.5994094650283832 -1.4294747441779969 -1.5720655909256283 -1.4661627773036927 -1.3762179218987609 -1.5948338898968586 -1.3762179218987611 -1.4102879428854775 -1.5673507396342408 -1.5090910037469554 -1.4194606408434396 -1.4436765634524598 -1.5778184598753318 -1.392874376603378 -1.54054025388854 -1.5594389236495476 -1.5964197052087621 -1.60108006041109 -1.5828926815608282 -1.60108006041109 -1.3869256427803005 -1.3762179218987609 -1.60108006041109 -1.3762179218987609 -1.3762179218987611
leaf_weight=299.29449415206909 8.4496216773986834 6.8931124210357693 5.5589616298675528 4.4471693038940421 8.0049047470092756 6.0036785602569598 7.3378293514251736 4.4471693038940456 4.8918862342834455 5.781320095062255 6.6707539558410636 6.4483954906463623 6.0036785602569571 5.781320095062255 6.0036785602569571 42.915183782577515 17.56631875038147 30.240751266479492 62.482728719711304 4.6695277690887442 153.87205791473389 392.46269106864929 22.902921915054321 5.1142446994781494
leaf_count=1346 38 31 25 20 36 27 33 20 22 26 30 29 27 26 27 193 79 136 281 21 692 1765 103 23
internal_value=-1.553 -1.59203 -1.39132 -1.59604 -1.48482 -1.44915 -1.59717 -1.54827 -1.49749 -1.38075 -1.40151 -1.54817 -1.37829 -1.59888 -1.58645 -1.59188 -1.59427 -1.59974 -1.59515 -1.37702 -1.37649 -1.60036 -1.37622 -1.37622
internal_weight=1124.24 905.666 218.578 872.979 32.6867 24.6818 868.532 29.3513 19.7899 198.788 17.7887 11.3403 193.23 839.181 54.7002 48.9189 22.0135 784.481 92.7235 187.448 181.445 691.757 176.775 11.1179
internal_count=5056 4073 983 3926 147 111 3906 132 89 894 80 51 869 3774 246 220 99 3528 417 843 816 3111 795 50
is_linear=0
shrinkage=1


Tree=2
num_leaves=31
num_cat=0
split_feature=21 19 42 40 22 39 37 13 25 0 40 24 39 39 37 39 47 25 21 25 24 6 5 5 19 21 24 42 36 22
split_gain=1892.43 458.402 117.19 120.71 87.2416 83.3834 58.4188 58.7509 41.2962 36.4749 33.917 35.5114 32.2133 20.4542 19.6455 15.7044 14.7659 13.1479 11.9744 11.8081 11.0716 6.14451 5.55469 3.67494 3.35285 3.12599 2.29122 2.29094 1.20782 1.13343
threshold=-0.2419175477721858 0.21719587584746061 0.28987445280977153 0.21911623687436199 -0.67217241717151499 0.42802052377877892 -0.011592364651285254 -0.77584552441980137 0.27947024803884557 0.89453532735826669 1.1896858418925891 0.47186424672832639 0.81996252816785853 0.58239407476369753 0.088430139366322907 1.6242501539081993 0.51348757431148984 -0.45965201522600169 0.43490134049592016 0.31820076278111276 -0.54427224220795323 0.22016517174743752 0.33043973605830662 0.14431533447040171 0.34385128038555252 0.86295960228653812 2.0642956599390812 0.57224671896782431 -2.1283239239927338 2.0499220982884179
decision_type=2 2 2 2 2 2 2 2 2 2 2 2 2 2 2 2 2 2 2 2 2 2 2 2 2 2 2 2 2 2
left_child=5 4 3 22 12 23 7 -7 10 17 21 15 -2 -10 -14 -12 -9 24 -16 -19 -20 25 -3 28 -5 -6 29 -4 -1 -24
right_child=1 2 27 9 8 6 -8 16 13 -11 11 -13 14 -15 18 -17 -18 19 20 -21 -22 -23 26 -25 -26 -27 -28 -29 -30 -31
leaf_value=-0.85014409134411006 -0.72577705952380578 -0.77167414207324525 -0.84166085358509768 -0.83582862762577659 -0.72735749744334066 -0.86376905896577971 -0.8708219833817028 -0.72322778510448527 -0.84482691910587193 -0.75040367092748617 -0.7372142216184765 -0.8483571130198736 -0.72676600218647336 -0.75197067599445799 -0.8594491427610268 -0.78291596892237125 -0.80583432269212563 -0.76533476603050499 -0.82969984780411721 -0.84712856542196113 -0.7745902550529058 -0.76584191611392427 -0.71918410843935598 -0.83291251464611604 -0.8708219833817028 -0.71937654229080561 -0.75364726183534392 -0.86889438327650348 -0.87066336635770447 -0.741929789680708
leaf_weight=7.2541243433952323 15.167714536190031 8.5730560421943647 8.5730560421943647 8.5730560421943647 232.46171191334724 14.178515762090681 28.027298599481583 24.729969352483753 11.540652364492418 11.210919439792631 108.15239930152893 8.902788966894148 6.5946584939956656 12.200118213891981 13.189316987991331 22.751571804285049 6.9243914186954489 7.5838572680950191 19.454242557287209 10.551453590393065 17.14611208438874 8.5730560421943647 32.313826620578766 6.5946584939956656 33.962491244077682 259.82954466342926 7.2541243433952323 77.816970229148865 630.44935202598572 6.5946584939956656
leaf_count=22 46 26 26 26 705 43 85 75 35 34 328 27 20 37 40 69 21 23 59 32 52 26 98 20 103 788 22 236 1912 20
internal_value=-0.803041 -0.756698 -0.821293 -0.790659 -0.738003 -0.864277 -0.813958 -0.779185 -0.732354 -0.83326 -0.729954 -0.751729 -0.790461 -0.797109 -0.807861 -0.745157 -0.741298 -0.848571 -0.818602 -0.812924 -0.803883 -0.723876 -0.734713 -0.870046 -0.863769 -0.723145 -0.727849 -0.866192 -0.87043 -0.723039
internal_weight=1667.13 948.971 213.007 126.617 735.964 718.158 73.8602 45.8329 664.412 71.8818 640.671 139.807 71.552 23.7408 56.3843 130.904 31.6544 60.6709 49.7897 18.1353 36.6004 500.864 54.7357 644.298 42.5355 492.291 46.1626 86.39 637.703 38.9085
internal_count=5056 2878 646 384 2232 2178 224 139 2015 218 1943 424 217 72 171 397 96 184 151 55 111 1519 166 1954 129 1493 140 262 1934 118
is_linear=0
shrinkage=1


Tree=3
num_leaves=28
num_cat=0
split_feature=22 39 4 19 22 37 21 38 37 32 17 39 23 29 8 22 4 2 6 39 6 39 23 8 6 11 0
split_gain=1762.4 249.365 102.568 94.3924 85.3665 45.0278 78.6894 133.395 38.4985 54.2843 27.1029 35.9917 25.1633 26.0812 17.5076 12.1912 9.04226 8.89171 7.37742 13.3014 3.59635 2.99471 7.28478 0.362807 0.101168 0.341713 5.68434e-14
threshold=-0.7564949140667182 1.0490277559641705 -0.81345706804784235 0.2852856882031809 -0.65578360094895605 0.40808860026967853 0.9748721991624486 0.72889658798430712 0.20773479635273986 0.82450083405536057 -1.5954576653870092 0.76709821287102642 0.5425041880443896 -0.66578000418703576 -0.62531954609960705 -0.59554517617727243 0.3384710595461134 0.75642528912403606 -0.82303334833339259 0.74884520346110872 -0.4950409999854184 0.92707952421835238 0.5810111191876518 -0.5777434470457482 -0.71640636642299416 -0.2671967852594696 1.5617861747006498
decision_type=2 2 2 2 2 2 2 2 2 2 2 2 2 2 2 2 2 2 2 2 2 2 2 2 2 2 2
left_child=3 10 -3 8 12 -6 7 -7 -1 16 11 -2 13 -4 -15 -8 -10 20 19 -12 -5 24 23 -23 25 -20 -26
right_child=1 2 4 17 5 6 15 -9 9 -11 18 -13 -14 14 -16 -17 -18 -19 21 -21 -22 22 -24 -25 26 -27 -28
leaf_value=-2.2994891213429769 -2.4047330242079017 -1.9941661503941828 -2.3668493708097778 -1.9729631663005167 -2.4182258322675074 -2.3301009296282071 -2.2967905597310558 -2.0683765947220145 -1.9729631663005165 -2.2651667908413544 -2.4182258322675079 -2.151068232687313 -2.0757160892159758 -2.0789780867688479 -2.259203451565011 -2.4153897643314122 -2.0842788327922643 -2.0842788327922643 -2.395962698969158 -2.2862961534624731 -2.0397525661955656 -2.395962698969158 -2.3320459614351869 -2.4182258322675074 -2.4182258322675074 -2.4182258322675079 -2.4182258322675074
leaf_weight=3.3687979727983466 3.7056777700781813 2.3581585809588423 2.9196249097585669 19.651321507990364 17.966922521591187 21.560307025909427 2.4704518467187908 6.2884228825569144 3.7056777700781804 3.5933845043182373 5.1654902249574643 2.2458653151988983 2.9196249097585669 2.3581585809588423 3.1442114412784576 17.630042724311352 3.5933845043182373 2.2458653151988974 2.2458653151988983 3.0319181755185127 2.245865315198901 2.2458653151988974 3.4810912385582915 9.8818073868751508 405.49098265916109 7.4113555401563627 4.8286104276776305
leaf_count=30 33 21 26 175 160 192 22 56 33 32 46 20 26 21 28 157 32 20 20 27 20 20 31 88 3611 66 43
internal_value=-2.37683 -2.40056 -2.319 -2.04978 -2.32891 -2.35072 -2.32542 -2.271 -2.15177 -2.10608 -2.415 -2.30901 -2.20221 -2.24606 -2.18196 -2.40081 -2.02776 -1.98953 -2.41642 -2.36943 -1.97981 -2.41731 -2.3958 -2.4141 -2.41811 -2.41305 -2.41823
internal_weight=567.755 529.35 79.6159 38.4043 77.2578 65.9161 47.9492 27.8487 14.2612 10.8924 449.735 5.95154 11.3416 8.42199 5.50237 20.1005 7.29906 24.1431 443.783 8.19741 21.8972 435.586 15.6088 12.1277 419.977 9.65722 410.32
internal_count=5056 4714 709 342 688 587 427 248 127 97 4005 53 101 75 49 179 65 215 3952 73 195 3879 139 108 3740 86 3654
is_linear=0
shrinkage=1


Tree=4
num_leaves=25
num_cat=0
split_feature=38 1 19 20 0 33 38 47 34 42 19 21 0 42 39 15 22 11 39 37 21 40 0 23
split_gain=3054.21 27.4444 13.8868 2.82223 1.47023 2.8949 0.480598 0.146492 0.116011 0.00351747 0.00260333 0.000533047 0.000435133 0.000298243 0.00022239 0.000256482 0.000250237 0.000175478 0.000142109 8.30112e-05 8.03495e-05 7.01759e-05 2.76589e-05 8.76439e-06
threshold=-1.184785962692849 0.3469917986042419 -0.37214876260628277 -1.1880612340604182 -1.2094596607649977 -0.36728327942190647 -1.0931826343640865 0.2188533442655706 0.31260912773749516 -0.28406147827971101 -0.01753130434921173 -0.63079155813675525 0.90582955105493046 0.33702433475279531 1.6242501539081993 -0.26654475976346598 -0.67217241717151499 1.0000000180025095e-35 1.3766941159847048 0.75637517557472844 0.8766147202077369 1.3173923688686717 -0.99813879107215397 1.3253360791863948
decision_type=2 2 2 2 2 2 2 2 2 2 2 2 2 2 2 2 2 2 2 2 2 2 2 2
left_child=1 2 4 -2 7 -6 -5 8 9 -1 11 18 17 21 16 -16 -13 19 22 -12 -19 -14 -8 -15
right_child=3 -3 -4 6 5 -7 10 -9 -10 -11 12 14 13 23 15 -17 -18 20 -20 -21 -22 -23 -24 -25
leaf_value=0.12992808241308371 -0.019678928937422225 0.0097619747070260415 0.048778387728348173 -0.036498715213958886 0.13182373668417785 0.089985384333812646 -0.049169794154123342 0.12153476517315956 0.12371869185030959 0.13121063717987816 -0.048980623595824044 -0.04902397045406983 -0.048818659137108367 -0.049098809392794596 -0.049118351498845317 -0.048724112159557367 -0.048874460913510033 -0.049105864363892665 -0.049418322945205095 -0.049111722581653708 -0.049283060789762329 -0.048987899897523904 -0.049002212433086174 -0.049181359435103503
leaf_weight=300.58680722117424 8.3574018627405149 5.0132546722888938 5.4974974095821372 7.782908394932746 10.04094970226288 7.02868428826332 5.0675625950098029 5.4557519257068625 7.6539107263088217 5.4426699280738822 44.252720147371292 29.958641037344933 27.304671481251717 9.6226375699043256 19.980653941631321 5.1989676356315604 425.20466600358486 277.67626720666885 4.8784706443548194 16.605791881680489 6.5484143048524848 7.8965781331062308 4.7890513986349097 4.8288819193840018
leaf_count=1098 34 20 21 32 37 26 21 20 28 20 185 125 115 40 83 22 1786 1154 20 69 27 33 20 20
internal_value=-0.000301444 0.1259 0.127604 -0.0486003 0.128893 0.114596 -0.0488696 0.129658 0.129799 0.129951 -0.0489778 -0.0489014 -0.0490735 -0.0489351 -0.0488923 -0.049037 -0.0488843 -0.0490934 -0.0491976 -0.0490164 -0.0491099 -0.0488566 -0.0490884 -0.0491264
internal_weight=1252.67 346.72 341.706 905.954 336.209 17.0696 897.597 319.139 313.683 306.029 889.814 495.078 394.736 49.6528 480.343 25.1796 455.163 345.083 14.7351 60.8585 284.225 35.2012 9.85661 14.4515
internal_count=5056 1270 1250 3786 1229 63 3752 1166 1146 1118 3720 2077 1643 208 2016 105 1911 1435 61 254 1181 148 41 60
is_linear=0
shrinkage=0.05


Tree=5
num_leaves=29
num_cat=0
split_feature=14 1 25 5 30 39 0 1 0 25 8 13 23 25 13 24 24 22 38 24 34 1 13 0 37 17 11 8
split_gain=2248.93 176.337 86.7243 64.7646 44.2654 36.1265 39.6436 24.1472 55.1747 20.8512 14.0784 8.77738 7.54092 3.69105 5.62372 3.16628 2.38049 1.96864 3.99401 1.66536 1.40874 1.3139 0.673142 0.91469 0.170851 0.132111 0.000455938 0.000137918
threshold=0.069015071608312314 0.32450534530254077 0.31820076278111276 2.7854384324022852 0.22046555406735838 0.55232073140037263 -1.184790698480179 0.3469917986042419 -0.30027465318355046 0.2064142815660325 0.60237242382440204 1.1783794924419528 -0.48222092701529873 0.051979306459481796 0.76210014796524328 2.1727112530284889 0.53650529478440689 -0.34243561016185914 0.26483696430407672 -0.17712380339187847 0.20008357811086633 0.73362517920344084 0.75170059260715283 1.2829971792408925 -0.20143538216377824 -0.27662718032165529 0.50430050526214232 0.41708437092338363
decision_type=2 2 2 2 2 2 2 2 2 2 2 2 2 2 2 2 2 2 2 2 2 2 2 2 2 2 2 2
left_child=2 4 3 7 9 6 -4 15 -9 -2 -3 13 -8 27 -15 17 -12 24 -19 -10 -11 -18 25 -24 -1 -23 -21 -6
right_child=1 10 5 -5 11 -7 12 8 19 20 16 -13 -14 14 -16 -17 21 18 -20 26 -22 22 23 -25 -26 -27 -28 -29
leaf_value=-0.045267588613374328 0.030060684862158446 0.066204828230512103 -0.047284784323462281 0.15429170951905505 -0.046918912270863672 -0.040965779277044846 0.1544206603559071 0.11967083175300969 -0.012063179883941634 0.14937196145568996 0.1118464374035306 0.052946842142861772 0.08275717170177295 0.027466867392874229 -0.047200940239679502 -0.0033285726487360954 0.12581137682214746 -0.028656667842615665 -0.046903956021085359 -0.046920425719033404 0.11390621986995141 0.1560742370321696 0.11982094546390881 0.14846346392014556 -0.046883777179916958 0.14811066949217525 -0.047507148389050485 -0.047300946818132794
leaf_weight=289.33737768232822 8.2926617562770861 5.650603622198104 4.3763121962547347 4.1698902845382682 5.1339688599109703 8.0388725101947767 8.5795801877975482 7.38360068202019 4.2935984730720582 6.5426318794488889 4.9483592659234992 4.4692609608173361 6.4160352945327732 5.9946762770414335 4.3527494668960571 4.5616871267557135 7.1260732710361472 51.389229491353035 72.01017826795578 11.551836773753164 4.8946903496980667 5.3536255806684485 5.0037106275558454 6.2927929908037186 376.04610729217529 191.35271753370762 4.6416060477495185 4.3760982751846313
leaf_count=1346 36 24 20 17 24 37 35 30 20 27 20 20 26 27 20 21 29 237 337 54 20 22 20 25 1762 759 21 20
internal_value=0.00045047 0.126274 -0.0393543 -0.04226 0.0347748 0.0481411 0.0851182 -0.0432581 0.00248579 0.0904261 0.144133 -0.0103606 0.123759 -0.024609 -0.0039429 -0.0448651 0.146134 -0.0451053 -0.0393049 -0.0397481 0.134194 0.146923 0.147646 0.135776 -0.046181 0.148327 -0.0470886 -0.0470947
internal_weight=1122.58 269.785 852.796 825.385 44.0567 27.4108 19.3719 821.215 27.8706 19.73 225.728 24.3268 14.9956 19.8575 10.3474 793.345 220.077 788.783 123.399 20.487 11.4373 215.129 208.003 11.2965 665.383 196.706 16.1934 9.51007
internal_count=5056 1093 3963 3845 194 118 81 3828 125 83 899 111 61 91 47 3703 875 3682 574 95 47 855 826 45 3108 781 75 44
is_linear=0
shrinkage=0.05


Tree=6
num_leaves=31
num_cat=0
split_feature=21 19 42 40 22 39 37 13 26 25 0 39 40 37 38 47 25 21 25 24 21 28 5 19 42 24 22 38 13 6
split_gain=1679.49 400.056 105.117 106.463 76.0613 75.5545 52.9012 51.894 37.1891 36.0499 32.9038 28.2584 21.4998 17.7254 15.2539 12.9591 12.0734 10.8598 10.5442 10.2922 6.67166 5.23785 3.35216 3.04071 2.12259 2.08753 0.973482 0.689657 0.463237 0.771925
threshold=-0.2419175477721858 0.21719587584746061 0.28987445280977153 0.21911623687436199 -0.67217241717151499 0.42802052377877892 -0.011592364651285254 -0.77584552441980137 1.6373244717700173 0.47950345113005188 0.89453532735826669 0.81996252816785853 1.1896858418925891 0.088430139366322907 0.63559616238479333 0.51348757431148984 -0.45965201522600169 0.43490134049592016 0.31820076278111276 -0.54427224220795323 0.37167220751297864 0.31972215874060844 0.14431533447040171 0.34385128038555252 0.57224671896782431 2.0642956599390812 2.0499220982884179 0.26483696430407672 0.75170059260715283 2.4214925007494816
decision_type=2 2 2 2 2 2 2 2 2 2 2 2 2 2 2 2 2 2 2 2 2 2 2 2 2 2 2 2 2 2
left_child=5 4 3 21 11 22 7 -7 9 12 16 -2 20 -13 -14 -9 23 27 -18 -19 -6 -3 -1 -5 -4 26 -23 -15 -26 -30
right_child=1 2 24 10 8 6 -8 15 -10 -11 -12 13 14 17 -16 -17 18 19 -20 -21 -22 25 -24 -25 28 -27 -28 -29 29 -31
leaf_value=-0.064287341536490919 0.071866258147650922 0.027093195244173154 -0.036537730248270034 -0.031470945877052119 0.059452791001023242 -0.057725903144164661 -0.064983243548804817 0.074608953392941046 -0.052455917478964498 -0.033172448960056521 0.049653062419645712 0.071933710855460672 0.068791137376284769 -0.042671545324035276 0.035617166569388979 -0.0027339657536939958 0.035493921640713015 -0.026010419193151925 -0.041852332683032546 0.027121543855868555 0.075461174498985054 0.078285064797667447 -0.028343560836904147 -0.06491087468451183 -0.064807133681657067 0.045674808821974826 0.057300276894576223 -0.065651550809458933 -0.04203541766873449 -0.064758571140927784
leaf_weight=628.25225263834 15.304310977458952 8.2790055871009809 8.5014044642448408 8.5286148488521558 76.428064048290253 13.982364743947981 27.655600607395172 24.945209920406345 6.5785540342330924 8.8591515719890577 11.274601966142653 6.6452204883098593 64.433973908424377 6.5297591090202314 74.969823688268661 6.9179060459136954 7.616185903549197 19.401898980140679 10.454997628927229 17.190019994974143 438.52030226588249 32.941097110509872 6.5542649030685416 33.502100676298141 61.439576715230942 7.305658519268035 6.6407418847084037 6.5299261212348938 6.5104521811008444 8.7748984992504102
leaf_count=1934 46 25 26 26 230 43 85 75 20 27 34 20 194 20 226 21 23 59 32 52 1318 99 20 103 189 22 20 20 20 27
internal_value=-4.39254e-05 0.0432913 -0.0173181 0.0115915 0.0606036 -0.0583595 -0.0103682 0.0225775 0.0658398 0.0670132 -0.0287276 0.0116215 0.0683696 -0.00475606 0.0509505 0.0578168 -0.0434311 -0.01502 -0.00925439 -0.00105028 0.0730852 0.0637579 -0.0639162 -0.0581254 -0.0602427 0.0702319 0.0747644 -0.0541617 -0.0628693 -0.0550802
internal_weight=1661.47 953.16 211.769 126.543 741.391 708.308 73.5011 45.8455 669.79 663.211 71.3765 71.6011 654.352 56.2968 139.404 31.8631 60.1019 49.6516 18.0712 36.5919 514.948 55.1665 634.807 42.0307 85.2263 46.8875 39.5818 13.0597 76.7249 15.2854
internal_count=5056 2878 646 384 2232 2178 224 139 2015 1995 218 217 1968 171 420 96 184 151 55 111 1548 166 1954 129 262 141 119 40 236 47
is_linear=0
shrinkage=0.05


Tree=7
num_leaves=31
num_cat=0
split_feature=22 40 19 20 38 39 28 0 37 17 21 38 0 38 25 39 14 5 37 40 40 9 30 39 33 9 38 6 16 39
split_gain=1245.66 162.491 111.565 66.7804 87.9153 55.9388 50.5602 45.6318 43.9548 35.7565 21.9772 20.4436 68.3187 26.7602 18.8789 10.9798 19.3445 16.289 29.0969 16.867 4.96369 3.44837 3.33477 3.55233 3.04719 1.69815 1.29976 0.385068 0.369612 0.122547
threshold=-0.67217241717151499 1.1896858418925891 0.2852856882031809 0.25288722818532056 0.12609549822401492 0.7085912603143959 -0.74696951005709222 1.0235272506306921 0.029035792242654176 -1.5954576653870092 0.50228637893313954 0.63559616238479333 1.0782150706355909 0.72889658798430712 -0.56095716466654488 0.74884520346110872 -0.5473148659256073 0.77642472388874972 -0.084679268403727026 0.93427278794042401 1.8282184767730014 -0.70222705312061395 0.89396500802676371 0.98203390618068442 -0.96101099878036222 -1.0668734459249098 0.12609549822401492 -0.4950409999854184 -0.66357205108139217 0.6954590335867854
decision_type=2 2 2 2 2 2 2 2 2 2 2 2 2 2 2 2 2 2 2 2 2 2 2 2 2 2 2 2 2 2
left_child=2 15 5 4 6 -1 -3 8 -7 -5 20 26 13 -13 -12 29 17 18 -17 -20 -10 -14 23 -4 -18 -26 -11 -25 -28 -2
right_child=1 3 22 9 -6 7 -8 -9 10 11 14 12 21 -15 -16 16 24 -19 19 -21 -22 -23 -24 27 25 -27 28 -29 -30 -31
leaf_value=-0.041158985521704147 -0.041160557204576814 0.22201427047388972 0.21541967553760333 0.1704294065754903 0.32717179693064286 0.021672483464209226 -0.041399058294971952 -0.041664758053550674 0.28349467439088993 0.0026692695710722448 0.18871643180858577 0.048745307844869051 0.026729411418805069 0.2141385868379056 0.037783986125097001 -0.041184181589923513 0.018000697139056693 -0.041266288085432035 0.20324285949838719 0.036192933226422246 0.20624035106243499 -0.041224904897722868 0.21081728325798604 0.26973410546781823 0.0039413775987594086 -0.041187822512428973 -0.019437820014847187 0.28783304528721904 -0.041354133070339257 -0.034927940808952986
leaf_weight=3.9931671470403662 376.89051789790392 2.8313845247030258 3.0914519056677845 3.7628881260752669 4.6036279052495956 3.9460461139679017 5.1083477586507779 2.6232609003782263 6.7383157536387461 2.2691834643483189 11.90151467174292 4.4308250993490237 2.2061662599444363 5.4585476219654083 2.508503161370748 3.796867035329341 2.5307470113039008 5.175972454249858 3.6655747443437567 2.5708740502595901 3.0071035921573639 12.139823228120804 2.955258533358573 25.375759646296505 2.2101527974009505 36.663590088486671 2.2741754800081262 3.3237375020980826 12.48501385748386 8.055364325642584
leaf_count=37 3489 20 20 29 36 33 45 22 46 20 89 38 20 41 20 35 23 47 28 22 20 111 20 159 20 338 20 22 111 75
internal_value=-9.69066e-05 -0.0277054 0.198282 0.0513033 0.153332 0.134891 0.0525367 0.157771 0.176388 0.0228804 0.201663 0.00942521 0.0389255 0.140036 0.162442 -0.0380065 -0.017447 0.0307763 0.0679415 0.134379 0.259657 -0.0307747 0.261622 0.266345 -0.0351611 -0.038622 -0.0325606 0.27183 -0.0379771 -0.0410301
internal_weight=568.594 499.13 69.4641 57.57 12.5434 34.7179 7.93973 30.7247 28.1015 45.0266 24.1554 41.2637 24.2354 9.88937 14.41 441.56 56.6138 15.2093 10.0333 6.23645 9.74542 14.346 34.7462 31.7909 41.4045 38.8737 17.0284 28.6995 14.7592 384.946
internal_count=5056 4568 488 491 101 267 65 230 208 390 175 361 210 79 109 4077 513 132 85 50 66 131 221 201 381 358 151 181 131 3564
is_linear=0
shrinkage=0.05


Tree=8
num_leaves=25
num_cat=0
split_feature=38 42 19 20 0 18 38 31 25 11 1 19 32 22 37 37 13 42 17 35 22 37 38 19
split_gain=2624.54 21.2448 10.8727 2.74891 1.17321 2.38246 0.466047 0.128234 0.0551781 0.114845 0.00905044 0.00764209 0.0014525 0.00124275 0.00123167 0.00104928 0.000880468 0.000538831 0.000388979 0.000576469 0.00034417 0.000213591 0.000121752 5.31647e-05
threshold=-1.184785962692849 0.14391221464868306 -0.37214876260628277 -1.1880612340604182 -1.2094596607649977 -1.1464668313547912 -1.0931826343640865 1.0000000180025095e-35 -0.18621566815575122 -0.67462026041949652 -0.0851348851461219 0.21719587584746061 -0.70974546454263077 -0.67217241717151499 2.6292182894116363 0.088430139366322907 0.98316498186293899 0.33702433475279531 -0.72008004333618703 -0.1941028681917408 -0.69347470221606755 0.029035792242654176 1.127132402947822 -0.13017007704970782
decision_type=2 2 2 2 2 2 2 2 2 2 2 2 2 2 2 2 2 2 2 2 2 2 2 2
left_child=1 2 4 -2 7 -6 -5 8 9 -1 -10 12 21 15 -15 -14 18 22 20 -20 -13 23 -18 -8
right_child=3 -3 -4 6 5 -7 11 -9 10 -11 -12 16 13 14 -16 -17 17 -19 19 -21 -22 -23 -24 -25
leaf_value=0.10575308129984795 -0.019095340422046924 0.0090752505504826542 0.043842475994945423 -0.035755660417003225 0.07851805026537878 0.11553091167974626 -0.048261156372380418 0.10671506503364335 0.11427265204616484 0.11442757889010279 0.11564189594307955 -0.048481920337651488 -0.047840267099169942 -0.048005838896552799 -0.048415945409056332 -0.048385641445506673 -0.048001655946336846 -0.048446726777390509 -0.048164430140610524 -0.048400239329571659 -0.048913029162339292 -0.04878226244225304 -0.047699251630472901 -0.048471311093107386
leaf_weight=5.8796576559543636 8.2649578005075437 5.0520994663238517 5.7078487277030936 7.6169881075620642 7.1443297564983395 11.106764882802961 4.6186030656099328 5.8529343605041495 307.48432180285454 10.869046568870543 12.561371296644209 39.70518633723259 11.066847309470175 448.26977175474167 19.087564557790756 43.430600494146347 10.250585407018663 6.5267837047576895 29.394705951213837 219.09984892606735 5.240606188774108 4.9761821180582038 4.9288911670446387 8.6376508474349976
leaf_count=20 34 20 21 32 25 38 20 20 1046 37 43 170 49 1967 82 187 45 28 128 942 22 21 22 37
internal_value=-0.000333121 0.110908 0.112312 -0.0477939 0.113395 0.101042 -0.0480688 0.114052 0.11418 0.111382 0.114326 -0.0481784 -0.0480643 -0.0480489 -0.0480226 -0.0482749 -0.0483741 -0.0480668 -0.0483968 -0.0483723 -0.0485322 -0.0485029 -0.0479035 -0.0483981
internal_weight=1242.77 371.658 366.606 871.116 360.898 18.2511 862.851 342.647 336.794 16.7487 320.046 855.234 540.087 521.855 467.357 54.4974 315.147 21.7063 293.44 248.495 44.9458 18.2324 15.1795 13.2563
internal_count=5056 1270 1250 3786 1229 63 3752 1166 1146 57 1089 3720 2363 2285 2049 236 1357 95 1262 1070 192 78 67 57
is_linear=0
shrinkage=0.05


Tree=9
num_leaves=24
num_cat=0
split_feature=6 25 0 1 39 0 1 0 24 33 37 23 24 1 14 28 14 37 24 39 38 17 19
split_gain=1977.06 131.248 67.6014 50.5994 36.9187 35.0981 26.8253 53.5083 10.7538 10.6294 7.45558 19.0549 4.94065 3.1367 10.71 1.66767 1.5916 3.99575 0.606519 0.257767 0.125537 0.0635349 0.00103059
threshold=0.30844082595299677 0.31820076278111276 3.8467859583836073 -0.047699426542389504 0.59561912912395865 -1.184790698480179 0.3469917986042419 -0.30027465318355046 0.58936442678402667 2.0374346640674958 -0.4701620666261071 -0.81413970150625425 2.1727112530284889 0.53542482458374774 1.5636784322853212 0.25189271892212045 -0.30665220311507663 -0.73486658700878771 0.80306875371319675 0.41299871762587564 1.1983508906244627 -0.19495597708004894 -0.01753130434921173
decision_type=2 2 2 2 2 2 2 2 2 2 2 2 2 2 2 2 2 2 2 2 2 2 2
left_child=1 2 6 9 5 -3 12 -8 -5 -2 -7 -12 16 14 -10 -9 18 -18 -1 20 21 -15 -17
right_child=3 4 -4 8 -6 10 7 15 13 -11 11 -13 -14 19 -16 22 17 -19 -20 -21 -22 -23 -24
leaf_value=-0.045699522383967871 0.064943692811559955 -0.046803294829366834 0.13688200607150736 0.06956107832560747 -0.046608640477744351 0.13821478565200224 0.10824378328359519 -0.011270345091490618 0.14070130570061462 -0.022965127379887668 0.12487737447976138 0.00202306605628917 -0.00036961024288862309 0.13245802335873086 0.046646235201498257 -0.046266770765655829 -0.020159614703389957 -0.04326286647780013 -0.037193119683767636 0.11951152512180152 0.12030231239402643 0.12779675949341604 -0.047166462393524823
leaf_weight=614.38323721289635 7.8423082530498487 4.455555826425555 5.3028189837932578 8.7080727070569974 6.9114907532930365 10.273682609200479 8.7546505928039569 4.2232132554054287 7.2943198233842832 6.123682513833046 9.0522423386573809 4.845780417323108 6.4357283115386954 7.5754576921463004 5.173222690820694 12.079457566142088 22.421998113393784 113.20154635608196 21.695204392075539 9.8671485781669599 5.4879125952720633 208.98591983318329 4.3218562901020006
leaf_count=2984 32 21 20 34 33 39 33 20 28 28 34 20 30 28 21 59 105 550 105 36 20 756 20
internal_value=0.00040308 -0.0369455 -0.0410578 0.119048 0.0571075 0.0821477 -0.0422263 0.0046739 0.12416 0.0263982 0.105917 0.0820421 -0.043997 0.126106 0.101675 -0.0392892 -0.0443609 -0.0394433 -0.0454094 0.127419 0.127771 0.12796 -0.0465038
internal_weight=1115.42 848.358 812.82 267.058 35.5388 28.6273 807.517 29.3792 253.092 13.966 24.1717 13.898 778.138 244.384 12.4675 20.6245 771.702 135.624 636.078 231.916 222.049 216.561 16.4013
internal_count=5056 4073 3926 983 147 114 3906 132 923 60 93 54 3774 889 49 99 3744 655 3089 840 804 784 79
is_linear=0
shrinkage=0.05


Tree=10
num_leaves=31
num_cat=0
split_feature=21 19 42 40 39 22 37 13 30 25 0 39 40 37 0 11 25 21 24 25 21 23 5 19 42 24 36 8 31 13
split_gain=1496.77 351.651 94.6321 94.7084 68.7924 66.7567 48.1116 46.3801 33.0685 31.5847 29.5512 24.8703 19.0142 15.884 14.844 11.5345 11.0533 9.78452 9.57856 9.55935 5.99471 4.65265 3.12911 2.82512 1.97681 1.78265 1.07633 0.721836 0.680951 0.434436
threshold=-0.2419175477721858 0.21719587584746061 0.28987445280977153 0.21911623687436199 0.42802052377877892 -0.67217241717151499 -0.011592364651285254 -0.77584552441980137 1.652386513554349 0.47950345113005188 0.89453532735826669 0.81996252816785853 1.1896858418925891 0.088430139366322907 1.1397388681411023 0.35672279638649634 -0.45965201522600169 0.43490134049592016 -0.54427224220795323 0.31820076278111276 0.37167220751297864 0.9894076294228048 0.14431533447040171 0.34385128038555252 0.57224671896782431 2.0642956599390812 -2.1283239239927338 1.3513713430768 -0.5885909191399431 0.75170059260715283
decision_type=2 2 2 2 2 2 2 2 2 2 2 2 2 2 2 2 2 2 2 2 2 2 2 2 2 2 2 2 2 2
left_child=4 5 3 21 22 11 7 -6 9 12 16 -2 20 -13 -14 -9 23 28 -19 -18 -7 -3 26 -5 -4 27 -1 -23 -15 -26
right_child=1 2 24 10 6 8 -8 15 -10 -11 -12 13 14 17 -16 -17 19 18 -20 -21 -22 25 -24 -25 29 -27 -28 -29 -30 -31
leaf_value=-0.04211317371488707 0.067404405310433721 0.026281564199727561 -0.034638552417618998 -0.029955181099100975 -0.055190297167991634 0.055693527408704202 -0.062437664280046767 0.072419223010615888 -0.050399068309267381 -0.0313142970259737 0.046701100573521129 0.067998957961447656 0.038333709650895234 -0.040219744315043562 0.07582816779895285 0.0037394540213072352 0.033697605912896743 -0.025174279891743513 0.026097073800836354 -0.040045088220585535 0.070852727354298359 0.074122958669064848 -0.026624829571682652 -0.062332234544753784 -0.062079011056836712 0.044194116571583245 -0.061721703729024961 0.057522699808808503 -0.063215812051438378 -0.052580050011843418
leaf_weight=7.0797491967678061 15.329379111528395 8.6320427954196912 8.4215750694274885 8.4720598161220533 13.746427893638609 76.590775400400162 27.180075824260712 23.657452762126926 6.5025303065776816 8.7769929170608503 11.311339318752287 6.6651772260665885 104.44251105189323 6.4438370168209076 35.325526982545853 8.2436397075653058 7.6328663825988796 19.340852260589593 17.219881922006614 10.359052300453184 439.13427674770355 30.651276260614395 6.5010378360748282 32.909107208251953 60.264986276626587 7.6615558266639701 608.65846553444862 8.3278433680534345 6.4329871535301191 15.041054904460905
leaf_count=22 46 26 26 26 43 230 85 71 20 27 34 20 314 20 106 25 23 59 52 32 1318 92 20 103 189 23 1912 25 20 47
internal_value=3.05558e-05 0.0407617 -0.0164139 0.0109721 -0.0557505 0.0569148 -0.00977169 0.0215874 0.0618082 0.0629066 -0.0273674 0.0109636 0.0641682 -0.00445815 0.0478102 0.0546715 -0.0414784 -0.0142268 -0.00102579 -0.00876059 0.0686014 0.0600018 -0.0611319 -0.0557036 -0.0576125 0.0662426 -0.0614962 0.0705763 -0.0517081 -0.0601818
internal_weight=1646.96 951.889 209.685 125.957 695.067 742.205 72.8276 45.6475 670.773 664.27 70.6844 71.4321 655.493 56.1027 139.768 31.9011 59.3731 49.4376 36.5607 17.9919 515.725 55.2727 622.239 41.3812 83.7276 46.6407 615.738 38.9791 12.8768 75.306
internal_count=5056 2878 646 384 2178 2232 224 139 2015 1995 218 217 1968 171 420 96 184 151 111 55 1548 166 1954 129 262 140 1934 117 40 236
is_linear=0
shrinkage=0.05


Tree=11
num_leaves=31
num_cat=0
split_feature=22 40 39 0 38 13 21 25 37 21 25 37 39 14 16 22 14 16 8 42 25 12 25 46 33 7 39 39 22 37
split_gain=980.039 151.365 62.0234 55.0238 56.2827 52.1911 51.7696 36.9115 34.2626 33.4008 25.4016 11.9703 11.1395 18.3328 16.0339 10.6095 11.0071 10.3234 8.63393 8.40262 7.00914 5.68244 7.01382 5.36714 2.99488 1.72287 0.99413 0.127104 0.359775 0.000296126
threshold=-0.67217241717151499 1.1896858418925891 0.76709821287102642 1.1397388681411023 0.63559616238479333 1.0660642945745751 -0.63079155813675525 -1.4963929276914476 -0.055972977829444666 0.83594621683373205 -0.45965201522600169 2.2825616873050443 0.74884520346110872 -0.5473148659256073 -0.20050785218355591 -0.7564949140667182 -0.76913446679810915 -0.72046582907472823 -0.41020099204132426 -0.36381741704577836 -0.1830665226951905 0.89346618876829176 -0.81472861407128261 -1.1832362924329722 -0.96101099878036222 2.0060496823313612 0.58239407476369753 0.6954590335867854 -0.47085382505050993 -0.52427170448283256
decision_type=2 2 2 2 2 2 2 2 2 2 2 2 2 2 2 2 2 2 2 2 2 2 2 2 2 2 2 2 2 2
left_child=2 12 26 4 6 8 -3 -8 -4 19 -11 -12 27 14 20 21 -17 -9 -18 -6 23 22 -10 -14 -15 -26 -1 29 -29 -2
right_child=1 3 5 -5 9 -7 7 17 15 10 11 -13 13 24 -16 16 18 -19 -20 -21 -22 -23 -24 -25 25 -27 -28 28 -30 -31
leaf_value=-0.040925360821234338 -0.041017108977177773 0.18897660447026954 0.058396110598626733 -0.041149817938239561 0.25140306962816017 -0.014638058964593609 0.15656065877692124 0.064366106235051512 0.2065239715067384 0.20286317026165493 -0.029694653302945045 0.10657538453560761 0.053257540555402216 0.017829989949468526 0.15010273044897388 0.083254657697129392 0.22487297684320495 -0.03844606419668381 0.12265863721804544 0.1485319628055691 0.087050455439001154 0.26056542085851658 0.16679903792640355 -0.028955697037500335 -0.040988359848880079 0.0049824355296433252 0.0058316994159254617 -0.016549037847866363 -0.040976843624181254 -0.04092340055818125
leaf_weight=2.4541171863675109 227.72526647150517 4.2870644554495838 5.4233640879392615 13.633612185716627 5.4172243475914001 3.6375965178012839 3.2639255374670055 2.8287880197167459 36.090915873646729 2.8479389399290085 4.0384950488805753 2.6816612929105759 2.6230312138795844 2.5375261455774298 2.338067263364791 4.3470286279916754 4.833445504307746 17.83847992122173 3.6082698181271544 3.1330953091382998 2.3074029535055152 3.4485038071870795 16.053936555981643 8.16358534991741 35.014490492641926 2.1640867069363585 2.1178608685731888 2.0502846539020538 5.6915890946984282 133.86369799822569
leaf_count=24 2179 26 39 127 33 29 24 24 186 20 32 20 21 23 18 29 29 163 23 22 17 21 89 76 338 20 19 20 55 1310
internal_value=-0.000151701 -0.0272117 0.159687 0.0471448 0.0731237 0.170252 0.0289676 0.000303414 0.179365 0.141894 0.0777186 0.0246836 -0.0377168 -0.0167555 0.0294921 0.188959 0.147896 -0.0243739 0.181183 0.213708 0.00795587 0.198405 0.194294 -0.00896353 -0.0347255 -0.0383125 -0.0192663 -0.0408467 -0.0345076 -0.0409824
internal_weight=566.464 484.449 82.015 59.9703 46.3367 77.4431 28.2183 23.9312 73.8055 18.1184 9.5681 6.72016 424.479 55.1482 15.4321 68.3821 12.7887 20.6673 8.44172 8.55032 13.094 55.5934 52.1449 10.7866 39.7161 37.1786 4.57198 369.331 7.74187 361.589
internal_count=5056 4568 488 491 364 445 237 211 416 127 72 52 4077 513 132 377 81 187 52 55 114 296 275 97 381 358 43 3564 75 3489
is_linear=0
shrinkage=0.05


Tree=12
num_leaves=27
num_cat=0
split_feature=38 1 19 20 0 18 38 36 19 22 11 40 0 24 5 19 42 25 24 47 23 11 22 18 0 42
split_gain=2286.56 15.4171 9.15974 2.67309 0.464569 1.06252 0.453828 0.0887724 0.0126784 0.00850505 0.00285088 0.00228393 0.00169146 0.00166192 0.00122495 0.000964214 0.000932365 0.000702234 0.000664338 0.000912365 0.00060806 0.000600582 0.000419345 0.000324833 6.18312e-05 5.16346e-05
threshold=-1.184785962692849 0.24712114971514343 -0.41324989986472599 -1.1880612340604182 -1.2094596607649977 -1.1464668313547912 -1.0931826343640865 0.72528512574632253 0.21719587584746061 -0.34243561016185914 -0.39454388896213122 1.1896858418925891 -0.8400196593188588 -0.6522040873115077 0.85908060829999155 -0.43719547112976037 0.33702433475279531 0.47950345113005188 0.91169341496910661 0.36841386713152119 1.2088270906638798 -0.76325382301585887 0.49368764755535643 0.28737916306975597 1.2829971792408925 1.5661089138260147
decision_type=2 2 2 2 2 2 2 2 2 2 2 2 2 2 2 2 2 2 2 2 2 2 2 2 2 2
left_child=1 2 4 -2 7 -6 -5 9 11 10 -1 12 25 15 18 -13 22 -14 20 -20 -10 -11 -16 -15 -18 -8
right_child=3 -3 -4 6 5 -7 8 -9 14 21 -12 13 17 23 16 -17 24 -19 19 -21 -22 -23 -24 -25 -26 -27
leaf_value=0.10233398455430789 -0.018614610114030841 0.023633974974574739 0.049751546854231984 -0.035044102612755826 0.076877861195566846 0.10301323992632212 -0.047938161485029808 0.097201473142278463 -0.047805503213482106 0.10296160957247454 0.10328882068489034 -0.04753090587821502 -0.047197445714840941 -0.047120863511314608 -0.04752329328650591 -0.048035399245539123 -0.047903500001732408 -0.047740294863249787 -0.047337253888377083 -0.047710310170057585 -0.048335781980022779 0.10349525581285626 -0.047052747192638432 -0.047389014712103661 -0.04766408119026011 -0.04772588768177332
leaf_weight=317.90925332903862 8.1874267458915693 6.5921354889869681 8.6069684624671918 7.454832285642623 5.9825426936149624 11.112024307250975 4.7652792781591398 8.3277166187763196 82.443847239017487 7.718720197677615 8.0144418179988843 22.842307865619659 368.3885575979948 13.203469991683958 7.0964603871107128 16.179794982075691 5.2081946581602079 6.0554203093051902 18.194182097911835 165.21183431148529 5.7853834778070441 16.63534688949585 14.228001177310942 78.085554525256157 5.592217743396759 7.1829599887132645
leaf_count=1027 34 25 30 32 20 36 21 27 366 25 26 103 1693 61 32 71 23 27 83 737 25 54 66 355 25 32
internal_value=-0.000373659 0.0994508 0.100751 -0.0470439 0.10192 0.0938667 -0.0473251 0.102304 -0.0474367 0.102425 0.102357 -0.047286 -0.0472249 -0.047467 -0.047693 -0.0477401 -0.047401 -0.0472062 -0.0477275 -0.0476733 -0.0478403 0.103326 -0.0472093 -0.0473502 -0.0477795 -0.0478105
internal_weight=1227 390.899 384.307 836.106 375.7 17.0946 827.918 358.605 820.463 350.278 325.924 516.703 386.392 130.311 303.76 39.0221 32.1249 374.444 271.635 183.406 88.2292 24.3541 21.3245 91.289 10.8004 11.9482
internal_count=5056 1270 1245 3786 1215 56 3752 1159 3720 1132 1053 2363 1773 590 1357 174 146 1720 1211 820 391 79 98 416 48 53
is_linear=0
shrinkage=0.05


Tree=13
num_leaves=24
num_cat=0
split_feature=6 25 0 1 39 0 1 0 33 17 37 23 24 42 14 22 38 18 34 16 36 24 19
split_gain=1697.91 121.096 60.3366 39.0677 32.0411 29.412 25.8091 46.1603 9.16235 8.68057 5.76609 15.5561 4.88346 3.18936 6.33325 2.21854 4.59434 1.66141 0.184056 0.169888 0.0956959 0.0686152 0.00116585
threshold=0.30844082595299677 0.31820076278111276 3.8467859583836073 -0.047699426542389504 0.59561912912395865 -1.184790698480179 0.3469917986042419 -0.30027465318355046 2.0374346640674958 -0.31792625944434499 -0.4701620666261071 -0.81413970150625425 2.1727112530284889 0.37266061967312858 1.5636784322853212 -0.34243561016185914 0.26483696430407672 0.34673265008794585 0.56134981638583148 -0.63940829689629586 -1.8733296107417132 0.70917098623058594 -0.0080148174746949557
decision_type=2 2 2 2 2 2 2 2 2 2 2 2 2 2 2 2 2 2 2 2 2 2 2
left_child=1 2 6 8 5 -3 12 -8 -2 -5 -7 -12 15 14 -11 19 -17 -9 -15 -1 -20 -22 -19
right_child=3 4 -4 9 -6 10 7 17 -10 13 11 -13 -14 18 -16 16 -18 22 20 -21 21 -23 -24
leaf_value=-0.045846334726812793 0.059104757212214781 -0.046240163789680731 0.12215039598944757 0.054739813155319977 -0.046156266596507067 0.12251573948287922 0.096444188766020622 -0.010325058025443009 -0.022237211818865163 0.11468135422987957 0.11128011605781776 0.0016406864141207044 0.00022421604491078696 0.1054386912623075 0.046878371705563249 -0.026335768338872162 -0.045680282874833535 -0.045649839328408451 0.10710058252723348 -0.044180979000381482 0.11729413080253977 0.11283852489418103 -0.046611144890608851
leaf_weight=291.06677164137363 8.1725151091814023 4.2883476614952114 5.6698472499847403 6.9757715016603461 6.6871530562639228 11.031971827149393 9.3112627565860766 4.1436339616775539 6.006171226501464 8.9103619605302793 9.6617320030927676 4.8639611154794649 6.3743097633123389 8.7123750150203687 5.6139596849679938 52.235876247286797 74.425748288631439 11.338941454887392 7.0576478838920584 323.16953471302986 8.9869436621665937 224.24320569634438 4.3693224638700441
leaf_count=1467 32 21 20 26 33 39 33 20 28 32 34 20 30 30 22 253 380 58 24 1644 31 758 21
internal_value=0.000368186 -0.0362089 -0.0403651 0.105551 0.052768 0.0749325 -0.0415519 0.00459326 0.0246478 0.109792 0.0952641 0.0745671 -0.0433528 0.111249 0.0884741 -0.0437277 -0.0377025 -0.0384882 0.112578 -0.0449701 0.112837 0.11301 -0.0459172
internal_weight=1103.32 818.638 782.105 284.679 36.5332 29.846 776.435 29.1632 14.1787 270.5 25.5577 14.5257 747.272 263.524 14.5243 740.898 126.662 19.8519 249 614.236 240.288 233.23 15.7083
internal_count=5056 4073 3926 983 147 114 3906 132 60 923 93 54 3774 897 54 3744 633 99 843 3111 813 789 79
is_linear=0
shrinkage=0.05


Tree=14
num_leaves=31
num_cat=0
split_feature=21 19 23 22 39 40 37 13 2 25 39 38 42 40 38 35 11 47 23 25 19 25 25 38 42 5 36 25 13 36
split_gain=1339.75 311.192 85.3701 63.6823 62.6885 56.3016 43.8295 41.7154 37.5467 29.4997 20.507 18.9427 16.6219 16.1867 13.8041 11.3295 11.4392 10.4185 7.65434 7.14036 5.97399 9.89325 4.98343 4.74946 4.48551 2.92002 1.59664 1.45826 3.7243 1.27812
threshold=-0.2419175477721858 0.2852856882031809 0.96923947270497324 -0.67217241717151499 0.42802052377877892 0.27019884766479502 -0.011592364651285254 -0.77584552441980137 2.9633395865414327 0.47950345113005188 0.7085912603143959 -0.28607560861455283 0.18091566092529496 1.1896858418925891 0.63559616238479333 -1.1294960385681392 -0.28771905609697473 0.51348757431148984 0.15941686360292132 0.31820076278111276 0.49915869904091809 -0.56095716466654488 -0.7270010274939559 0.644125821483026 -0.33879519086449189 0.14431533447040171 -0.95916382299275249 0.051979306459481796 0.74308381816759206 -0.18646560475153881
decision_type=2 2 2 2 2 2 2 2 2 2 2 2 2 2 2 2 2 2 2 2 2 2 2 2 2 2 2 2 2 2
left_child=4 3 11 10 25 12 7 -6 9 13 -2 -3 27 19 -15 22 23 -9 -18 -5 21 -13 29 -17 -7 -1 -22 -4 -29 -12
right_child=1 2 5 8 6 24 -8 17 -10 -11 15 20 -14 14 -16 16 18 -19 -20 -21 26 -23 -24 -25 -26 -27 -28 28 -30 -31
leaf_value=-0.059084596243144584 0.06997906850921394 0.03453754939691752 0.070561257286541654 0.065236095566147387 -0.05309239059401432 -0.012178883843219718 -0.060268257670491598 0.066883737914838315 -0.062750101462563934 -0.027730965869108511 -0.029570006146881097 -0.053060146043568457 -0.023781189263458003 0.061984749474387695 0.030666471100938748 0.01702898886976904 0.063018728532244009 -0.0025394662578580359 0.0062966810662425975 0.021618656597501312 -0.037296401574292641 0.021062991731608468 0.0064483566961911938 -0.031662981029201356 -0.058455801411398979 -0.025251191752562793 -0.058391387753817137 0.027679982609762496 0.071027420844542194 -0.058692146636014943
leaf_weight=600.75556334853172 12.269652068614958 6.954231232404708 25.212277054786682 509.17878150939941 13.496183782815931 8.0884477496147174 26.628041923046112 24.903209358453754 6.3847497701644889 9.6457608640193921 6.8307642936706552 12.01220962405205 6.3572594821453086 66.213741093873978 75.081487834453583 8.1533954441547412 13.244053840637209 6.9020760357379904 10.79580909013748 9.5591044127941114 10.111778557300566 7.1998179554939261 6.5760169029235831 12.98195621371269 14.84951940178871 6.4456964433193198 79.434184849262238 8.6379283666610736 11.622315168380736 8.4017159938812256
leaf_count=1934 37 21 76 1536 43 25 85 75 20 30 21 38 20 199 226 25 40 21 33 29 32 22 20 40 47 20 254 26 35 26
internal_value=8.11752e-05 0.038553 -0.0185587 0.0529558 -0.053497 0.0230832 -0.00936025 0.0205633 0.0579266 0.0590772 0.0105525 -0.0454658 0.0519475 0.0603458 0.0453428 -0.000332889 0.0139545 0.0518182 0.037546 0.0644323 -0.0505813 -0.0252821 -0.0299285 -0.0128791 -0.0421375 -0.0587254 -0.0560093 0.0625347 0.0525463 -0.0456328
internal_weight=1624.93 945.797 190.48 755.317 679.131 74.7677 71.9295 45.3015 676.064 669.679 79.2534 115.712 51.8298 660.033 141.295 66.9837 45.1752 31.8053 24.0399 518.738 108.758 19.212 21.8085 21.1354 22.938 607.201 89.546 45.4725 20.2602 15.2325
internal_count=5056 2878 596 2282 2178 229 224 139 2040 2020 242 367 157 1990 425 205 138 96 73 1565 346 60 67 65 72 1954 286 137 61 47
is_linear=0
shrinkage=0.05


Tree=15
num_leaves=31
num_cat=0
split_feature=22 40 39 13 0 38 21 25 0 19 37 24 24 19 33 24 17 39 16 39 14 33 31 25 20 33 25 15 14 27
split_gain=802.457 136.15 65.0264 45.81 44.3942 43.9495 37.8391 31.2802 21.6394 23.8682 19.2998 19.7774 14.0016 10.4608 10.2367 9.77527 8.84364 9.2791 6.94303 6.88955 11.1777 13.112 6.61424 6.57158 5.25428 3.76376 0.182239 0.216035 0.12201 0.394389
threshold=-0.65578360094895605 1.1896858418925891 0.7085912603143959 1.0660642945745751 1.1397388681411023 0.63559616238479333 -0.63079155813675525 -1.4963929276914476 0.46267987916740577 -0.33259172663450204 -0.055972977829444666 -0.79052025983181617 -0.26450564669738152 0.2852856882031809 -0.85775545893948602 -0.52476121593280978 -1.5954576653870092 0.66762552034154654 -0.72046582907472823 0.92707952421835238 -0.54963909378656894 -0.28694030542138493 -0.36717489744619808 -0.42833680455501466 0.59756303112460218 -0.85775545893948602 -0.56593532383557765 -0.58400529156876935 -0.66480636385717484 -0.43410786275358965
decision_type=2 2 2 2 2 2 2 2 2 2 2 2 2 2 2 2 2 2 2 2 2 2 2 2 2 2 2 2 2 2
left_child=2 16 -1 10 5 6 -3 -8 -7 15 11 -4 -11 14 22 -10 17 -2 -9 28 21 24 -12 -16 -21 -22 27 -15 29 -18
right_child=1 4 3 -5 -6 8 7 18 9 12 13 -13 -14 26 23 -17 19 -19 -20 20 25 -23 -24 -25 -26 -27 -28 -29 -30 -31
leaf_value=-0.040786914022100849 -0.040795820292847444 0.15316371272080526 0.15353618269882005 -0.018780653284751345 -0.040917205437775758 0.20557192709963476 0.13227067794064368 0.046390560285778065 0.077426672017335052 0.083287056752230249 0.029722198165184451 -0.026092167496519686 0.22387027115254998 0.15932956222076844 0.15852137019318291 -0.042003407827367535 -0.040814185447418265 0.095311156892015469 -0.038167702720837665 0.12600185331265201 0.028515426368649628 -0.041227317245665446 0.12600817050471411 0.091776847627185798 0.024651467560087712 -0.040809747798877222 0.17834819937396931 0.17036941773799699 -0.04081141851372426 -0.014948624912888779
leaf_weight=5.2295418605208388 2.4726145341992369 4.7691551148891476 3.0325420945882797 4.3033475503325453 12.614223785698412 5.5647852271795299 3.6971749514341381 2.8309779986739221 3.748756632208825 3.547425851225853 3.3704487532377243 3.0975544154644004 3.5370940864086124 5.0593312680721274 23.008770182728767 3.1555375680327415 6.1285495609045029 2.5371472537517548 17.03723973035812 2.9555443003773689 2.1518929675221434 3.6708655655384046 3.7882776856422415 4.391823589801791 2.2540974915027618 21.712302595376972 5.9767816811799994 35.701390042901039 358.72038341313601 1.9403331056237201
leaf_count=53 25 25 19 35 124 28 24 23 28 23 20 24 20 22 121 25 62 19 161 22 20 34 20 26 19 219 27 156 3612 20
internal_value=-0.000141724 -0.0274226 0.130705 0.140482 0.0425337 0.0645155 0.0247242 -0.0012694 0.122176 0.0890008 0.148321 0.0627695 0.153476 0.154772 0.133914 0.0228424 -0.037885 0.0281343 -0.0261192 -0.0387129 -0.016738 0.0311504 0.0806751 0.147823 0.0821498 -0.0345585 0.170195 0.168999 -0.0406746 -0.0345943
internal_weight=562.006 465.046 96.9598 91.7303 60.5024 47.8881 28.3345 23.5654 19.5536 13.9888 87.4269 6.1301 7.08452 81.2968 34.5593 6.90429 404.544 5.00976 19.8682 399.534 32.7447 8.88051 7.15873 27.4006 5.20964 23.8642 46.7375 40.7607 366.789 8.06888
internal_count=5056 4533 523 470 481 357 233 208 124 96 435 43 43 392 187 53 4052 44 184 4008 314 75 40 147 41 239 205 178 3694 82
is_linear=0
shrinkage=0.05


Tree=16
num_leaves=27
num_cat=0
split_feature=38 1 19 20 12 33 38 31 36 19 14 22 40 24 0 38 22 42 36 19 1 13 25 11 19 42
split_gain=2013.38 12.565 7.98627 2.63307 0.545876 1.34099 0.451747 0.0934213 0.0773289 0.0162945 0.0137255 0.0132011 0.0035007 0.00214574 0.00210752 0.001303 0.00133847 0.00303209 0.00119283 0.00104866 0.000835833 0.000825222 0.0007191 0.000373349 0.000258675 0.000102961
threshold=-1.184785962692849 0.24712114971514343 -0.37214876260628277 -1.1880612340604182 -1.2218425223988134 -0.36728327942190647 -1.0931826343640865 -0.014778676350726723 0.72528512574632253 0.16182306029895391 -0.40462727999138787 -0.34243561016185914 1.1896858418925891 -0.66131231685633196 -0.72499690746072865 0.45312775106249165 1.0000000180025095e-35 0.28987445280977153 -1.6259677150638561 -0.49612458702639556 -0.0851348851461219 0.97543959788264323 0.47950345113005188 -0.55535846490247498 0.23778565628788331 1.5661089138260147
decision_type=2 2 2 2 2 2 2 2 2 2 2 2 2 2 2 2 2 2 2 2 2 2 2 2 2 2
left_child=1 2 4 -2 7 10 -5 8 11 12 -6 -1 14 19 25 18 24 -18 20 -14 -11 -15 -16 -20 -17 -8
right_child=3 -3 -4 6 5 -7 9 -9 -10 15 -12 -13 13 21 22 16 17 -19 23 -21 -22 -23 -24 -25 -26 -27
leaf_value=0.093054254122052468 -0.017947852238881526 0.022334564220570351 0.034810010814770434 -0.034225173818841333 0.093289178469693285 0.069250146746889743 -0.047365479077159309 0.086915457433647633 0.088343671357276166 -0.047954212612949007 0.096571651033521319 0.094292992556891067 -0.046866414737125023 -0.046573110415130341 -0.046462835529589276 -0.046815000646370064 -0.046395298885074959 -0.047079997159215119 -0.04753255134396147 -0.04741057310322172 -0.047180332194843647 -0.046916889125326509 -0.047069824214789412 -0.047067412252099344 -0.047209808842643232 -0.047051769287508087
leaf_weight=332.9703466296196 8.0801479518413526 6.6593591272830954 6.0987069606780997 7.2658047378063193 6.4093785881996155 8.470385402441023 4.3895186036825162 6.3749892711639395 8.6278647780418378 6.7987819314002991 6.3298479318618792 22.9927938580513 18.304674208164215 63.058084324002266 346.50781664252281 4.8814859539270392 30.56156300008297 34.333700209856033 4.417043685913085 17.147723868489265 7.1672943681478483 24.138617664575577 4.9491123259067527 185.09261825680733 27.640967503190041 6.471757784485817
leaf_count=1038 34 25 21 32 20 27 20 20 27 30 20 72 86 302 1670 23 148 159 20 78 33 113 23 858 127 30
internal_value=-0.000420566 0.0904481 0.091587 -0.046346 0.0924699 0.0846684 -0.0466353 0.092916 0.0930209 -0.0467501 0.0949202 0.0931343 -0.0465707 -0.0468016 -0.0464926 -0.0470391 -0.0468887 -0.0467575 -0.0471111 -0.0471296 -0.0475571 -0.0466683 -0.0464714 -0.0470783 -0.0471505 -0.0471786
internal_weight=1206.14 404.934 398.274 801.207 392.176 21.2096 793.127 370.966 364.591 785.861 12.7392 355.963 484.967 122.649 362.318 300.893 97.4177 64.8953 203.476 35.4524 13.9661 87.1967 351.457 189.51 32.5225 10.8613
internal_count=5056 1270 1245 3786 1224 67 3752 1157 1137 3720 40 1110 2322 579 1743 1398 457 307 941 164 63 415 1693 878 150 50
is_linear=0
shrinkage=0.05


Tree=17
num_leaves=25
num_cat=0
split_feature=6 25 0 1 39 0 1 0 33 24 24 37 23 22 38 42 20 5 42 16 1 25 32 19
split_gain=1476.46 111.892 53.6705 31.5118 28.3303 25.0331 24.832 40.2858 7.8842 7.43527 4.85887 4.6715 12.9112 2.26102 4.57188 2.06474 1.66668 0.381182 2.68267 0.176234 0.164895 0.107581 0.0264611 0.00120071
threshold=0.30844082595299677 0.31820076278111276 3.8467859583836073 -0.047699426542389504 0.59561912912395865 -1.184790698480179 0.3469917986042419 -0.30027465318355046 2.0374346640674958 0.58936442678402667 2.1727112530284889 -0.4701620666261071 -0.81413970150625425 -0.34243561016185914 0.26483696430407672 0.07518100018382555 0.28866370393344853 0.36819979836128414 1.3928293566102685 -0.63940829689629586 0.73362517920344084 -0.18819448531215818 0.60557299464354664 -0.0080148174746949557
decision_type=2 2 2 2 2 2 2 2 2 2 2 2 2 2 2 2 2 2 2 2 2 2 2 2
left_child=1 2 6 8 5 -3 10 -8 -2 -5 13 -7 -13 19 -15 -11 -9 20 -19 -1 -17 -22 -20 -18
right_child=3 4 -4 9 -6 11 7 16 -10 15 -12 12 -14 14 -16 17 23 18 22 -21 21 -23 -24 -25
leaf_value=-0.045314576571911291 0.053727271271098234 -0.045693919474875035 0.10913449314113227 0.055335932290625736 -0.045802801897804744 0.11056278697851873 0.087200603451303121 -0.0092353497404831994 -0.021554902865278877 0.074798657123709186 0.0010092261104350296 0.10044260529268055 0.0014455291274573377 -0.025487940523953492 -0.045119535139237756 0.10911454092341782 -0.04508836224538415 0.068714554901855268 0.10106285143607736 -0.043581300677342706 0.10655585276712183 0.10132591881027997 0.10378816557651666 -0.046084499051721232
leaf_weight=278.87023416161537 8.4860204458236677 4.1169406473636654 6.0087207257747641 9.5338840484619123 6.5018084049224845 11.634657129645349 9.7622606456279772 4.0529425889253643 5.8930514752864829 7.7427130341529837 6.2933895587921134 10.16519406437874 4.8720918744802431 50.918341383337975 71.023645296692848 7.5090456902980796 10.82041083276272 7.1518754363059989 21.781504780054092 309.32358984649181 10.328752279281614 204.82777261734009 15.068176805973051 4.1990691423416093
leaf_count=1467 32 21 20 34 33 39 33 20 28 28 30 34 20 253 380 25 58 24 70 1644 34 659 49 21
internal_value=0.000340103 -0.0355037 -0.0396998 0.0950868 0.0490337 0.0690607 -0.0408998 0.00459371 0.022874 0.0987437 -0.0427308 0.0867736 0.0683675 -0.0431185 -0.0369221 0.100252 -0.0376888 0.100991 0.0967383 -0.0444031 0.101831 0.101577 0.102177 -0.0453669
internal_weight=1086.89 788.563 751.273 298.323 37.2907 30.7889 745.264 28.8347 14.3791 283.944 716.429 26.6719 15.0373 710.136 121.942 274.41 19.0724 266.667 44.0016 588.194 222.666 215.157 36.8497 15.0195
internal_count=5056 4073 3926 983 147 114 3906 132 60 923 3774 93 54 3744 633 889 99 861 143 3111 718 693 119 79
is_linear=0
shrinkage=0.05


Tree=18
num_leaves=31
num_cat=0
split_feature=37 19 39 22 42 40 13 5 0 37 0 17 37 39 39 26 46 37 14 24 39 37 42 15 37 34 24 40 39 4
split_gain=1192.27 262.779 70.9928 58.9696 50.1191 95.6493 35.0422 32.8659 28.4554 20.5792 18.1313 17.0996 27.859 18.2364 15.6325 11.6511 9.5693 7.84443 7.20613 6.7342 5.7147 2.67646 24.4518 2.65747 5.05038 2.14801 1.70991 1.58516 0.984095 0.564209
threshold=-0.59593580189417428 0.2852856882031809 0.44161026945671367 -0.67217241717151499 0.07518100018382555 0.21911623687436199 -0.569934328329609 2.7854384324022852 -0.79781492866290404 0.22782998151646375 0.91385439420782333 0.1972423304299524 -0.098285831242653582 1.5221449237418858 0.81996252816785853 0.59322696823548504 -1.1832362924329722 -0.040787256304242091 0.069015071608312314 -0.54427224220795323 0.25830960909098244 -0.71915317631861675 -0.05285871869080571 0.89726681577592871 -0.084679268403727026 -0.90148232876034162 2.0642956599390812 -0.54712292498213277 0.63910887374006475 -0.027019068517628312
decision_type=2 2 2 2 2 2 2 2 2 2 2 2 2 2 2 2 2 2 2 2 2 2 2 2 2 2 2 2 2 2
left_child=2 3 21 9 5 26 28 8 -5 25 17 13 -13 -10 -11 19 -17 20 -8 -16 -7 29 -23 -6 -25 -2 27 -3 -4 -1
right_child=1 4 6 7 23 10 18 -9 11 14 -12 12 -14 -15 15 16 -18 -19 -20 -21 -22 22 -24 24 -26 -27 -28 -29 -30 -31
leaf_value=-0.057371964704900053 0.029896852003433283 0.041335982171839397 -0.035106350755456671 -0.05194341931376191 -0.057976171541048595 -0.045281969007941493 0.065547088961200178 -0.060398982755136554 0.059949360450057249 0.061865339865449079 0.03966927011488753 -0.048419289012190746 0.062331574254900747 0.029868111803215764 -0.05350686100271404 -0.031213265897376403 0.033915082029472146 -0.055639366062865549 0.010652347009643407 -0.0069057934799032885 0.021603475491735732 0.034712934459378897 -0.058261850293612361 -0.0099953123653925332 -0.058340583689050957 0.063940637565798084 0.035522677610023166 0.067315101332812585 -0.061412020641401402 -0.042079745553515929
leaf_weight=542.81700530648232 6.8915200233459499 7.2322236299514762 6.1690775454044333 6.1789135634899131 48.085756361484528 6.2675438821315748 17.142098069190983 6.2422975003719321 587.53013548254967 7.8803755044937125 6.9695665240287772 10.151768058538439 12.885408610105513 55.109281003475189 18.052520513534546 8.4937527477741259 16.786697536706924 44.565654307603836 9.1798166036605817 13.587137073278429 6.511188805103302 8.1116310060024244 55.157585203647614 9.6839031279087084 12.217188060283659 14.140618085861204 6.9770002961158744 31.212278217077255 8.3913714885711652 6.0994677543640128
leaf_count=1799 21 22 20 20 158 20 52 20 1789 24 21 32 39 167 57 26 51 145 28 42 20 25 181 31 40 43 21 95 27 20
internal_value=0.000116751 0.0360599 -0.0518195 0.0488577 -0.0183383 0.00274825 0.0119733 0.0538001 0.0548611 0.00981163 -0.0364815 0.0558525 0.0135271 0.0573698 -0.00413634 -0.013274 0.0120332 -0.0457368 0.0464024 -0.0334948 -0.0112016 -0.0560796 -0.0463417 -0.0514008 -0.036964 0.0527856 0.0582951 0.0624279 -0.0502666 -0.057202
internal_weight=1596.72 943.653 653.068 763.93 179.722 109.735 40.8824 678.098 671.856 85.8326 64.314 665.677 23.0372 642.639 64.8005 56.9201 25.2805 57.3444 26.3219 31.6397 12.7787 612.186 63.2692 69.9868 21.9011 21.0321 45.4215 38.4445 14.5604 548.916
internal_count=5056 2904 2152 2331 573 344 127 2067 2047 264 206 2027 71 1956 200 176 77 185 80 99 40 2025 206 229 71 64 138 117 47 1819
is_linear=0
shrinkage=0.05


Tree=19
num_leaves=31
num_cat=0
split_feature=22 39 39 13 37 20 17 14 4 25 37 37 0 20 19 24 25 39 19 24 15 29 9 39 19 15 22 39 6 14
split_gain=676.652 119.246 49.3581 34.6749 31.9354 40.4943 23.5087 20.8068 15.4395 15.2981 13.1718 13.0593 33.5283 12.1078 7.2812 9.60703 17.8798 7.23066 13.0984 18.7865 22.4942 6.2807 3.47193 2.43858 6.35653 1.48904 1.28805 1.27603 1.2253 0.199444
threshold=-0.65578360094895605 1.2530825343543899 0.7085912603143959 1.0660642945745751 0.043623466047559116 0.33781999988006334 -0.37081329908760263 -0.73997015648489917 0.8066170105042717 -1.4963929276914476 -0.055972977829444666 1.9143870936936278 1.0782150706355909 -0.53652216352540527 0.070453442351610954 -0.57641494948575522 -0.81472861407128261 0.90179937341028771 -0.2964363649534279 0.15704787828691333 0.56007852487440757 -0.62999417697913873 -1.6515730962881749 1.3883919161620708 0.2852856882031809 -0.66278622581871971 -0.81599614996939207 1.2125237038484429 -0.53911720824132014 -0.66480636385717484
decision_type=2 2 2 2 2 2 2 2 2 2 2 2 2 2 2 2 2 2 2 2 2 2 2 2 2 2 2 2 2 2
left_child=2 7 -1 10 -3 6 -6 8 -2 -7 13 28 -13 -4 15 21 -17 22 27 20 -20 -12 -9 26 -25 -8 -16 -19 -11 -24
right_child=1 4 3 -5 5 9 25 17 -10 11 14 12 -14 -15 23 16 -18 18 19 -21 -22 -23 29 24 -26 -27 -28 -29 -30 -31
leaf_value=-0.040586041265552153 0.098107616750625959 -0.040790707708963508 0.12651855569594445 -0.018544275272604577 0.019262392410339411 0.13508772268681243 0.17102485746831894 0.018771942975619543 -0.041559658010078451 -0.00071963300554188652 0.084444343923767262 0.13907443187450799 -0.022113999416382257 -0.011105309747162886 0.14565407236582803 0.11596829841623264 -0.016481404746770626 -0.040880876162649592 -0.022285441156170694 -0.040954967739619846 0.17024599455285994 0.15980283839370016 -0.030567484366954081 0.083253599876747519 0.14197157945847053 0.13478209030765567 0.17157436327394626 -0.0041906575626308243 -0.041341532660004593 -0.04064486603438261
leaf_weight=4.9587205126881591 4.9570782631635648 9.0748545676469785 3.1984951943159103 4.2653639018535605 4.0357730314135578 2.7754282578825942 8.0097396820783615 2.4880978912115088 3.2932946309447289 2.4399765282869339 3.8427040353417388 5.440665625035761 7.9260482117533684 3.1941348910331717 29.833419159054753 8.8884638175368291 3.5719746574759474 22.507646106183532 2.6779362186789495 5.3892178907990456 3.4996557831764221 9.8580876067280787 4.9806875362992278 5.7583959549665478 23.093766525387764 4.3858285322785351 5.7102250456810024 2.6485956832766524 7.7610493674874359 345.01082754135132
leaf_count=53 37 93 19 35 33 16 38 23 31 21 21 32 77 24 118 43 21 226 27 53 23 44 53 28 90 22 27 24 72 3632
internal_value=-8.78722e-05 -0.0269141 0.113434 0.12098 0.0444029 0.0624772 0.124076 -0.0362177 0.0423567 0.0240555 0.127119 0.0109799 0.0434947 0.0577536 0.132015 0.109771 0.0779996 -0.0378833 -0.0167694 0.0272684 0.0867852 0.138667 -0.0400831 0.141052 0.130252 0.158201 0.149818 -0.0370179 -0.0316252 -0.0405015
internal_weight=555.476 449.302 106.174 101.215 51.8494 42.7745 16.4313 397.453 8.25037 26.3432 96.9497 23.5677 13.3667 6.39263 90.557 26.1612 12.4604 389.203 36.7231 11.5668 6.17759 13.7008 352.48 64.3958 28.8522 12.3956 35.5436 25.1562 10.201 349.992
internal_count=5056 4533 523 470 404 311 93 4129 68 218 435 202 109 43 392 129 64 4061 353 103 50 65 3708 263 118 60 145 250 93 3685
is_linear=0
shrinkage=0.05


Tree=20
num_leaves=25
num_cat=0
split_feature=38 42 19 20 20 19 21 8 38 36 19 6 21 22 37 26 40 42 38 15 36 37 19 3
split_gain=1800.99 12.0783 6.58135 1.99304 0.649082 1.53493 0.153066 0.118781 0.0869016 0.0582438 0.0180686 0.0066661 0.00298015 0.00258707 0.00187009 0.00159059 0.00219104 0.00248213 0.00121409 0.00156061 0.00107842 0.00106705 0.000733154 0.000671773
threshold=-1.184785962692849 0.18091566092529496 -0.41324989986472599 -1.1880612340604182 -1.2369266643505443 -0.68359551422125142 -1.0840821030426315 -0.04657589152508964 -1.0931826343640865 0.72528512574632253 1.0000000180025095e-35 -0.42630918388153766 -0.2600254215372535 -0.67217241717151499 2.508721445793253 0.35877127705336143 0.80656626096434147 0.20940654013211643 -0.17324884097014973 0.94122125905950449 -2.7220614995347394 0.10462824232653876 0.21719587584746061 -0.42332333220145674
decision_type=2 2 2 2 2 2 2 2 2 2 2 2 2 2 2 2 2 2 2 2 2 2 2 2
left_child=1 2 4 -2 6 11 7 9 -5 -1 12 -6 18 21 -15 20 17 -17 19 -10 -12 -14 -18 -22
right_child=3 -3 -4 8 5 -7 -8 -9 10 -11 15 -13 13 14 -16 16 22 -19 -20 -21 23 -23 -24 -25
leaf_value=0.08565868270639064 -0.018470824193924009 0.010636613973752495 0.042745934509834209 -0.040634967704549114 0.08569445031202215 0.059384672459117639 0.077968991729960663 0.092428255497719145 -0.045841436255159608 0.081816952330560327 -0.047211387143206801 0.087899673965623426 -0.045720982191793658 -0.045810943321663161 -0.046346753277372477 -0.045846776090287721 -0.046304452003793302 -0.046430735016704826 -0.047178950296013572 -0.046807052892731967 -0.046796900462927921 -0.046460054976307112 -0.046693160417513653 -0.046441319910532235
leaf_weight=360.32532578706741 6.5996451228857032 5.671379178762435 9.4021643102169019 7.2901650220155707 6.5626883804798126 8.0830379128456098 6.5646636188030234 6.3914638161659232 9.3018908947706276 10.143623173236845 4.9880629628896704 7.1721141934394854 6.0920333713293102 350.86350253224373 17.077349722385406 44.008968397974968 22.071541324257851 31.025562137365341 4.7712212651967993 7.605614259839057 14.31688943505287 24.622508034110069 26.933838739991188 183.8807846903801
leaf_count=1098 28 22 31 33 20 25 20 20 47 31 23 22 31 1773 83 222 108 150 22 36 68 119 128 888
internal_value=3.09305e-05 0.0831101 0.0841014 -0.0458284 0.0850609 0.0766722 0.0855382 0.0856701 -0.0460676 0.0855535 -0.0461205 0.086846 -0.0459037 -0.0458726 -0.0458358 -0.0463991 -0.0462581 -0.0460882 -0.0464746 -0.0462758 -0.0464853 -0.0463135 -0.0465181 -0.046467
internal_weight=1181.77 420.316 414.645 761.45 405.243 21.8178 383.425 376.86 754.85 370.469 747.56 13.7348 420.334 398.655 367.941 327.226 124.04 75.0345 21.6787 16.9075 203.186 30.7145 49.0054 198.198
internal_count=5048 1289 1267 3759 1236 67 1169 1149 3731 1129 3698 42 2111 2006 1856 1587 608 372 105 83 979 150 236 956
is_linear=0
shrinkage=0.05


Tree=21
num_leaves=31
num_cat=0
split_feature=14 42 22 25 30 39 9 40 39 25 4 26 6 23 39 8 37 37 11 9 34 42 19 37 38 19 7 9 33 24
split_gain=1279.44 65.6035 47.6662 31.0149 27.9263 16.7673 13.891 13.2207 12.8133 11.9114 6.71083 5.31591 5.17461 4.34895 4.11566 3.88871 17.0788 2.30189 2.20869 1.96376 1.41497 1.00687 1.23766 0.606046 9.61076 2.04665 0.255831 0.172811 0.129901 0.0882012
threshold=0.069015071608312314 0.07518100018382555 -0.26218071684454686 0.25225245557575776 0.22046555406735838 0.58239407476369753 -0.83694730264449324 0.32128145845522799 -0.42503727183784584 0.2064142815660325 -0.3258419092993638 1.5994326428920982 0.30844082595299677 -0.54879218213458381 0.2418042422128481 0.064392679102469097 -0.37997021631142935 -0.48114191006607981 -0.77890003771507088 0.15025213562557851 0.23561796220348671 0.57224671896782431 1.276950636936762 -0.1868711612106497 0.67353073679541919 -0.44035808284750261 0.8343231825419023 -0.19423826777254535 -0.51518979168716994 0.70917098623058594
decision_type=2 2 2 2 2 2 2 2 2 2 2 2 2 2 2 2 2 2 2 2 2 2 2 2 2 2 2 2 2 2
left_child=2 4 11 6 9 8 -4 17 -5 -2 -8 15 -3 -7 -10 23 -17 -6 -12 -20 -11 22 -14 24 25 -1 -18 -23 -29 -30
right_child=1 12 3 5 7 13 10 -9 14 20 18 -13 21 -15 -16 16 26 -19 19 -21 -22 27 -24 -25 -26 -27 -28 28 29 -31
leaf_value=-0.043921144383613983 0.020608964414945925 0.044874273206146953 0.045662600484499848 -0.0072457796818772421 -0.0105500532162722 -0.045378457123418051 0.025514531970382583 0.062535664691891132 0.099972801160672337 0.10692466388724864 -0.0076490677510389253 0.019313103515379022 0.092820323612656019 0.020901569347371078 0.05204880646919896 0.036742982976076297 -0.030632674850337119 -0.045872743233008564 -0.044898977968481919 -0.0079569535792794951 0.075163159220605069 0.10068614675091292 0.061961251303317567 -0.044656975880643046 0.040526897637398966 -0.028741213740321778 -0.044784718194725487 0.085224427322773647 0.097338326120894783 0.092251300010673207
leaf_weight=242.32929688692093 9.0521617382764834 6.0076221674680701 6.2295423746109 5.8300564885139492 8.1957787424325979 6.2275050580501556 4.4946805983781806 4.804720699787139 9.7782086133956927 8.4584977030754072 5.301746353507041 3.5377010703086844 6.864410996437071 4.1071622818708402 8.2679815143346769 8.3117393553256971 3.5721898525953284 10.548759952187538 41.981922119855881 3.9345285892486563 5.9896862506866446 6.2181103825569144 6.1694697439670563 321.94253574311733 3.5289990901947013 24.444504410028458 30.116731584072113 6.4142890870571128 8.8314451277255994 242.33945769071579
leaf_count=1315 36 23 28 26 39 33 19 19 33 28 28 16 22 18 29 33 20 54 230 20 20 20 20 1798 20 132 167 20 28 754
internal_value=-9.80905e-05 0.0816891 -0.0368603 -0.0040432 0.02702 0.0341675 -0.025147 -0.0114611 0.057197 0.0655812 -0.0330646 -0.0418079 0.090783 -0.0190377 0.0780161 -0.0421488 -0.0274471 -0.0304284 -0.0382053 -0.0417335 0.0937575 0.0917793 0.0782135 -0.0431914 -0.0414458 -0.0425302 -0.0432841 0.0924496 0.0922507 0.0924302
internal_weight=1063.83 329.894 733.937 96.1533 47.0496 34.2109 61.9424 23.5493 23.8762 23.5003 55.7129 637.784 282.845 10.3347 18.0462 634.246 42.0007 18.7445 51.2182 45.9165 14.4482 276.837 13.0339 592.245 270.303 266.774 33.6889 263.803 257.585 251.171
internal_count=5048 1083 3965 464 196 139 325 112 88 84 297 3501 887 51 62 3485 220 93 278 250 48 864 42 3265 1467 1447 187 822 802 782
is_linear=0
shrinkage=0.05


Tree=22
num_leaves=31
num_cat=0
split_feature=21 19 42 22 39 0 37 13 22 38 39 38 19 40 47 19 5 38 40 32 24 22 42 5 42 40 36 34 37 21
split_gain=1090.16 242.144 89.1577 83.3156 46.653 37.41 32.3509 33.942 25.9845 24.6088 18.7069 15.1333 13.1374 12.647 11.6688 11.1946 10.6725 14.3021 6.86533 6.36514 5.38497 3.82772 3.33749 2.60203 2.22978 2.19893 0.902567 0.823347 0.765136 0.499083
threshold=-0.2419175477721858 0.070453442351610954 0.28987445280977153 -0.64853201538657168 0.42802052377877892 3.8467859583836073 -0.011592364651285254 -0.86052761804996714 -0.7564949140667182 0.22498043074080692 1.6242501539081993 -0.11470899715482819 -0.2964363649534279 0.47452929082652701 0.51348757431148984 0.2852856882031809 0.92389709319801616 0.644125821483026 0.95981409333564049 0.64001764137767214 2.1727112530284889 -0.59554517617727243 -0.32086800309457603 0.14431533447040171 0.57224671896782431 -0.59820553577256586 -2.0107476101994197 2.089328332368479 1.9614217879311473 -0.44229156074629605
decision_type=2 2 2 2 2 2 2 2 2 2 2 2 2 2 2 2 2 2 2 2 2 2 2 2 2 2 2 2 2 2
left_child=4 5 3 15 23 8 7 -6 18 11 12 -5 21 -14 -9 19 17 -12 -2 -3 25 -10 -13 26 -4 -11 -1 -26 -17 -28
right_child=1 2 24 9 6 -7 -8 14 10 20 16 22 13 -15 -16 28 -18 -19 -20 -21 -22 -23 -24 -25 27 -27 29 -29 -30 -31
leaf_value=-0.036804641376885008 0.033626582605105905 -0.040396379283691414 -0.029432195944292978 0.050918650063851892 -0.052994712595224425 -0.058035929226458366 -0.056997064308953217 0.06092780879945589 0.047123049223784519 0.033906103653018625 0.03780798531048471 -0.0059359937180510055 0.0613445175353904 0.03334762465028384 -0.0060911482002204064 -0.055209844729808159 0.068866051890631927 -0.041172855625462947 -0.029081103783838203 0.018199538301946275 0.017777811639927015 0.061322815568333106 -0.048572525310618987 -0.022652285095556151 -0.055750523231297658 0.063826024855848124 -0.055507707458211909 -0.03719225634067206 -0.035779303511119034 -0.047915081161245342
leaf_weight=6.7465694844722739 6.8513295650482204 7.6488710641860989 10.599072486162184 9.8811001777648944 13.409037649631498 7.8859273195266715 25.131168991327286 22.785828202962879 54.002211064100266 6.8646921515464774 11.39808258414269 9.8722488880157488 63.059015154838562 111.94801259040833 9.0842384994029981 30.15613180398941 6.9382200837135306 11.530157417058943 12.026343584060667 11.760599821805952 8.2436710596084577 391.67928355932236 8.5778429508209211 6.2920224964618674 64.19196879863739 58.239486902952194 538.25805774331093 6.5900744497776023 6.0896260738372794 22.550323337316513
leaf_count=22 21 24 34 30 45 26 84 70 166 21 35 31 195 344 28 101 21 35 38 36 25 1212 27 20 217 179 1843 22 20 76
internal_value=-8.06647e-05 0.0349692 -0.00833272 0.0136438 -0.0499162 0.0502306 -0.0115048 0.0137447 0.051506 0.0405628 0.0531841 0.000984187 0.055044 0.0434355 0.0418247 -0.0355357 0.0145319 -0.00190991 -0.00632242 -0.0048919 0.0558504 0.0596023 -0.0257586 -0.0546292 -0.05082 0.0606712 -0.0549837 -0.0540227 -0.0519453 -0.0552024
internal_weight=1560.29 916.034 238.715 157.334 644.257 677.319 70.4103 45.2791 669.433 101.679 650.555 28.3312 620.689 175.007 31.8701 55.6552 29.8665 22.9282 18.8777 19.4095 73.3479 445.681 18.4501 573.847 81.3811 65.1042 567.555 70.782 36.2458 560.808
internal_count=5048 2860 767 494 2188 2093 227 143 2067 313 2008 88 1917 539 98 181 91 70 59 60 225 1378 58 1961 273 200 1941 239 121 1919
is_linear=0
shrinkage=0.05


Tree=23
num_leaves=31
num_cat=0
split_feature=22 40 39 0 38 21 17 5 19 0 19 39 47 16 17 33 31 5 17 33 16 31 37 22 5 37 13 17 17 2
split_gain=589.05 113.233 39.8748 35.6447 34.9259 28.1858 20.5128 17.8586 13.2623 11.7488 12.1091 10.8928 12.2221 10.7264 9.08302 10.5115 11.5114 8.6367 8.25376 7.11959 4.21173 2.41115 1.9094 1.66558 1.28051 0.000740077 0.000122385 8.01219e-05 7.36992e-05 3.98631e-05
threshold=-0.65578360094895605 1.1896858418925891 0.7085912603143959 1.1397388681411023 0.63559616238479333 -0.63079155813675525 -1.5954576653870092 0.94768295921563972 0.070453442351610954 0.47724348340784095 -0.33259172663450204 0.6954590335867854 -0.94771873408882878 -0.52773881421600743 -0.33650374873848415 -0.12924345986346253 -0.78439619482708134 -0.47025197875994867 -1.267660320970631 -0.27446865504870016 -0.72046582907472823 -0.83121655455002474 -0.071455768810481199 -0.77521794542066724 0.38960707777714537 -0.48114191006607981 3.9746713631559518 0.35958533725099101 -0.77764206135701375 -1.2250276335672703
decision_type=2 2 2 2 2 2 2 2 2 2 2 2 2 2 2 2 2 2 2 2 2 2 2 2 2 2 2 2 2 2
left_child=2 11 -1 4 5 -3 -7 8 14 -6 13 25 19 -11 15 16 -4 -14 -19 -13 -8 -20 -10 24 -24 28 -5 -27 -2 -30
right_child=1 3 7 26 9 6 20 -9 22 10 -12 12 17 -15 -16 -17 -18 18 21 -21 -22 -23 23 -25 -26 27 -28 -29 29 -31
leaf_value=-0.04041369530738334 -0.040793997324537958 0.11399213301871694 -0.020685177619778564 -0.04061397146857032 0.16059542403816815 0.12208982779002341 0.032800155338182757 0.015317435058831794 0.087388392928482356 0.093799780378659742 0.12477032405736627 0.11463534895450825 0.059692402116097554 -0.028205171032661347 0.13598192001657627 0.13741983749464981 0.073128143112497934 0.043987969960143911 0.005996125066512095 0.0034073490983048019 -0.034910530736429246 -0.039254255576111868 0.12682512751350469 0.15208789616508148 0.11198018442807436 -0.040354119897743394 -0.041035585611823522 -0.040528010419603473 -0.040501672319290472 -0.04054576237532026
leaf_weight=4.8091305792331687 2.5486498996615401 6.1097747460007694 4.1570075899362626 9.8925011381506902 6.4365412294864681 2.6818234622478512 2.6663356572389665 5.1057962551712981 3.7182859107851973 3.6416839733719835 7.3125603497028324 2.5560179874300957 2.8682849556207648 3.5652098283171654 6.4372341856360427 4.5628384202718726 15.323835551738741 3.5052679330110541 3.1833118349313727 3.2911650463938704 16.56215617805719 39.139822117984295 45.217435747385025 4.9605488628149024 21.40241152048111 101.12681476771832 2.0837961956858626 7.0886348709464064 103.74621783941984 101.34604898840189
leaf_count=54 26 27 25 105 27 14 21 37 20 25 38 22 21 28 27 20 76 32 32 28 165 428 163 21 84 1155 20 77 1134 1096
internal_value=0.000354009 -0.0265164 0.100537 0.0366347 0.0555425 0.0190275 -0.00745375 0.10665 0.111058 0.104366 0.0794398 -0.0369084 -0.0162748 0.0334446 0.083232 0.0691092 0.0531094 -0.0244763 -0.0297442 0.0520292 -0.0255214 -0.0358508 0.122323 0.124137 0.122056 -0.0404715 -0.0406873 -0.0403655 -0.0405268 -0.0405235
internal_weight=547.047 431.353 115.695 60.9524 48.9761 28.0201 21.9103 110.885 105.78 20.956 14.5195 370.4 54.5439 7.20689 30.4809 24.0437 19.4808 48.6967 45.8284 5.84718 19.2285 42.3231 75.2987 71.5804 66.6198 315.856 11.9763 108.215 207.641 205.092
internal_count=5048 4521 527 470 345 227 200 473 436 118 91 4051 563 53 148 121 101 513 492 50 186 460 288 268 247 3488 125 1232 2256 2230
is_linear=0
shrinkage=0.05


Tree=24
num_leaves=24
num_cat=0
split_feature=38 42 40 20 19 25 5 1 1 38 19 21 40 22 38 39 38 22 42 11 36 22 30
split_gain=1608.54 10.584 6.05322 1.95791 0.935779 3.82005 0.272777 0.132848 0.109169 0.0870024 0.0191717 0.00327059 0.00282873 0.00176971 0.00163271 0.0017011 0.00156192 0.0023371 0.00232722 0.00167129 0.00124209 0.000655907 0.000384794
threshold=-1.184785962692849 0.18091566092529496 1.0000000180025095e-35 -1.1880612340604182 -0.50150183255474701 0.12382400918833304 -1.1636099731736771 0.060272238765407618 -0.17174980679685692 -1.0931826343640865 1.0000000180025095e-35 -0.2600254215372535 1.1896858418925891 -0.67217241717151499 -0.17324884097014973 0.54087354918743358 0.45312775106249165 -0.72808850908714662 0.28987445280977153 -0.59867546459829046 -1.6259677150638561 -0.67217241717151499 0.84342316418687802
decision_type=2 2 2 2 2 2 2 2 2 2 2 2 2 2 2 2 2 2 2 2 2 2 2
left_child=1 2 4 -2 6 -6 7 8 -1 -5 11 14 21 -14 15 -11 19 22 -19 -12 -21 -13 -18
right_child=3 -3 -4 9 5 -7 -8 -9 -10 10 16 12 13 -15 -16 -17 17 18 -20 20 -22 -23 -24
leaf_value=0.079579448695211871 -0.017964205682191519 0.0096562034875021796 0.029509627102129593 -0.039954058515888735 0.089602327973175092 0.039802180929769428 0.071370689868191561 0.086092969436521061 0.075968009503892708 -0.046221043283005227 -0.046885552780720416 -0.045487927438515798 -0.04607679260096776 -0.045423945584708733 -0.046735280984773982 -0.045191533697058736 -0.045939161410483056 -0.04529828286810357 -0.045846503331462472 -0.046342714518052233 -0.045846227733058798 -0.045170834131036897 -0.046349329983852952
leaf_weight=357.79195365309715 6.5275889933109275 5.730399787425994 6.3208129703998557 7.074816182255744 8.39642485976219 7.1128860116004935 10.606202900409697 7.4889128506183615 22.225608766078949 7.500592887401587 4.2166675627231589 17.331575438380241 12.075547128915785 73.953090906143188 4.6326259076595298 8.6279578357934934 21.375929638743404 46.623537823557854 33.102565631270409 13.508008599281309 186.84177075326443 276.21687693893909 7.8061098754405966
leaf_count=1077 28 22 20 33 26 22 32 23 67 37 20 90 60 386 22 46 107 246 167 66 943 1470 38
internal_value=-4.92164e-05 0.0771492 0.0780702 -0.0452246 0.0788123 0.066763 0.0792817 0.0794982 0.0793682 -0.0454715 -0.0455262 -0.0452969 -0.0452634 -0.0455156 -0.0459079 -0.0456703 -0.045819 -0.045666 -0.0455259 -0.0459004 -0.0458797 -0.0451896 -0.0460489
internal_weight=1153.09 425.673 419.943 727.415 413.622 15.5093 398.113 387.506 380.018 720.888 713.813 400.338 379.577 86.0286 20.7612 16.1286 313.475 108.908 79.7261 204.566 200.35 293.548 29.182
internal_count=5048 1289 1267 3759 1247 48 1199 1167 1144 3731 3698 2111 2006 446 105 83 1587 558 413 1029 1009 1560 145
is_linear=0
shrinkage=0.05


Tree=25
num_leaves=31
num_cat=0
split_feature=14 42 22 25 26 17 39 40 25 35 16 26 42 6 8 37 37 31 11 37 34 19 42 16 37 38 14 16 17 33
split_gain=1135.78 54.6247 46.2565 28.2618 23.8899 15.2242 14.8282 13.3624 11.7993 11.1909 8.51625 5.052 4.6692 4.59863 3.87013 17.1644 3.42529 2.77351 2.63641 1.8047 0.988157 0.964391 0.897097 1.07478 0.686597 9.39064 2.50337 0.254049 0.191949 0.116731
threshold=0.069015071608312314 0.07518100018382555 -0.26218071684454686 0.25225245557575776 0.36409981548931875 -0.73032810019011773 0.59561912912395865 0.576694512407393 0.2064142815660325 0.10428420049463856 1.0000000180025095e-35 1.5994326428920982 0.14391221464868306 0.30844082595299677 0.076472069196751938 -0.37997021631142935 0.10462824232653876 -0.26940973912859117 -0.77890003771507088 -0.48114191006607981 0.23561796220348671 0.18593101696159134 0.57224671896782431 1.3410648716796907 -0.1868711612106497 0.71099242953001773 -0.21310662098855374 0.03678092426485418 -0.19495597708004894 -0.50860650533470986
decision_type=2 2 2 2 2 2 2 2 2 2 2 2 2 2 2 2 2 2 2 2 2 2 2 2 2 2 2 2 2 2
left_child=2 4 11 5 8 10 9 19 -2 -5 -4 14 18 -3 24 -16 -8 -11 -7 -6 -10 -19 23 -15 25 26 -1 -17 -24 -30
right_child=1 13 3 6 7 12 16 -9 20 17 -12 -13 -14 22 15 27 -18 21 -20 -21 -22 -23 28 -25 -26 -27 -28 -29 29 -31
leaf_value=-0.042532048444397959 0.016046260158339761 0.040887415155932638 0.078817674390811596 -0.011597603715548625 -0.012947119972059671 -0.0066456943396445284 -0.044827918894510932 0.062821717278831388 0.097749622211244711 0.040293796573895931 -0.016157000826952463 0.018177537670551785 0.011418493157199949 0.085301324977352294 0.044348853437712291 -0.029890398334826748 0.017626481234285674 0.093081895217914865 -0.044491416631905117 -0.045336835150426052 0.071935548817432249 0.066587361806684356 0.091766454765238578 0.056903888338726505 -0.04418406918581156 0.04014477125969626 -0.0078532504873865868 -0.044315340946777589 0.078315208477839862 0.085073224237255773
leaf_weight=251.75138680636883 9.6077095121145266 6.1630511134862891 4.9859120398759824 5.3374871760606792 7.3921713531017348 5.192167028784751 5.8079825192689878 4.7306729406118384 8.7724618911743146 5.6070827394723919 4.4822098016738892 3.5571640133857718 4.848555549979209 7.0623151957988721 7.0386265665292731 3.4614776372909573 3.529530256986618 8.1224886327981931 40.464967668056488 10.283209174871445 6.4206263124942771 5.9510832726955405 10.601327687501906 6.3081322014331818 309.51283675432205 3.5430447310209265 5.3138287961482993 25.822052180767059 6.5556561052799216 252.55658057332039
leaf_count=1427 38 23 22 25 36 28 32 18 28 20 21 16 23 22 27 20 16 26 231 55 21 20 33 20 1813 20 28 150 20 769
internal_value=-9.60543e-05 0.0754762 -0.0361964 -0.00361204 0.0256068 -0.0243261 0.0325479 -0.011815 0.0594152 0.0526159 0.0338567 -0.0412352 -0.0352334 0.0836151 -0.0415837 -0.025759 -0.0212205 0.0700309 -0.0401876 -0.0317909 0.0868405 0.0818785 0.0845454 0.0719035 -0.0425919 -0.0407009 -0.0418152 -0.0426102 0.085172 0.0849022
internal_weight=1040.78 336.454 704.33 94.3295 47.2069 59.9738 34.3557 22.4061 24.8008 25.0181 9.46812 610 50.5057 289.247 606.443 36.3222 9.33751 19.6807 45.6571 17.6754 15.1931 14.0736 283.084 13.3704 570.121 260.608 257.065 29.2835 269.714 259.112
internal_count=5048 1083 3965 464 196 325 139 109 87 91 43 3501 282 887 3485 197 48 66 259 91 49 46 864 42 3288 1475 1455 170 822 789
is_linear=0
shrinkage=0.05


Tree=26
num_leaves=31
num_cat=0
split_feature=21 19 42 40 39 0 37 0 5 19 39 25 38 0 25 38 39 47 0 19 42 38 5 12 25 26 38 39 42 47
split_gain=983.259 215.484 80.8566 66.1695 43.3019 34.1615 29.8693 29.5113 29.1715 20.9868 19.602 16.9306 15.6112 17.8387 15.5176 16.5316 15.0389 12.7559 8.10983 5.95057 3.05984 2.7474 2.51668 2.25672 4.39541 2.21498 16.6266 3.11673 2.17216 2.16745
threshold=-0.2419175477721858 0.070453442351610954 0.28987445280977153 0.21911623687436199 0.42802052377877892 3.8467859583836073 -0.011592364651285254 0.90582955105493046 -0.81752562261725348 -0.2964363649534279 0.92707952421835238 0.31820076278111276 -0.14338023357288984 0.24006478577789811 -0.45965201522600169 0.22498043074080692 1.6242501539081993 0.51348757431148984 0.42077236492452114 0.3137784212548837 -0.16361257264925119 1.0575094083413703 0.14431533447040171 0.71826650777956236 0.051979306459481796 0.57783341275383038 0.67353073679541919 1.2689839915512382 0.57224671896782431 0.71240306972320089
decision_type=2 2 2 2 2 2 2 2 2 2 2 2 2 2 2 2 2 2 2 2 2 2 2 2 2 2 2 2 2 2
left_child=4 5 3 23 22 9 8 14 -6 16 11 20 -12 -14 19 -16 25 -10 -18 -5 -11 -9 -1 24 -3 26 -2 -27 -4 -26
right_child=1 2 28 7 6 -7 -8 21 17 10 12 -13 13 -15 15 -17 18 -19 -20 -21 -22 -23 -24 -25 29 27 -28 -29 -30 -31
leaf_value=-0.053340022970782719 0.056499636760488962 0.060971434368235503 -0.02784004732402863 -0.02007584407221534 -0.055019995455496698 -0.056687512190235323 -0.055416378909691914 0.0676866049732949 0.058642352343963568 0.06094023477353766 0.0639432625811375 -0.019442133984695194 -0.043336740056325242 0.0200948431516309 -0.02301981735127806 0.06246637311824145 -0.01367332654466632 -0.0080507917207011375 0.044866331172217208 -0.055233303620295861 0.042203321421077154 0.024801849022789969 -0.021332695992593746 0.062667911545862306 0.0080266232838702555 0.060681936563984851 -0.014079154951282803 0.041574233388634814 -0.052313555696279726 0.046017901184788608
leaf_weight=547.93360096216202 115.21598759293556 17.268134295940399 10.448666244745253 19.133336812257767 11.538333386182783 7.7201254665851584 24.404299825429916 8.844247490167616 22.452648788690567 69.846974313259125 15.115035712718962 8.2365741133689863 13.680818587541578 58.391477525234222 16.928043156862262 8.4926769733428937 11.623666077852251 10.532835394144056 12.04925015568733 32.443430751562119 31.668539643287659 6.4645001888275138 6.2110310792922965 29.980949491262436 8.8174015581607801 290.40477684140205 8.9959341585636121 23.034100323915482 68.53874608874321 6.5379070937633506
leaf_count=1941 362 54 34 60 40 26 84 27 70 220 47 26 43 179 54 26 36 33 37 112 99 20 20 94 27 919 28 71 239 20
internal_value=-5.06446e-05 0.0333794 -0.00790659 0.0130854 -0.0483325 0.0478794 -0.0109586 -0.0138266 0.0134094 0.0491057 0.0354417 0.0495013 0.0177433 0.00805421 -0.0264327 0.00553982 0.0549389 0.0373461 0.0161227 -0.042191 0.0550951 0.0495774 -0.0529813 0.0527653 0.0436648 0.0570385 0.051388 0.0592777 -0.0490761 0.0242024
internal_weight=1522.95 899.881 233.898 154.911 623.073 665.983 68.9281 92.3062 44.5238 658.263 196.939 109.752 87.1873 72.0723 76.9975 25.4207 461.324 32.9855 23.6729 51.5768 101.516 15.3087 554.145 62.6044 32.6234 437.651 124.212 313.439 78.9874 15.3553
internal_count=5048 2860 767 494 2188 2093 227 299 143 2067 614 345 269 222 252 80 1453 103 73 172 319 47 1961 195 101 1380 390 990 273 47
is_linear=0
shrinkage=0.05


Tree=27
num_leaves=31
num_cat=0
split_feature=22 40 39 0 38 21 25 22 39 6 21 37 3 21 37 40 0 19 24 27 14 37 40 38 24 16 0 11 40 29
split_gain=511.034 107.013 32.5142 31.7708 28.7004 23.2447 16.7369 13.3587 11.0534 11.488 11.1885 15.8605 10.5295 13.5115 13.5883 10.0377 8.7469 9.39544 9.6008 5.74349 8.64468 5.42002 4.97011 11.5687 4.89993 4.3688 1.97139 5.51984 1.01875 0.476627
threshold=-0.65578360094895605 1.1896858418925891 0.7085912603143959 1.1397388681411023 0.63559616238479333 -0.63079155813675525 -1.4963929276914476 -0.83090017290929874 0.6954590335867854 -0.53911720824132014 0.89086353890811798 -0.12741427314891079 0.3547450970906208 0.73501708437269875 0.029035792242654176 0.88319017714999093 0.47724348340784095 -0.33259172663450204 -0.6479367961878203 0.19930940894098056 -0.28436264483125612 1.7498340680133249 0.85764887175477444 0.6158163038929606 -0.6119786259595511 -0.72046582907472823 0.35181815709225711 0.3785753894161657 0.78102495556912499 0.60699558121287989
decision_type=2 2 2 2 2 2 2 2 2 2 2 2 2 2 2 2 2 2 2 2 2 2 2 2 2 2 2 2 2 2
left_child=2 8 -1 4 5 -3 -7 26 -2 10 11 -10 13 14 -9 -13 -6 18 -18 29 -21 -15 -14 -24 -16 -8 28 -28 -4 -11
right_child=1 3 7 -5 16 6 25 12 9 19 -12 15 22 21 24 -17 17 -19 -20 20 -22 -23 23 -25 -26 -27 27 -29 -30 -31
leaf_value=-0.040259536106650423 -0.040308603692423277 0.10054355549202634 0.13005464463020369 -0.040520781793701381 0.14028528919355557 0.090293724797739325 0.031534646639547789 -0.0054814501187710118 -0.040618903114075525 -0.040422957477140142 -0.040520516234425805 0.13248009638134833 0.14521897539948644 -0.034934947226534278 0.12669137075064657 0.012653501707625936 0.097553038857710342 0.11066199583572241 -0.018041135660635425 0.091732528419668391 -0.040544942800865173 0.045730853396621911 0.030337498330513198 0.13496457257108599 0.071388411250114914 -0.037419943717236108 0.061281657568155061 0.11593126752696288 0.11061449299597333 -0.014849983990305432
leaf_weight=4.5882829949259749 300.7800187766552 6.5647587329149273 7.901471570134162 11.431942760944365 7.0413479357957867 3.6701239049434689 2.7082432582974496 3.9316294789314332 3.4522781893610963 29.82525181025267 5.2599935084581366 4.791514366865159 5.4002422466874149 4.5259064659476262 7.7864314317703309 2.7511885017156601 3.1698646843433389 7.9108941406011555 4.1453614830970764 2.2410084754228592 2.7518275976181021 3.8570252656936646 4.9390889257192594 5.6808333098888397 8.2479961887001938 15.130406498908991 7.5060992985963848 12.019240900874136 45.816042833030224 1.9405851811170567
leaf_count=54 3488 27 30 125 27 20 21 27 37 340 58 33 24 25 29 24 20 38 33 20 30 25 21 24 37 159 32 43 156 21
internal_value=0.000434857 -0.0259962 0.0903188 0.0347256 0.0518133 0.01819 -0.00694537 0.095413 -0.0365983 -0.0155472 0.0194542 0.048146 0.0737624 0.055452 0.0778188 0.0887735 0.0942036 0.072893 0.0320486 -0.0310251 0.0188271 0.00217976 0.106164 0.0863049 0.0982439 -0.0269513 0.108528 0.0949224 0.113474 -0.0388607
internal_weight=537.767 415.567 122.2 61.7729 50.341 28.0735 21.5088 117.612 353.794 53.0136 16.255 10.995 44.3692 28.349 19.9661 7.5427 22.2675 15.2261 7.31523 36.7587 4.99284 8.38293 16.0202 10.6199 16.0344 17.8386 73.2429 19.5253 53.7175 31.7658
internal_count=5048 4521 527 470 345 227 200 473 4051 563 152 94 212 143 93 57 118 91 53 411 50 50 69 45 66 180 261 75 186 361
is_linear=0
shrinkage=0.05


Tree=28
num_leaves=27
num_cat=0
split_feature=38 19 1 20 21 21 34 23 38 12 19 22 33 40 21 38 22 11 1 36 24 39 12 6 22 18
split_gain=1444.56 9.21388 4.03344 1.94943 0.367889 0.806772 0.194494 0.32104 0.0879479 0.0332769 0.0198993 0.0146895 0.00393484 0.00378517 0.00253329 0.00159667 0.00255443 0.00210596 0.00201063 0.00159544 0.00128091 0.00127579 0.0010747 0.00101293 0.000766979 0.000307653
threshold=-1.184785962692849 -0.41646921013204757 0.24712114971514343 -1.1880612340604182 -1.0840821030426315 -1.0677553316151112 0.31260912773749516 -0.6173536830164893 -1.0931826343640865 -1.2291791924569677 1.0000000180025095e-35 -0.34243561016185914 -0.38466320358629796 1.1896858418925891 -0.2600254215372535 0.22498043074080692 -0.66361224482209191 -0.59867546459829046 0.4657181313914181 -1.6259677150638561 -0.6522040873115077 -0.22959829933354423 1.0645573345244548 -0.32766816248285185 -0.67217241717151499 0.88665506994240317
decision_type=2 2 2 2 2 2 2 2 2 2 2 2 2 2 2 2 2 2 2 2 2 2 2 2 2 2
left_child=1 2 4 -2 6 -6 9 -8 -5 11 13 -1 -7 14 21 17 25 -12 -18 -19 23 -10 -22 -15 -16 -17
right_child=3 -3 -4 8 5 12 7 -9 10 -11 15 -13 -14 20 24 16 18 19 -20 -21 22 -23 -24 -25 -26 -27
leaf_value=0.074446500913887007 -0.017260488995632848 0.026622241014861159 0.034706074707312844 -0.039285635989372236 0.057103378412069417 0.074726827112133506 0.060665591567297818 0.076002883661229856 -0.0458279508230299 0.077938797146930763 -0.046501875869866025 0.075726544141627647 0.076356884019682741 -0.045152873978002488 -0.044948594891169764 -0.045415090138715739 -0.044792653842177108 -0.045917022799815632 -0.045256436167496999 -0.045310899838410378 -0.044762079743300445 -0.044657450000873435 -0.045226164796788489 -0.045925571496324084 -0.044597596035155951 -0.045742172511259588
leaf_weight=339.97817820310593 6.4304131120443335 10.811837702989576 6.6362078487873069 6.8595851361751548 9.9783833324909228 8.3320731818675977 6.6606885194778442 6.995273828506468 6.6647213399410248 7.3069969415664664 4.0926582664251319 23.994767010211945 6.6626496613025656 23.735054269433025 16.545973181724548 26.821252286434174 49.756473049521446 11.682030364871023 44.065620064735413 153.67750084400177 45.698549315333366 3.577624171972273 17.15871587395668 5.1641303598880759 262.15618652105331 9.8220381438732129
leaf_count=1020 28 35 24 33 30 25 20 21 34 22 20 72 20 127 90 140 275 59 233 810 253 20 91 26 1470 50
internal_value=-0.000124803 0.072192 0.0733749 -0.0446625 0.0740009 0.06812 0.0743824 0.0685221 -0.0449189 0.074598 -0.0449756 0.0745309 0.0754511 -0.0447357 -0.0446468 -0.0452802 -0.0451487 -0.0453815 -0.0450105 -0.0453537 -0.0450154 -0.0454191 -0.0448888 -0.045291 -0.0446184 -0.0455028
internal_weight=1121.27 427.357 416.545 693.909 409.909 24.9731 384.936 13.656 687.478 371.28 680.619 363.973 14.9947 380.701 288.945 299.918 130.465 169.452 93.8221 165.36 91.7564 10.2423 62.8573 28.8992 278.702 36.6433
internal_count=5048 1289 1254 3759 1230 75 1155 41 3731 1114 3698 1092 45 2111 1614 1587 698 889 508 869 497 54 344 153 1560 190
is_linear=0
shrinkage=0.05


Tree=29
num_leaves=31
num_cat=0
split_feature=14 42 22 25 38 17 25 39 35 2 39 1 38 11 18 1 6 23 15 11 0 36 42 25 22 17 0 47 11 23
split_gain=1013.54 46.363 44.5669 25.451 20.2863 14.1015 13.1663 13.156 10.0539 9.14222 8.57668 7.42981 11.2943 6.02967 4.83433 4.44631 4.16722 4.02279 3.41887 2.63493 2.58969 1.15366 0.819262 1.00708 0.668959 2.25473 4.7316 1.11744 0.444501 6.56406
threshold=0.069015071608312314 0.07518100018382555 -0.26218071684454686 0.25225245557575776 0.4682511420821408 -0.73032810019011773 0.2064142815660325 0.58239407476369753 0.10428420049463856 -0.058514379837719455 0.66762552034154654 0.3469917986042419 0.22498043074080692 -0.20994111147635491 1.6264538902762706 0.3469917986042419 0.30844082595299677 -0.54879218213458381 -0.5419347205622097 -0.77890003771507088 0.7622740235420703 -0.28983751824614684 0.57224671896782431 1.2105855910079315 -0.34243561016185914 0.036889959303141824 -1.1717131763050943 0.43422049719253802 -0.90480988891854508 -0.63352193109311783
decision_type=2 2 2 2 2 2 2 2 2 2 2 2 2 2 2 2 2 2 2 2 2 2 2 2 2 2 2 2 2 2
left_child=2 4 11 5 6 13 9 8 -5 -2 20 14 -13 -4 24 19 -3 -9 -10 -7 -6 -8 23 -18 28 27 -27 -26 29 -1
right_child=1 16 3 7 10 15 21 17 18 -11 -12 12 -14 -15 -16 -17 22 -19 -20 -21 -22 -23 -24 -25 25 26 -28 -29 -30 -31
leaf_value=-0.043974202636234645 0.053369460918171442 0.037445020301273911 0.067983784882542295 -0.011037731083200067 -0.0055611754017896482 -0.0057775300285335422 0.065339668000722037 -0.044720527349931684 0.083646963036718938 -0.039761701506954364 0.057688397243096171 0.038489064684230391 -0.044059797218381137 -0.011632064337564037 0.015431427575075691 0.010892526688792002 0.080137632908854256 0.020072169043320019 0.040503285873308224 -0.044027745755005475 -0.045028970602106609 0.092517402005435553 0.079192462600489039 0.052930000645381774 -0.044160014609895368 0.024250134922373108 -0.044389058239719163 -0.013637257550820014 -0.042997279601417776 0.028554346533891269
leaf_weight=34.138474583625793 5.6115662157535553 6.2872715294361106 5.239112913608551 5.2589648514986065 7.3286228179931703 5.0984681546688071 6.6100473999977138 5.8135734349489212 11.849143326282503 4.9680848121643084 3.5344495624303809 7.3655730038881329 9.4724554270505887 4.3548798561096174 3.6845732927322379 4.8538011759519568 6.8459855616092664 4.0746513158082944 7.497248724102973 38.509365364909172 9.6015233695507032 9.5407262146472913 272.9350460767746 6.7590472400188446 38.677408695220947 4.3131376951932907 6.0082577615976316 3.2506022006273261 472.10018356144428 3.4333010464906684
leaf_count=204 21 23 21 25 37 28 21 33 37 21 13 28 57 22 17 23 21 18 26 231 53 30 822 21 229 23 35 19 2869 20
internal_value=-9.66432e-05 0.0702999 -0.0355583 -0.00332781 0.0243102 -0.0235386 0.0529931 0.0306887 0.0502639 0.00963612 -0.0131547 -0.0406797 -0.00794989 0.0318448 -0.041654 -0.0345029 0.077712 -0.0180213 0.0669276 -0.0395557 -0.0279444 0.0813943 0.0785956 0.0666207 -0.0420284 -0.0366402 -0.0157059 -0.0417936 -0.0425807 -0.0373466
internal_weight=1015.02 340.022 674.993 92.5492 47.195 58.0556 26.7304 34.4936 24.6054 10.5797 20.4646 582.444 16.838 9.59399 565.606 48.4616 292.827 9.88822 19.3464 43.6078 16.9301 16.1508 286.54 13.605 561.921 52.2494 10.3214 41.928 509.672 37.5718
internal_count=5048 1083 3965 464 196 325 93 139 88 42 103 3501 85 43 3416 282 887 51 63 259 90 51 864 42 3399 306 58 248 3093 224
is_linear=0
shrinkage=0.05


Tree=30
num_leaves=31
num_cat=0
split_feature=21 19 42 22 39 0 37 5 22 38 39 38 47 19 15 5 38 19 32 40 24 22 42 5 42 40 36 34 37 21
split_gain=888.847 192.989 73.168 67.5282 40.1645 31.3101 27.4422 26.5383 21.8328 18.4407 15.4895 13.7477 11.6187 11.2855 11.6591 9.22326 12.753 8.86309 7.66033 5.91407 4.89692 3.52199 3.109 2.4477 2.12221 1.88781 0.915267 0.834918 0.742773 0.514511
threshold=-0.2419175477721858 0.070453442351610954 0.28987445280977153 -0.69347470221606755 0.42802052377877892 3.8467859583836073 -0.011592364651285254 -0.81752562261725348 -0.7564949140667182 0.22498043074080692 1.6242501539081993 -0.11470899715482819 0.51348757431148984 -0.2964363649534279 -0.89467571240063226 0.92389709319801616 0.064415156537127441 0.2852856882031809 0.64001764137767214 0.95981409333564049 2.1727112530284889 -0.59554517617727243 -0.32086800309457603 0.14431533447040171 0.57224671896782431 -0.59820553577256586 -2.0107476101994197 2.089328332368479 1.9614217879311473 -0.44229156074629605
decision_type=2 2 2 2 2 2 2 2 2 2 2 2 2 2 2 2 2 2 2 2 2 2 2 2 2 2 2 2 2 2
left_child=4 5 3 17 23 8 7 -6 19 11 13 -5 -9 21 -15 16 -12 18 -3 -2 25 -10 -13 26 -4 -11 -1 -26 -19 -28
right_child=1 2 24 9 6 -7 -8 12 10 20 15 22 -14 14 -16 -17 -18 28 -20 -21 -22 -23 -24 -25 27 -27 29 -29 -30 -31
leaf_value=-0.033145500908216712 0.03088078927897599 -0.04739230215961665 -0.026346913257602845 0.04831564562706743 -0.053579096677937102 -0.055448982222087106 -0.053937123947817446 0.056432738588598166 0.042523529303219829 0.029615741437242091 0.057433968024962416 -0.0046099154882513699 -0.0075188915939150133 -0.028190335898245794 0.041971528149413663 0.064262694926238206 -0.025859820564077707 -0.052083497491889258 0.019667488847357105 -0.027655978422808203 0.013506221605979899 0.056368802587126635 -0.04618782607019109 -0.020079994979499836 -0.052564691177980065 0.057670026179738765 -0.052424312804740893 -0.0333579761523356 -0.03208116700757168 -0.0444640628276953
leaf_weight=6.4469716250896445 6.7865437567234066 6.8202066123485592 10.29333186149597 10.38143825531006 11.15136933326721 7.5454877912998191 23.605830430984497 22.024836957454681 52.357397735118866 6.7043408155441275 6.418192654848105 9.7036272287368792 10.48245710134506 6.1430395543575278 163.88887187838554 6.7865423560142508 16.181414425373077 28.34802320599556 11.338125228881834 11.847531229257582 8.1353924572467786 374.34460327029228 8.3779281377792341 6.1256073117256156 59.940911740064621 56.798522621393204 499.86332681775093 6.2479758560657492 5.5499051809310904 21.158548563718796
leaf_count=22 21 22 34 32 40 26 84 70 166 21 20 31 33 20 519 21 50 101 35 38 25 1212 27 20 217 181 1843 22 19 76
internal_value=-2.51217e-05 0.0319566 -0.0075719 0.0124815 -0.0469146 0.0458119 -0.0105049 0.0129785 0.046997 0.036502 0.0485842 0.00245563 0.0358106 0.0503294 0.0394367 0.0131455 -0.00220474 -0.0337086 -0.00551994 -0.00633684 0.0500292 0.05467 -0.0238747 -0.0515044 -0.0474671 0.0547082 -0.0518694 -0.0507517 -0.0488086 -0.052101
internal_weight=1481.8 880.939 228.64 152.158 600.859 652.3 67.2645 43.6587 644.754 100.101 626.12 28.463 32.5073 596.734 170.032 29.3861 22.5996 52.0563 18.1583 18.6341 71.6383 426.702 18.0816 533.594 76.4822 63.5029 527.469 66.1889 33.8979 521.022
internal_count=5048 2860 767 494 2188 2093 227 143 2067 317 2008 90 103 1917 539 91 70 177 57 59 227 1378 58 1961 273 202 1941 239 120 1919
is_linear=0
shrinkage=0.05


Tree=31
num_leaves=31
num_cat=0
split_feature=22 40 0 39 38 23 17 39 17 22 0 11 4 24 23 0 19 24 8 37 9 31 3 3 19 39 29 32 22 27
split_gain=447.447 100.986 28.511 26.1972 23.9761 20.1584 15.87 11.1608 11.5601 12.7198 16.4 10.4723 15.4909 7.26183 10.7119 6.59289 7.42139 13.1328 4.74558 4.69337 3.70518 2.73475 2.56228 1.57617 1.94154 1.53338 1.33272 0.908545 1.6062 0.391095
threshold=-0.65578360094895605 1.1896858418925891 1.1397388681411023 0.72205518782103739 0.63559616238479333 -0.77874602918721714 -1.5954576653870092 0.6954590335867854 -1.4655677087187269 -0.53023881980347387 0.47724348340784095 0.21941478090739772 0.77121845088550733 -0.6993149328194207 0.17782530240038033 0.47724348340784095 -0.33259172663450204 -0.66131231685633196 -0.65511276531997498 0.46187771581879361 -0.81468855272651697 -0.83834634107669281 -0.01666376971575035 0.16881808432207226 0.49915869904091809 0.99490220068492685 -0.51972487113224297 1.003437854801283 -0.83090017290929874 -0.50199536504859354
decision_type=2 2 2 2 2 2 2 2 2 2 2 2 2 2 2 2 2 2 2 2 2 2 2 2 2 2 2 2 2 2
left_child=3 7 4 29 5 -3 -7 -2 -9 10 -10 12 13 19 -15 -6 17 -17 -8 -5 -16 -11 -12 24 -13 -25 -21 28 -27 -1
right_child=1 2 -4 11 15 6 18 8 9 21 22 23 -14 14 20 16 -18 -19 -20 26 -22 -23 -24 25 -26 27 -28 -29 -30 -31
leaf_value=-0.040194030834991804 -0.040150571073682778 0.091476817888713383 -0.040373882146652211 0.051888579367360924 0.1242494480023338 0.098028861856375549 0.026811830910161729 0.086071963425142547 0.098853311655054787 0.010181951023512251 -0.040623538684680729 0.059675793916927712 -0.013711328214647081 -0.0028648928392647995 0.043358696476711131 0.11706838822115305 0.099568775494664113 -0.020577402259413936 -0.037455827795015058 0.095052553376754292 0.098073428829214271 -0.040230297308112825 0.014330205804778865 0.12265416008828747 0.098167901710985772 0.1019030245387018 0.11958296492367422 0.11848048521093113 0.074917930809349581 -0.010007591530222144
leaf_weight=3.3816844820976257 285.89756453037262 6.9143275246024158 10.939280450344084 5.4287538826465633 7.5722514390945461 3.0814466029405621 3.5817552432417932 2.6887136697769156 4.5046689584851256 2.9326331689953795 5.2521536722779265 4.9134264439344397 4.9768358543515197 5.6800184994936016 4.763779655098916 2.7703297436237335 8.4411741048097575 4.6273993030190477 14.503550797700877 16.711056262254719 8.8282104283571208 32.542637281119823 3.5581575483083716 8.9786798208951932 9.8302489370107633 31.628405392169945 8.2805484086275083 5.770146280527114 6.6787574142217698 1.5716869235038746
leaf_count=41 3488 32 125 28 27 14 30 17 34 31 58 22 34 32 20 16 38 37 151 57 32 390 33 33 32 103 29 21 26 17
internal_value=0.00052208 -0.0254818 0.0329341 0.0821134 0.048508 0.0173555 -0.0068569 -0.0362916 -0.0148602 -0.0204223 0.021249 0.0866728 0.0703903 0.0788134 0.0547992 0.0858746 0.0675284 0.0309687 -0.0247278 0.0940269 0.0788968 -0.0360629 -0.0184298 0.0998019 0.0853402 0.103821 0.10318 0.0999843 0.0971982 -0.030616
internal_weight=527.23 399.808 62.4315 127.422 51.4922 28.0811 21.1668 337.377 51.479 48.7903 13.315 122.469 54.6692 49.6924 19.272 23.4112 15.8389 7.39773 18.0853 30.4204 13.592 35.4753 8.81031 67.7997 14.7437 53.056 24.9916 44.0773 38.3072 4.95337
internal_count=5048 4521 470 527 345 227 195 4051 563 546 125 469 232 198 84 118 91 53 181 114 52 421 91 237 54 183 86 150 129 58
is_linear=0
shrinkage=0.05


Tree=32
num_leaves=21
num_cat=0
split_feature=20 1 20 22 0 25 42 23 7 11 20 36 4 21 22 14 11 22 15 40
split_gain=1285.95 22.0469 4.047 2.67511 0.888143 2.46404 0.899821 0.411424 0.160333 0.212831 0.0969956 0.0751118 0.0348893 0.0123693 0.00937761 0.00432274 0.00302072 0.00316309 0.0018168 0.00110428
threshold=-1.1880612340604182 0.4657181313914181 -1.1272703118542498 -0.55996148818097857 -1.2326425409844657 0.21690360671717604 -0.47323597405982715 -0.56140936472220382 0.45926592638648195 -0.3050086978219575 -1.0603712108618153 0.72528512574632253 -1.0116890019129225 -0.2419175477721858 -0.67217241717151499 -0.10023131518824892 -0.49641215806743394 -0.37299484765666757 1.0558168315631338 0.50007059622174355
decision_type=2 2 2 2 2 2 2 2 2 2 2 2 2 2 2 2 2 2 2 2
left_child=1 3 -2 -1 8 6 7 -6 9 11 -4 -5 -12 16 19 -16 17 -14 -18 -15
right_child=2 -3 10 4 5 -7 -8 -9 -10 -11 12 -13 13 14 15 -17 18 -19 -20 -21
leaf_value=0.036821147274128649 -0.0084134508908886036 -0.013252314385187895 -0.038429768098572722 0.070311159059189388 0.068614315945898549 0.035838584179097792 0.051764962798740079 0.082928097106787016 0.077486023966789871 0.061326234426339027 -0.048693114620269443 0.065592928806959355 -0.044922716424167647 -0.044298172301905414 -0.044171089510171596 -0.044564243553043628 -0.044705000869617199 -0.046734365937516488 -0.045132711511351113 -0.044927690857712227
leaf_weight=6.3898451328277579 7.8923105597496024 8.323747977614401 6.6577657163143149 350.38526844978333 18.932316184043884 7.1973360478878012 6.6378659605979911 6.8317346572876003 7.356183409690856 6.8905209898948661 4.9134839773178092 8.6431708931922895 5.4753960222005844 7.7775891721248618 332.76674768328667 88.512276664376259 101.4579204171896 4.3027181178331357 32.872692659497261 66.785154789686203
leaf_count=21 36 35 35 1056 57 22 20 21 23 21 23 26 30 45 1951 500 564 21 177 364
internal_value=-0.000210186 0.0673255 -0.0440028 0.0689253 0.0694221 0.0623022 0.0681805 0.0724098 0.0701774 0.0700305 -0.0444339 0.0701976 -0.0444959 -0.0444637 -0.0443452 -0.0442537 -0.0448714 -0.0457199 -0.0448097 -0.044862
internal_weight=1087 427.588 659.414 419.264 412.874 39.5993 32.4019 25.7641 373.275 365.919 651.522 359.028 644.864 639.95 495.842 421.279 144.109 9.77811 134.331 74.5627
internal_count=5048 1302 3746 1267 1246 120 98 78 1126 1103 3710 1082 3675 3652 2860 2451 792 51 741 409
is_linear=0
shrinkage=0.05


Tree=33
num_leaves=31
num_cat=0
split_feature=14 22 42 25 26 17 39 40 25 5 1 37 11 26 23 26 42 6 13 11 37 37 38 19 34 42 19 35 17 33
split_gain=908.529 42.9369 39.9566 23.1604 17.6539 13.0958 11.6616 10.9581 9.29208 8.83977 7.27198 12.1895 5.14008 5.11478 12.7149 4.8225 4.44437 3.89395 3.26057 2.49074 1.78138 0.851093 9.87701 2.85637 0.79278 0.778379 0.965094 0.280852 0.131176 0.111916
threshold=0.069015071608312314 -0.26218071684454686 0.07518100018382555 0.25225245557575776 0.36409981548931875 -0.73032810019011773 0.59561912912395865 0.576694512407393 0.2064142815660325 -1.2816473332861344 0.3469917986042419 -0.22557618425892642 -0.20994111147635491 0.30726207217244045 -0.76563466772174338 1.5994326428920982 0.41778468163674881 0.30844082595299677 0.76210014796524328 -0.77890003771507088 -0.48114191006607981 -0.1868711612106497 0.72889658798430712 -0.45160639048194023 0.23561796220348671 0.57224671896782431 1.276950636936762 0.76811161172950138 -0.19495597708004894 -0.50860650533470986
decision_type=2 2 2 2 2 2 2 2 2 2 2 2 2 2 2 2 2 2 2 2 2 2 2 2 2 2 2 2 2 2
left_child=1 10 4 5 8 12 9 20 -2 -5 15 -12 -3 -11 -15 21 19 -4 -8 -7 -6 22 23 -1 -10 26 -19 -21 -27 -30
right_child=2 3 17 6 7 16 18 -9 24 13 11 -13 -14 14 -16 -17 -18 25 -20 27 -22 -23 -24 -25 -26 28 -28 -29 29 -31
leaf_value=-0.042433720582359835 0.013041588302137972 0.062672245137998836 0.034217525720882554 -0.02322508382852501 -0.011128449655022056 -0.0048552832300514989 -0.044198870645003503 0.054888683468793692 0.084498717306478593 0.088210683359052078 0.043579654780194738 -0.043729640032954431 -0.010775908312942714 0.078508910636652524 -0.023249069995128414 0.017047820562753974 0.022666448725256097 0.074556271393304757 0.01807564450096906 -0.043644419901260903 -0.044332610224905269 -0.043332596544688157 0.046617825840671631 -0.024850198525390017 0.061802321557870944 0.079602280661284247 0.048026853641414936 -0.02794406273707797 0.067608263883770101 0.074172613428917178
leaf_weight=211.94929458200932 9.8498586267232913 5.3837511837482452 6.4013658314943305 3.8686996102333095 7.1153815835714385 5.0015486180782309 5.4418348670005781 4.9468530863523474 9.1293452680110914 8.7983022630214709 6.8464222699403789 9.6076096743345243 4.2723151445388776 7.8600467443466195 5.0372070074081394 3.5369315892457953 3.2408026754856101 7.2664066851139051 3.4246787875890732 35.187989085912704 9.3436809480190277 294.38377144932747 3.2972705811262122 25.920928984880447 6.6501682251691809 10.906640797853468 6.4898481070995331 3.0992628633975974 6.6618979871273032 256.19829535484314
leaf_count=1321 38 21 23 19 36 28 32 18 28 28 25 60 22 24 20 16 14 22 16 221 55 1904 19 156 21 33 20 19 20 769
internal_value=-9.45872e-05 -0.0349393 0.0659402 -0.00302606 0.0231525 -0.022814 0.0292647 -0.0103657 0.0511472 0.0464018 -0.0401448 -0.00740078 0.0301752 0.0588175 0.0387659 -0.0411442 -0.0338106 0.0727873 -0.0201454 -0.0380387 -0.0299782 -0.0415285 -0.0393263 -0.0405176 0.0749335 0.073646 0.0620404 -0.0423735 0.0742292 0.0740062
internal_weight=987.118 646.159 340.96 90.6164 47.0353 56.1857 34.4308 21.4059 25.6294 25.5643 555.542 16.454 9.65607 21.6956 12.8973 539.088 46.5296 293.924 8.86651 43.2888 16.4591 535.551 241.167 237.87 15.7795 287.523 13.7563 38.2873 273.767 262.86
internal_count=5048 3965 1083 464 196 325 139 109 87 91 3501 85 43 72 44 3416 282 887 48 268 91 3400 1496 1477 49 864 42 240 822 789
is_linear=0
shrinkage=0.05


Tree=34
num_leaves=31
num_cat=0
split_feature=21 19 42 22 39 0 37 13 22 38 39 39 25 39 47 19 38 5 6 21 24 11 32 9 16 5 42 40 32 36
split_gain=805.121 172.959 66.352 60.7641 37.2793 28.6963 24.1957 26.1471 19.992 18.2381 11.5196 11.078 11.3968 10.4773 9.88388 9.13629 8.27231 22.6241 7.00959 5.62583 4.98279 4.92211 4.91856 4.09282 2.99587 2.54621 2.08447 2.00546 1.12022 0.835689
threshold=-0.2419175477721858 0.070453442351610954 0.28987445280977153 -0.64853201538657168 0.40100575111340181 3.8467859583836073 -0.011592364651285254 -0.86052761804996714 -0.64853201538657168 0.22498043074080692 0.59561912912395865 1.5221449237418858 0.43740017677329873 0.72205518782103739 0.51348757431148984 0.2852856882031809 0.67353073679541919 0.94768295921563972 -0.87354582229151523 0.43490134049592016 2.1727112530284889 -0.079281073330672261 0.64001764137767214 0.1012062691765052 -0.61666884448891535 0.14431533447040171 0.57224671896782431 -0.59820553577256586 0.68321940168826989 1.5374167609980993
decision_type=2 2 2 2 2 2 2 2 2 2 2 2 2 2 2 2 2 2 2 2 2 2 2 2 2 2 2 2 2 2
left_child=4 5 3 15 25 8 7 -6 13 10 23 12 21 -2 -9 22 24 -18 28 -20 27 -10 -3 -5 -13 -1 -4 -11 -15 -28
right_child=1 2 26 9 6 -7 -8 14 11 20 -12 16 -14 18 -16 -17 17 -19 19 -21 -22 -23 -24 -25 -26 -27 29 -29 -30 -31
leaf_value=-0.050639462957008989 0.052237154122062084 -0.03599258073015732 -0.024926360299369732 -0.0061980205469692193 -0.04892435381717563 -0.054283445413446978 -0.052637536805806844 0.054369415257802478 0.054121793752515052 0.027819262082845533 0.039021314190617148 0.019632081263227442 -0.011853747213781244 -0.0387544987639213 -0.0055428231035777962 -0.047464833318949906 -0.035837467353693753 0.061841352761823926 -0.0075212988084223838 0.032568446545318874 0.012047109973774157 0.042937301596107771 0.01625645118657261 -0.057974865089703315 0.061073736604238531 -0.01717457458799623 -0.051194476932549873 0.056944960164114683 -0.0091258618631969608 -0.031700098774728638
leaf_weight=504.7451609224081 18.471820116043091 7.3465294837951687 10.136908203363417 9.6816891729831713 13.038228452205656 7.3528230488300315 22.796546071767807 21.528886109590534 374.37620538473129 6.6235836148262015 11.494416922330855 6.3719660937786129 7.2729579508304587 6.3172198832035047 10.119746148586271 33.103488087654114 14.27190673351288 10.139702409505842 13.275788426399229 25.675965040922165 8.0815162658691388 133.42812725901604 11.642214715480803 6.3005286753177634 13.818536877632139 5.7487611174583426 57.666667610406876 54.874604254961014 6.4448718130588531 6.0768241286277762
leaf_count=1935 61 24 34 31 48 26 84 70 1244 21 36 20 24 20 32 121 44 32 43 79 25 436 36 21 44 19 217 179 20 22
internal_value=-5.92539e-06 0.0306582 -0.00723779 0.0119565 -0.0456457 0.043922 -0.01072 0.0106639 0.0450684 0.0353372 0.000846088 0.0482229 0.0502929 0.0199137 0.0352123 -0.0316057 0.0243179 0.00473479 0.00836796 0.0189048 0.0489576 0.051183 -0.00395811 -0.0266095 0.0479951 -0.0502626 -0.0459869 0.053808 -0.023792 -0.049336
internal_weight=1438.22 860.247 223.029 149.149 577.977 637.218 67.4834 44.6869 629.865 97.0563 27.4766 559.679 515.077 70.1857 31.6486 52.0922 44.6021 24.4116 51.7138 38.9518 69.5797 507.804 18.9887 15.9822 20.1905 510.494 73.8804 61.4982 12.7621 63.7435
internal_count=5048 2860 767 494 2188 2093 234 150 2067 313 88 1844 1704 223 102 181 140 76 162 122 225 1680 60 52 64 1954 273 200 40 239
is_linear=0
shrinkage=0.05


Tree=35
num_leaves=31
num_cat=0
split_feature=39 22 21 37 14 38 16 19 25 21 35 37 38 26 20 22 16 37 38 34 39 38 32 28 23 38 40 22 42 37
split_gain=403.187 91.9966 25.195 40.2927 17.9956 16.9019 19.6392 15.5293 9.01691 8.04141 15.219 14.4062 8.01143 6.67905 9.22355 4.68715 4.60659 4.58848 4.39795 4.2162 11.4112 3.60722 3.90195 3.10488 1.41109 2.80212 1.11104 1.04194 0.480581 0.226364
threshold=0.81996252816785853 -0.59042365389706919 0.9748721991624486 0.31629804722557792 -0.89942130176222701 0.83350425340602252 -0.4801550287930309 0.14213410128548976 -0.8497517383995673 0.43490134049592016 -1.0959694016370862 0.029035792242654176 0.70421068613274251 0.59322696823548504 0.54695240689554325 -0.54309289749328937 -0.1499069254585769 1.9614217879311473 0.24540855549257187 -1.2509037723377663 0.6954590335867854 0.18310683194691427 -0.19132434081545571 0.8334564377136785 0.17782530240038033 0.86036081174780443 1.1386032311021561 -0.79432295041510692 0.2672993470558615 0.39072958114653172
decision_type=2 2 2 2 2 2 2 2 2 2 2 2 2 2 2 2 2 2 2 2 2 2 2 2 2 2 2 2 2 2
left_child=4 7 3 15 -1 6 18 9 -8 11 12 -2 -11 14 -12 -3 -7 -15 -5 20 -6 22 -13 -14 25 26 -9 29 -4 -26
right_child=1 2 28 5 19 16 8 24 -10 10 13 21 23 17 -16 -17 -18 -19 -20 -21 -22 -23 -24 -25 27 -27 -28 -29 -30 -31
leaf_value=0.085064533096221959 -0.00068989223790021364 0.032419822569508185 -0.040412765358216571 0.11301913825968549 -0.039973866937197594 0.13859208862141434 0.05683300786235345 0.069886099705770727 -0.024295013164758142 0.034270816349601628 -0.0053420455944497161 0.10269757060016081 0.13851617134797287 -0.044325478019854973 0.092096222876954917 -0.040257724004935158 0.071557959197863369 0.020097249618239721 0.047285142698666197 -0.040030339141448705 0.093461043108058958 0.11662689847019435 0.041849203226869171 0.080273163458972271 0.10161516917128458 0.0548791129228434 0.094282821850802292 0.11504965587321188 -0.013777381769820365 0.091152584651199395
leaf_weight=2.9518008008599272 4.7550682500004795 2.5343779027462032 19.511576674878601 6.5992028489708883 5.8318920955061895 6.0301531553268433 4.9273102506995228 5.7995208799839046 11.232988029718401 5.9359225779771796 4.8160539418458956 5.8320568948984173 4.4919296130537969 5.68737994879484 4.8995826467871666 17.796111546456814 4.4572495371103269 5.3771300241351128 4.1414003372192383 282.85101496055722 2.2092128619551659 10.393191337585447 4.805599056184291 4.6641729548573494 6.1763263046741477 7.2679721117019644 23.89079162478447 6.1471858173608771 1.8544716164469708 31.721443071961403
leaf_count=17 35 19 232 29 76 27 37 20 113 28 30 19 19 39 23 216 21 37 26 3616 20 36 24 23 20 30 75 22 20 99
internal_value=0.000640749 0.0515388 0.00828403 0.0254546 -0.037769 0.0562602 0.0352699 0.0755173 0.000441098 0.0566091 0.0412999 0.0779066 0.079515 0.0135454 0.0437959 -0.0311978 0.110102 -0.0130173 0.0876732 -0.0390154 -0.00331396 0.0956773 0.0752091 0.108847 0.0899098 0.0827056 0.0895173 0.095955 -0.0381009 0.0928577
internal_weight=515.59 221.746 79.0848 57.7188 293.844 37.3883 26.9009 142.661 16.1603 61.6581 35.8722 25.7859 15.092 20.7801 9.71564 20.3305 10.4874 11.0645 10.7406 290.892 8.0411 21.0308 10.6377 9.1561 81.0032 36.9583 29.6903 44.045 21.366 37.8978
internal_count=5048 1319 740 488 3729 253 205 579 150 313 199 114 70 129 53 235 48 76 55 3712 96 79 43 42 266 125 95 141 252 119
is_linear=0
shrinkage=0.05


Tree=36
num_leaves=29
num_cat=0
split_feature=38 19 1 38 4 0 39 42 36 19 22 18 19 21 40 14 22 37 3 38 1 40 22 42 22 39 18 14
split_gain=1179.78 8.12514 3.33819 1.75487 0.61103 0.346103 0.705817 0.366392 0.0537258 0.017992 0.0127927 0.0107102 0.00683182 0.00599494 0.00307132 0.00282803 0.0018367 0.00204655 0.00175373 0.00165602 0.00304971 0.00361539 0.0028188 0.00209299 0.0015221 0.000895641 0.000298312 0.000125787
threshold=-1.184785962692849 -0.41646921013204757 0.24712114971514343 -1.1479698628609787 -1.1647877722640783 -1.2326425409844657 -0.21279361806131608 -0.47323597405982715 0.72528512574632253 1.0000000180025095e-35 -0.34243561016185914 -1.1760258100086911 -0.66808681590168073 -0.2600254215372535 1.1896858418925891 -0.2513297213808568 -0.3100981554576086 0.70364534716418004 0.46191316568329049 0.22498043074080692 0.73362517920344084 -0.39387509261083392 -0.66361224482209191 0.28987445280977153 -0.67217241717151499 1.4293068243746017 0.89616458199938498 0.80900832058709715
decision_type=2 2 2 2 2 2 2 2 2 2 2 2 2 2 2 2 2 2 2 2 2 2 2 2 2 2 2 2
left_child=1 2 5 -2 -5 8 7 12 10 13 11 -1 -7 16 25 -12 17 -6 -18 20 21 -11 26 -24 -16 -15 -21 -22
right_child=3 -3 -4 4 9 6 -8 -9 -10 19 15 -13 -14 14 24 -17 18 -19 -20 22 27 -23 23 -25 -26 -27 -28 -29
leaf_value=0.066588193548426197 -0.010573469716021019 0.021946103610341175 0.030737686642685332 -0.025890794310191236 -0.043339810740924745 0.067375009005855177 0.046674646698323212 0.054519599053690027 0.063140120506329819 -0.045612565112858744 0.067443245135371407 0.068623081386440979 0.069302084400612501 -0.043605090959858067 -0.044546693489154708 0.068600635647021721 -0.045719889542249009 -0.044908116143484784 -0.044498410064063909 -0.044464352715305029 -0.044492495015019631 -0.04452681569513936 -0.043772581042014501 -0.044269443189083178 -0.043899822570789331 -0.044048561435391813 -0.044806622514329111 -0.044218684472635175
leaf_weight=327.68132552504539 3.9832392781972876 10.959436178207396 6.7655619680881491 4.6920059174299231 4.8122561275959033 15.131804972887041 6.6030430793762198 6.6121849417686489 10.871786028146742 8.9556372165679914 15.798366665840151 6.5965112745761862 6.6074320077896109 238.83483808487654 10.604961201548575 7.9258092343807212 4.8074396550655347 3.6640016883611679 7.558881089091301 25.138456329703331 4.4011208713054648 53.2922652810812 44.286093935370445 40.649932563304901 63.820832774043083 11.955215245485304 8.5249659121036512 89.318819493055344
leaf_count=999 18 35 24 22 31 46 20 20 33 47 48 20 20 1489 60 24 25 20 43 143 25 304 272 236 386 71 47 520
internal_value=-0.000295014 0.0644346 0.0655687 -0.0436558 -0.0438665 0.0661522 0.0613971 0.064826 0.0666028 -0.0440024 0.066708 0.0666283 0.0679607 -0.0437626 -0.0437099 0.0678299 -0.0445847 -0.0440177 -0.0449733 -0.0443047 -0.0444117 -0.044683 -0.0441638 -0.0440104 -0.043992 -0.0436262 -0.044551 -0.0442315
internal_weight=1050.85 421.553 410.594 629.301 625.318 403.828 34.9545 28.3514 368.874 620.626 358.002 334.278 21.7392 346.058 325.216 23.7242 20.8426 8.47626 12.3663 274.567 155.968 62.2479 118.599 84.936 74.4258 250.79 33.6634 93.7199
internal_count=5048 1289 1254 3759 3741 1230 106 86 1124 3719 1091 1019 66 2125 2006 72 119 51 68 1594 896 351 698 508 446 1560 190 545
is_linear=0
shrinkage=0.05


Tree=37
num_leaves=31
num_cat=0
split_feature=14 22 42 25 26 17 39 40 25 5 1 38 13 16 42 23 6 26 23 15 25 3 27 42 29 22 17 0 47 7
split_gain=817.13 41.273 35.068 20.977 15.1857 12.1878 10.4971 9.93127 8.40503 8.07257 7.08594 9.75209 5.76107 5.13992 4.17164 3.75839 3.6622 3.43227 9.26413 1.73258 3.40214 1.37607 0.783923 0.762924 0.907436 0.719877 2.34073 4.69276 1.18059 0.523706
threshold=0.069015071608312314 -0.26218071684454686 0.07518100018382555 0.25225245557575776 0.36409981548931875 -0.73032810019011773 0.58239407476369753 0.576694512407393 0.2064142815660325 -1.2816473332861344 0.3469917986042419 0.22498043074080692 1.6555705183017639 -0.14030843611543439 0.41778468163674881 -0.54879218213458381 0.30844082595299677 0.30726207217244045 -0.83871402784190296 2.8062041977928023 0.051979306459481796 -0.80238513741407325 0.22011868407647392 0.57224671896782431 1.2760028694116161 -0.34243561016185914 0.036889959303141824 -1.1717131763050943 0.43422049719253802 -0.61669159210740132
decision_type=2 2 2 2 2 2 2 2 2 2 2 2 2 2 2 2 2 2 2 2 2 2 2 2 2 2 2 2 2 2
left_child=1 10 4 5 8 13 9 19 -2 -5 12 -12 25 -3 21 -8 -4 -11 -19 -6 -21 -7 -10 24 -18 -1 28 -28 -27 -23
right_child=2 3 16 6 7 14 15 -9 22 17 11 -13 -14 -15 -16 -17 23 18 -20 20 -22 29 -24 -25 -26 26 27 -29 -30 -31
leaf_value=-0.041654462487523948 0.011604332568581205 0.068238034175990503 0.031466518064659013 -0.022380073800883783 -0.044955374550478856 -0.011248380546841085 -0.044164428196714178 0.051536162063045204 0.079262022163231013 0.081233083309437862 0.03487249191555114 -0.043249828215673081 0.029440174290937149 -0.0048655848135932085 0.021333853406886014 0.019713619364500605 0.070125467094746083 0.078211087539734742 -0.008982726670574934 -0.044103794141391234 0.022758699523208758 -0.02739995455392449 0.056636714317427395 0.070050479955084288 0.044469768633474668 -0.043364132718770959 0.026632624793466866 -0.043658991700924826 -0.010851257086935748 -0.043283808628769946
leaf_weight=462.44284546375275 9.9674186259508151 4.4557266086339951 6.4830072075128546 3.7714266180992153 8.2543787807226199 4.4822093844413748 5.4170847088098526 5.0303889065980902 9.5108152627944929 8.6471279561519641 7.4673684984445599 8.5900497585535032 2.9151059538125983 5.2229492515325529 3.2610399425029746 4.0052731782197935 7.2998805642127973 6.9850356280803689 5.4023852944374058 3.9491039663553229 3.6710722744464874 6.249519437551494 6.4078723490238181 272.54314196109772 6.5293660759925842 35.127308174967766 4.1856797784566879 5.4872180595993978 3.0331770479679099 30.591670677065853
leaf_count=3097 38 19 23 19 47 26 33 18 29 27 28 57 13 24 14 18 22 21 21 24 20 41 20 822 20 229 23 35 19 201
internal_value=-9.02401e-05 -0.034342 0.0622059 -0.00273526 0.0220123 -0.0220697 0.0279161 -0.00968447 0.0476098 0.0449814 -0.0396267 -0.00691969 -0.0406501 0.0287888 -0.0331104 -0.017011 0.0686279 0.0570591 0.0401842 -0.0290843 -0.0118923 -0.0374068 0.0701545 0.0694691 0.0580123 -0.0410505 -0.0352112 -0.0132422 -0.0407799 -0.0405894
internal_weight=957.387 617.74 339.646 88.4914 46.7911 54.2631 34.2283 20.9049 25.8861 24.806 529.249 16.0574 513.191 9.67868 44.5844 9.42236 292.855 21.0345 12.3874 15.8746 7.62018 41.3234 15.9187 286.372 13.8292 510.276 47.8334 9.6729 38.1605 36.8412
internal_count=5048 3965 1083 464 196 325 139 109 87 88 3501 85 3416 43 282 51 887 69 42 91 44 268 49 864 42 3403 306 58 248 242
is_linear=0
shrinkage=0.05


Tree=38
num_leaves=31
num_cat=0
split_feature=21 19 42 40 39 0 0 37 13 19 40 0 37 19 39 14 3 0 6 17 5 11 14 42 28 24 34 14 21 5
split_gain=730.336 155.18 60.2056 49.0796 34.6965 26.3161 22.5901 22.1402 23.895 17.3444 16.8762 18.0022 13.1946 11.907 11.8742 9.17615 7.48219 6.27709 4.71274 2.69548 2.49171 2.27564 2.34532 2.06987 2.06959 1.93844 0.84753 0.747086 0.620736 2.927
threshold=-0.2419175477721858 0.070453442351610954 0.28987445280977153 0.21911623687436199 0.40100575111340181 3.8467859583836073 0.90582955105493046 -0.011592364651285254 -0.86052761804996714 -0.2964363649534279 0.47452929082652701 1.0235272506306921 1.9614217879311473 0.3137784212548837 1.6242501539081993 0.11523212543097332 0.27816841685040961 0.42077236492452114 -0.20667491785954056 0.0084541005113710019 0.14431533447040171 -0.90480988891854508 -0.63845231156613935 0.57224671896782431 0.30704100260063016 2.1727112530284889 2.089328332368479 -0.10023131518824892 -0.48474116645784837 -0.18690284982500729
decision_type=2 2 2 2 2 2 2 2 2 2 2 2 2 2 2 2 2 2 2 2 2 2 2 2 2 2 2 2 2 2
left_child=4 5 3 24 20 9 13 8 -6 14 27 12 -12 16 21 -10 -5 -16 -15 -8 28 -2 -23 -4 -3 -26 -25 -11 -1 -30
right_child=1 2 23 6 7 -7 19 -9 15 10 11 -13 -14 18 17 -17 -18 -19 -20 -21 -22 22 -24 26 25 -27 -28 -29 29 -31
leaf_value=-0.049881324535013094 0.024313284410559577 0.024530950385108791 -0.023471690426864505 0.014959509126698634 -0.04777850461618563 -0.053183291976251379 0.06238871096279839 -0.051358045447606464 0.05478175808059265 0.054593045319421857 0.017195064433154897 0.057651420523269076 -0.040779343850562644 -0.050824412135286504 -0.012881401845116101 -0.001424135452412608 -0.039534897021163168 0.039620518157918533 -0.011036797912080173 0.019103557839318382 -0.01610354821131799 0.040033415720302071 0.052693314699117894 -0.04995891175282538 0.054617200469613186 0.025756242050896161 -0.030024378016434997 0.03640909610131584 -0.009587875220370707 -0.050659226847070138
leaf_weight=457.54552821815014 7.9156580269336692 8.8780066668987256 9.9698035418987256 22.26994359493256 12.618551880121229 7.148426115512847 8.5017590820789319 21.905269756913185 19.469161331653599 53.013782560825348 90.96192666888237 25.85666298866272 11.001440793275831 31.544561862945553 11.222483336925508 11.581314593553541 8.7831674516201002 11.55470749735832 9.7406407892704028 6.2338619232177725 5.665903002023696 40.785563379526138 355.0511100590229 55.345088645815849 43.202305316925049 6.7233839631080619 5.9003497362136832 6.3221266269683829 5.5094206184148815 20.40153294801712
leaf_count=1835 27 28 34 71 48 26 27 84 65 180 293 86 34 119 36 37 29 37 33 20 19 136 1217 217 146 21 22 21 20 80
internal_value=1.3132e-05 0.0294736 -0.00691377 0.0114837 -0.0444899 0.0421975 -0.0123496 -0.0103371 0.0102399 0.0433085 0.0306189 0.0203891 0.0109399 -0.023844 0.0488766 0.0338179 -0.000453874 0.0137525 -0.0414371 0.0440771 -0.0490686 0.0508581 0.0513889 -0.0445992 0.046775 0.0507306 -0.0480384 0.0526556 -0.049455 -0.0419263
internal_weight=1392.62 837.927 217.093 145.878 554.697 620.834 87.0739 65.5743 43.669 613.685 187.156 127.82 101.963 72.3383 426.53 31.0505 31.0531 22.7772 41.2852 14.7356 489.122 403.752 395.837 71.2152 58.8037 49.9257 61.2454 59.3359 483.456 25.911
internal_count=5048 2860 767 494 2188 2093 299 234 150 2067 614 413 327 252 1453 102 100 73 152 47 1954 1380 1353 273 195 167 239 201 1935 100
is_linear=0
shrinkage=0.05


Tree=39
num_leaves=31
num_cat=0
split_feature=39 22 21 38 15 14 19 17 24 40 23 20 40 24 10 38 34 39 29 40 33 38 23 13 11 0 40 22 42 35
split_gain=367.686 76.6943 23.401 31.7389 19.842 16.481 12.9736 10.9923 10.0623 16.4402 11.4537 8.79217 8.75592 6.68582 5.24113 4.47803 4.23947 10.2346 4.07211 2.55686 2.28602 1.54285 1.23478 2.60475 5.73971 0.958321 1.84749 0.782017 0.487962 0.224637
threshold=0.81996252816785853 -0.59042365389706919 0.9748721991624486 0.81298383844919397 -0.58970771869129879 -0.89942130176222701 0.14213410128548976 -0.96387960031944597 -0.6993149328194207 1.5728054228208366 0.13350357434360779 0.72438045735373879 0.62777712319782608 -0.34601636624829424 0.3282881821498384 0.71616911438075903 -1.2509037723377663 0.6954590335867854 -0.52718242951584748 1.240768452683022 -0.5644180592271596 0.34217399673758159 0.17782530240038033 0.44149671278296676 0.3785753894161657 -0.8400196593188588 1.342933674263888 -0.79432295041510692 0.2672993470558615 -0.44555264517464471
decision_type=2 2 2 2 2 2 2 2 2 2 2 2 2 2 2 2 2 2 2 2 2 2 2 2 2 2 2 2 2 2
left_child=5 6 3 4 12 -1 8 -6 18 10 15 -12 -3 -5 -14 -10 17 -7 19 -2 -9 -21 23 -8 -25 -20 -27 -24 -4 -11
right_child=1 2 28 13 7 16 22 20 9 29 11 -13 14 -15 -16 -17 -18 -19 25 21 -22 -23 27 24 -26 26 -28 -29 -30 -31
leaf_value=0.077148964884231952 0.025491989943793172 -0.024911448867896924 -0.0402361512235406 0.14615483155262299 0.054844036761489405 -0.039836357829795027 0.085546572740743079 -0.0093160250197777544 -0.025318606240480698 -0.043834851993493879 0.098427587149878565 0.024882010612846256 0.091849098425179854 0.068129072571386132 0.021181855622543939 0.046628617536842852 -0.039884051154628765 0.084635715425665059 0.11425843489060961 0.051285923515847959 -0.040377401891939189 0.089248705717164062 0.085696235540639557 0.01919216627747829 0.086688345232330724 0.057080775682271635 0.10167900305757088 0.10451914835525625 -0.013039905780399451 -0.024511912451073974
leaf_weight=3.0979536697268477 4.6738629117608097 2.9660903811454764 18.470269680023197 4.5485111773014069 4.5199244022369376 5.5343250036239615 24.994865491986275 9.0702661126852018 5.182768829166891 4.2238734140992165 12.178023010492327 6.0988487452268592 8.7463478669524175 6.9260348230600339 3.7481931596994391 3.7114733010530472 268.21253494918346 2.3538501560688019 4.0104177743196479 5.4838987216353399 17.074009299278266 5.227718286216259 38.755548417568207 5.4975644350051862 7.3751789182424545 3.6663200035691244 6.3337239250540733 6.434093937277793 1.811053879559039 2.3358887284994116
leaf_count=17 25 35 232 20 36 76 77 94 37 30 50 31 38 31 29 22 3616 20 14 21 205 22 119 24 24 19 24 22 20 18
internal_value=0.000751343 0.0484582 0.00838075 0.0246441 0.00613197 -0.0375347 0.0698097 -0.0171539 0.0527241 0.0340885 0.0512399 0.073886 0.0523166 0.0990585 0.0706499 0.00470421 -0.0388215 -0.0026936 0.0741078 0.0563492 -0.0296012 0.0698134 0.0827955 0.0761357 0.0578627 0.0936091 0.0853279 0.0883762 -0.0378076 -0.0369541
internal_weight=503.263 224.065 77.8807 57.5994 46.1248 279.199 146.184 30.6642 63.1268 33.7309 27.1711 18.2769 15.4606 11.4745 12.4945 8.89424 276.101 7.88818 29.3959 15.3855 26.1443 10.7116 83.0573 37.8676 12.8727 14.0105 10 45.1896 20.2813 6.55976
internal_count=5048 1319 740 488 437 3729 579 335 313 188 140 81 102 51 67 59 3712 96 125 68 299 43 266 125 48 57 43 141 252 48
is_linear=0
shrinkage=0.05


Tree=40
num_leaves=28
num_cat=0
split_feature=38 19 38 38 42 20 39 7 39 36 14 19 19 22 20 40 24 19 42 35 24 37 30 19 39 19 8
split_gain=1077.3 8.16876 2.46895 1.61397 4.18703 1.34365 0.711525 0.640885 0.442701 0.270325 0.0857118 0.0256874 0.01629 0.00854223 0.00419892 0.00321672 0.00181919 0.00204314 0.00173417 0.00156308 0.00133135 0.00126217 0.00151245 0.000917292 0.000804942 0.000769684 0.000725157
threshold=-1.184785962692849 -0.37214876260628277 -1.1479698628609787 -1.2127966931267053 -0.21577335722655752 -1.1880612340604182 -1.2004907804963787 0.49678165684018361 -0.18869700752606747 0.72528512574632253 -0.23911199281787318 -0.64237629673861607 1.0000000180025095e-35 -0.34243561016185914 -0.6389068746094787 1.1896858418925891 0.83132135526465434 3.0139830153100884 0.07518100018382555 -0.24439282358832223 0.67898334610341127 0.75637517557472844 -0.7862574517201294 0.18593101696159134 1.5079179068285131 0.43560445407014736 -0.71392216209510628
decision_type=2 2 2 2 2 2 2 2 2 2 2 2 2 2 2 2 2 2 2 2 2 2 2 2 2 2 2
left_child=1 3 -2 7 6 -4 -5 9 11 10 13 -8 14 -1 21 24 23 19 -19 -18 -17 22 -7 26 -16 -25 -14
right_child=2 -3 5 4 -6 12 8 -9 -10 -11 -12 -13 16 -15 15 20 17 18 -20 -21 -22 -23 -24 25 -26 -27 -28
leaf_value=0.06351398015116104 -0.0081204773003350182 0.0078634905936611904 -0.017831449144353067 0.044648442847409382 0.017447487906034748 -0.044209882379534216 0.064303954315717338 0.079570148126583751 0.050764215970964047 0.054420228554748568 0.069237603663299646 0.06772433250525707 -0.044236150612336524 0.064712544770731781 -0.043171241022075632 -0.043521965421849385 -0.043204348911156515 -0.04524878173495453 -0.043739844704204257 -0.043757870861730219 -0.044566166671126457 -0.044925798127849921 -0.042970000182333191 -0.044368804520820919 -0.043674365397951193 -0.044005763788492171 -0.043635104030371762
leaf_weight=323.06420397758484 5.0210577845573416 6.9362660348415366 5.1219844818115225 6.5228517651557913 6.7211403846740714 8.8884555101394636 22.998284578323364 6.2906240522861472 6.5310237407684353 8.0644882321357709 6.8027759194374076 7.2101661264896384 6.6028329133987453 15.582850128412245 231.02052311599255 69.88525815308094 13.994610175490378 4.0848767608404151 3.5666093677282333 143.88939252495766 3.1919843554496756 3.6489954590797415 3.4005729407072058 21.495670706033707 8.2330727875232679 45.508528769016266 20.911341562867165
leaf_count=1002 23 22 24 20 22 52 71 20 20 25 21 22 39 48 1521 442 92 22 22 884 18 20 23 125 51 272 131
internal_value=-5.41042e-05 0.0616707 -0.0430344 0.0625815 0.0541625 -0.0433298 0.0598664 0.063751 0.0625683 0.0634695 0.0636808 0.0651203 -0.0435518 0.0635691 -0.0433176 -0.0432772 -0.0438474 -0.0437475 -0.0445454 -0.0437088 -0.0435676 -0.0441092 -0.0438668 -0.0440224 -0.0431886 -0.0441222 -0.0437793
internal_weight=1015.19 416.725 598.466 409.788 49.9835 593.445 43.2623 359.805 36.7395 353.514 345.45 30.2085 588.323 338.647 328.269 312.331 260.054 165.535 7.65149 157.884 73.0772 15.938 12.289 94.5184 239.254 67.0042 27.5142
internal_count=5054 1293 3761 1271 155 3738 133 1116 113 1096 1071 93 3714 1050 2127 2032 1587 1020 44 976 460 95 75 567 1572 397 170
is_linear=0
shrinkage=0.05


Tree=41
num_leaves=31
num_cat=0
split_feature=6 22 17 32 17 39 1 21 24 23 17 1 11 40 40 31 35 17 33 6 17 24 35 42 0 0 23 9 19 36
split_gain=739.598 57.4643 22.3233 14.3354 12.2498 11.9261 11.4021 7.11659 6.73235 10.859 6.37494 6.56202 9.63222 4.42825 4.16629 4.0037 3.91673 3.32227 3.27172 2.30649 1.20724 6.66669 1.16795 0.782695 1.99545 0.563335 0.331376 0.207547 0.146754 0.068796
threshold=0.30844082595299677 -0.19455246843106319 -0.0052299879459796854 1.6683946790414323 -0.80676350382200024 1.348514492363085 0.27888289787048604 -0.21074825686510204 0.09278261665903216 -0.67782336540084154 0.22589781102907122 0.3469917986042419 -0.28235121286513115 0.014785793712629999 -0.16400334405388545 -0.41013144227825138 0.76811161172950138 -0.47584274444303187 1.0000000180025095e-35 -0.010714735239958568 0.050492471930623534 -0.4793956466082972 1.0631460167227733 0.79923017564888577 0.40947814122785725 -0.39122287558300223 1.3583405713270873 -0.22080431111776447 -0.20165037371690098 -1.5504031822005706
decision_type=2 2 2 2 2 2 2 2 2 2 2 2 2 2 2 2 2 2 2 2 2 2 2 2 2 2 2 2 2 2
left_child=1 3 4 10 -3 8 7 -2 9 -4 11 20 -13 -10 27 -16 -9 -8 -17 -14 22 -22 -1 24 25 -19 -15 -6 -25 -30
right_child=6 2 5 -5 14 -7 17 16 13 -11 -12 12 19 26 15 18 -18 23 -20 -21 21 -23 -24 28 -26 -27 -28 -29 29 -31
leaf_value=-0.041149601968037242 0.056515954989830954 0.057329644650480474 0.049392385934913484 0.074787938398424653 -0.043856760399318268 -0.04494878096017238 0.028419444599192958 0.023822793991097848 0.028333431709988796 -0.029616058760791115 0.020520335370634163 0.050279223783940119 -0.046234866839780314 0.068737289560111409 -0.043611593549684177 -0.024616048803236215 -0.035956623435854429 0.055622838914292663 0.027449776939241541 -0.0010728913339743006 -0.043239922575817463 0.018993464960097559 -0.01004950463207159 0.071699776509030491 0.033021270808690585 0.075077548393275906 0.08446509879438785 -0.029855127899242124 0.062242121618718893 0.066571531796336
leaf_weight=471.05053201317787 11.557057529687883 4.7038582414388648 10.726931720972061 2.7926326096057883 19.971956461668015 4.6519129127264014 6.0257868766784659 7.2143476456403715 7.5283363014459637 7.3143530637025842 4.4902898371219626 4.8852820545434978 8.9636457860469818 7.0190788954496366 6.0197374224662807 5.1234831362962705 4.4180808365345001 6.6118953227996835 7.3395250886678696 4.129594907164571 19.853425547480587 5.4942127019166938 3.0383092984557143 13.816661566495894 6.2693106681108466 8.5103534162044525 6.4052841067314148 3.0509795695543316 9.5406933128833753 239.93956544995308
leaf_count=3307 36 19 39 9 131 27 20 33 30 35 22 18 55 23 39 32 22 20 40 23 133 33 21 42 20 26 20 18 29 732
internal_value=2.66641e-05 -0.0318671 0.00507931 -0.0381942 -0.0191412 0.0307224 0.0624675 0.028727 0.0397499 0.0173605 -0.0387988 -0.0393135 -0.00963569 0.0590281 -0.0278076 -0.0101274 0.00111814 0.0651589 0.00604576 -0.0319908 -0.0403819 -0.0297506 -0.0409503 0.0659365 0.0567387 0.0665714 0.0762416 -0.0420013 0.0666838 0.066406
internal_weight=928.457 614.553 89.8554 524.698 46.2095 43.6459 313.904 23.1895 38.994 18.0413 521.905 517.415 17.9785 20.9527 41.5057 18.4827 11.6324 290.714 12.463 13.0932 499.436 25.3476 474.089 284.688 21.3916 15.1222 13.4244 23.0229 263.297 249.48
internal_count=5054 4074 453 3621 279 174 980 91 147 74 3612 3590 96 73 260 111 55 889 72 78 3494 166 3328 869 66 46 43 149 803 761
is_linear=0
shrinkage=0.05


Tree=42
num_leaves=31
num_cat=0
split_feature=21 19 42 22 39 22 37 13 32 25 25 39 40 39 22 0 19 47 37 39 21 21 27 18 15 34 8 19 13 24
split_gain=664.117 130.521 51.7912 58.8005 31.6939 24.0619 20.1501 24.7948 18.7217 17.7048 12.8261 11.4835 11.2307 11.2002 9.46707 8.80064 8.08895 7.27622 7.24477 6.53458 6.36419 5.63071 3.82519 3.69103 3.55394 1.98706 1.53535 1.15412 0.928294 0.908535
threshold=-0.2419175477721858 0.070453442351610954 0.57224671896782431 -0.43651181198543804 0.40100575111340181 -0.67217241717151499 -0.011592364651285254 -0.77584552441980137 1.6683946790414323 0.27947024803884557 0.43740017677329873 1.5874028573082029 0.2446575422695785 0.81996252816785853 -0.028276873886959878 0.42077236492452114 0.34385128038555252 0.51348757431148984 0.20773479635273986 1.3883919161620708 0.43490134049592016 0.89086353890811798 -0.83170518488714718 0.66505105367954787 0.94122125905950449 2.2314658687389586 1.2855814013342366 3.0139830153100884 0.7870590808246607 2.0008710000095058
decision_type=2 2 2 2 2 2 2 2 2 2 2 2 2 2 2 2 2 2 2 2 2 2 2 2 2 2 2 2 2 2
left_child=4 5 3 16 27 13 7 -6 10 26 11 21 24 -2 -14 -13 19 -9 -15 23 -20 -7 -22 -3 -11 -4 29 -1 -18 -5
right_child=1 2 25 9 6 8 -8 17 -10 12 -12 15 14 18 -16 -17 28 -19 20 -21 22 -23 -24 -25 -26 -27 -28 -29 -30 -31
leaf_value=-0.04851463581343804 0.050620304284321752 -0.061550082499231024 -0.048871542045869173 0.054169460076313139 -0.04744158668804381 0.041701069898508081 -0.050262995373129407 0.051150031489746076 -0.04610979357877304 0.0065422255000532961 -0.020728209980791418 -0.015758440660884034 0.02397234705024651 0.043752829288948608 -0.054444435998710156 0.037740403580900091 -0.050956821207825291 -0.0030759578104910517 -0.047235318060631859 0.019641410085152661 -0.028172039006928148 0.052259614695419676 0.014591011525754163 -0.0079088155451929095 0.051987645619043205 -0.016015986236172876 0.025933281804318475 -0.024266269198036861 -0.027831411719095308 0.033966052334075826
leaf_weight=463.5300520658493 11.479527384042738 6.0261760652065295 53.099577233195305 49.208895832300186 13.336905539035795 273.98971956968307 21.505054265260696 20.487581968307499 5.8465782701969138 7.6217543482780483 7.5847626626491538 13.143703520298006 6.1232185065746334 6.3029845952987662 10.362566918134688 18.516778588294983 27.385989978909492 8.8623008728027326 10.367569357156752 10.867197245359419 7.9685079455375645 234.20004186034203 15.213533520698551 6.854842483997345 9.8768373727798444 5.0385351926088324 6.351742595434188 4.9596378058195105 5.1566972136497489 6.2740545868873587
leaf_count=1941 40 20 217 168 52 947 86 70 22 25 26 42 20 20 35 60 107 28 35 35 25 832 47 22 33 19 21 19 19 21
internal_value=-0.000329448 0.0280506 -0.00588385 0.0094582 -0.0437434 0.0398509 -0.010795 0.00908844 0.0428891 0.0332855 0.0438396 0.0447468 0.00429434 0.00710368 -0.0253186 0.0155306 -0.0311009 0.0347763 -0.00543127 -0.00891344 -0.0146715 0.046567 -0.000108199 -0.033004 0.0321933 -0.0460241 0.0492191 -0.0482579 -0.0472924 0.0518848
internal_weight=1347.54 814.862 210.248 152.11 532.682 604.614 64.1918 42.6868 553.282 95.8191 547.435 539.85 33.9844 51.3321 16.4858 31.6605 56.2909 29.3499 39.8526 23.7482 33.5496 508.19 23.182 12.881 17.4986 58.1381 61.8347 468.49 32.5427 55.483
internal_count=5054 2858 762 526 2196 2096 236 150 1929 323 1907 1881 113 167 55 102 203 98 127 77 107 1779 72 42 58 236 210 1960 126 189
is_linear=0
shrinkage=0.05


Tree=43
num_leaves=31
num_cat=0
split_feature=39 22 20 39 14 37 5 19 24 8 37 17 40 40 24 22 38 37 26 22 24 33 1 17 1 38 34 33 22 22
split_gain=346.869 69.0256 25.285 22.1583 15.2181 14.9027 15.8596 13.2157 15.3065 9.88164 13.133 9.74941 8.82008 7.81457 3.72635 4.89525 8.7819 3.23 3.15467 4.93726 2.36949 2.31377 2.27587 3.18682 1.72481 1.22094 1.12502 0.309957 0.00641504 0.00442768
threshold=0.81996252816785853 -0.53023881980347387 1.1502077784534082 1.3766941159847048 -0.89942130176222701 0.42630364848266261 0.92389709319801616 -0.2964363649534279 -0.71933961393189338 -0.28846870423633625 1.9614217879311473 -1.5185729395847265 1.3684749796591047 0.90873148254520753 -0.23748394369127085 -0.7564949140667182 0.75594019017965419 0.4981944567945093 1.0000000180025095e-35 -0.64853201538657168 -0.86595540405981064 -0.50237894132651173 -0.36723660197993263 -0.50067323173844236 -0.52073903969763435 0.1608230905902954 -1.9793586462364707 -0.61858147928753127 -0.64069108745892178 -0.66361224482209191
decision_type=2 2 2 2 2 2 2 2 2 2 2 2 2 2 2 2 2 2 2 2 2 2 2 2 2 2 2 2 2 2
left_child=4 2 7 11 -1 -5 9 8 20 25 -11 -3 13 -10 15 17 -17 -9 -16 -20 -2 22 23 -13 -22 -7 -6 -24 -14 -4
right_child=1 3 29 5 26 6 -8 14 12 10 -12 21 28 -15 18 16 -18 -19 19 -21 24 -23 27 -25 -26 -27 -28 -29 -30 -31
leaf_value=0.070967565650680783 0.050143009973903876 0.071262541942295185 -0.043277345464332206 -0.039899404176309668 -0.009260282203510127 0.069521373640809472 -0.040656885523755106 0.054235828053287027 -0.027601202152352428 -0.041666275782138162 0.098635298127114301 0.051761684995003478 -0.044538119260011784 0.066009956123883232 0.051742993359366211 0.011932628216951409 0.094734707819183361 0.079941689126549198 0.085495620695147878 0.14233530188714325 0.11692690295798219 -0.040031097991692993 -0.04013577127721734 -0.025692721790008633 0.072541973383877009 0.10053004038478686 -0.039735254391484495 -0.014068518080123122 -0.041221619861200889 -0.040352890533616702
leaf_weight=3.1627102941274634 5.5106381773948661 2.5338870212435713 2.1136762499809265 5.5253136977553394 3.0645456761121741 4.636963874101645 4.0080320909619322 14.666688524186609 3.3899464905261976 3.9252587035298339 2.9003519415855408 2.5642119795084 2.4262803941965103 6.5121477320790291 3.6516062989830997 8.4237034022808057 5.1659679412841788 73.26044499874115 12.631742507219318 5.4770987778902027 3.8754259794950476 21.75435708835721 4.400773786008358 2.7546956092119217 5.0293941199779537 10.064760826528071 256.81955768540502 1.5392539203166942 3.6538697183132163 3.338621884584426
leaf_count=16 26 14 15 74 33 20 46 56 32 39 10 21 17 41 16 47 23 229 41 27 18 287 56 31 25 38 3662 17 37 40
internal_value=0.000969994 0.0464387 0.0643268 0.00370352 -0.0380492 0.0345548 0.0506651 0.068081 0.038553 0.0676677 0.0179509 -0.0232539 0.00485661 0.0339625 0.075362 0.0713373 0.043409 0.0756538 0.0941381 0.102687 0.0759118 -0.0305084 -0.0121087 0.0116476 0.0918585 0.0907498 -0.0393759 -0.0333809 -0.0425451 -0.0414866
internal_weight=488.782 225.735 159.127 66.6079 263.047 31.0607 25.5354 153.675 30.3977 21.5273 6.82561 35.5472 15.9822 9.90209 123.277 101.517 13.5897 87.9271 21.7604 18.1088 14.4155 33.0133 11.2589 5.31891 8.90482 14.7017 259.884 5.94003 6.08015 5.4523
internal_count=5054 1343 690 653 3711 227 153 635 196 107 49 426 127 73 439 355 70 285 84 68 69 412 125 52 43 58 3695 73 54 55
is_linear=0
shrinkage=0.05


Tree=44
num_leaves=21
num_cat=0
split_feature=20 1 20 14 40 19 14 5 31 7 20 2 19 40 36 18 39 25 22 39
split_gain=958.914 16.1952 5.23278 12.0315 4.61732 2.55014 0.95673 0.457058 0.58883 0.440041 0.195165 0.0453795 0.015171 0.00405806 0.00168821 0.00197401 0.00175051 0.00151722 0.00126156 0.000977006
threshold=-1.1880612340604182 0.5960279555514495 -1.0929481643885659 -0.10023131518824892 -0.087379427868235979 -0.38381329981791812 -0.18122372569770409 -1.1636099731736771 -0.38014471229745433 0.45926592638648195 -1.0603712108618153 -1.1394056397488213 1.0000000180025095e-35 1.1896858418925891 -1.7674477479981829 -0.40984766211118373 0.92707952421835238 0.27947024803884557 0.04451856504512227 1.5079179068285131
decision_type=2 2 2 2 2 2 2 2 2 2 2 2 2 2 2 2 2 2 2 2
left_child=1 4 3 -2 5 6 7 9 -9 -1 -4 -12 13 19 15 -14 -16 -15 -5 -13
right_child=2 -3 10 18 -6 -7 -8 8 -10 -11 11 12 14 17 16 -17 -18 -19 -20 -21
leaf_value=0.060783829727675334 0.067070009543204925 -0.018310894441239428 -0.031025460093639323 -0.044781576918519292 0.014940925275731147 0.028868434859890237 0.040844788226750084 0.062185475508280574 0.040731373091884501 0.073506023258119543 -0.049777336386549333 -0.042773980088678117 -0.044721550554995777 -0.043167045211421555 -0.043311539076520883 -0.043571033701922696 -0.043636376023539356 -0.044274378289184256 -0.043490680098430518 -0.04333991084863742
leaf_weight=366.16388356685638 3.5776071846485138 6.8481178134679785 3.3303381651639929 3.5057693570852262 5.8007823824882498 6.5234705507755271 6.1631585359573355 6.3668544590473175 6.4263224601745588 6.9254254698753348 2.5832643657922736 219.89317798614502 5.1189513355493572 73.771666787564754 169.80852628499269 13.722925201058386 54.876968696713448 3.2287674397230139 4.1131892204284668 7.9002325534820548
leaf_count=1160 12 32 19 20 20 20 20 20 20 22 12 1529 29 489 1104 87 343 19 26 51
internal_value=-0.000158337 0.0579374 -0.0424093 -0.00856773 0.0592287 0.0598733 0.0603892 0.0607013 0.0514086 0.06102 -0.043093 -0.0431659 -0.0431348 -0.0428997 -0.043429 -0.0438836 -0.0433909 -0.0432135 -0.0440847 -0.0427936
internal_weight=976.649 411.218 565.431 11.1966 404.37 398.569 392.046 385.882 12.7932 373.089 554.235 550.904 548.321 304.794 243.527 18.8419 224.685 77.0004 7.61896 227.793
internal_count=5054 1314 3740 58 1282 1262 1242 1222 40 1182 3682 3663 3651 2088 1563 116 1447 508 46 1580
is_linear=0
shrinkage=0.05


Tree=45
num_leaves=31
num_cat=0
split_feature=6 25 0 39 2 1 22 37 4 5 1 40 17 1 23 26 37 40 23 27 11 17 1 3 36 22 9 19 36 33
split_gain=667.62 62.7227 40.4501 15.3655 12.3725 10.4416 9.02069 12.2906 14.9523 6.11737 5.68116 4.35812 3.14259 2.87624 2.3829 4.78177 2.34454 6.76791 1.49615 1.05938 0.759462 10.742 0.670131 1.40289 0.65392 0.419479 0.742154 0.140095 0.0943531 0.036757
threshold=0.30844082595299677 0.30655775291638182 3.8467859583836073 0.55232073140037263 -1.1726866223518402 0.27888289787048604 -0.34584476710560591 -0.71915317631861675 -1.2441395434094749 -0.060243113281161449 -0.24416875091936355 0.014785793712629999 -0.47584274444303187 -0.23872199560826671 -0.46359478893437017 0.22526178624131896 -0.35401572701224165 0.2957401530600115 -0.23871331224201453 0.093949997226625157 -0.90480988891854508 -0.074869270288252646 0.90654859328389648 0.64506901048432297 0.020587631275039004 -0.45077268242967294 -0.22708723858988517 -0.20165037371690098 -1.6259677150638561 -0.39200231022119508
decision_type=2 2 2 2 2 2 2 2 2 2 2 2 2 2 2 2 2 2 2 2 2 2 2 2 2 2 2 2 2 2
left_child=1 2 6 4 -3 9 20 8 18 -2 -10 13 -7 -11 -6 -16 17 -9 -8 -18 21 -1 23 -14 -5 -22 -27 29 -29 -24
right_child=5 3 -4 24 14 12 7 16 10 11 -12 -13 22 -15 15 -17 19 -19 -20 -21 25 -23 27 -25 -26 26 -28 28 -30 -31
leaf_value=0.056975406310799497 0.062158390358625727 -0.043480066833388974 0.076559646088628655 -0.045635415497417023 0.075619681491024091 0.026332735713614854 -0.043958169536791852 -0.030884404017023012 -0.00040687308193353209 0.015589866394608085 0.065525107578527253 0.043070362754691165 0.043739700148223259 -0.039745006979377065 0.065548506621475475 0.0087199669977941693 -0.04255214327666107 0.044078751994234763 -0.0043531807761588871 -0.025103765138758539 -0.042390923393056779 -0.042425565561912071 0.071166579087189832 0.071638378919182635 -0.015863985758504433 -0.034524791290263639 -0.042031160095660519 0.057456360837854825 0.063419208966034396 0.065976128838507064
leaf_weight=2.9948016554117194 8.1135285198688525 3.4001017659902599 7.9250376224517813 4.3848042190074912 11.01846517622471 6.0150066614150992 9.6207236349582654 26.109727390110496 5.2358422577381125 4.6160283684730521 8.6900009363889676 5.6295719295740119 12.364081874489786 4.7803476750850669 10.48321443796158 5.7221691459417334 49.171316996216774 3.4033918231725684 3.170411646366122 10.569113545119761 256.84294100105762 29.4015112221241 6.5269676446914673 7.0899407565593711 3.1836084723472595 55.752332903444767 80.436346478760242 6.8226177394390097 240.22820560634136 7.1445812284946424
leaf_count=20 25 22 24 26 34 20 61 167 26 23 33 20 38 23 32 22 360 21 16 68 1906 215 20 22 18 414 589 21 746 22
internal_value=2.64238e-05 -0.031276 -0.0355837 0.0306822 0.0464484 0.0594794 -0.0372252 -0.0248638 0.00488723 0.0271726 0.040736 0.00828141 0.0620915 -0.0125614 0.0576799 0.0454822 -0.0337694 -0.0222398 -0.0341417 -0.0394652 -0.040595 -0.0332367 0.0628592 0.0539073 -0.0331122 -0.0412015 -0.0389582 0.0635272 0.0632545 0.0684541
internal_weight=896.847 587.516 549.323 38.1924 30.624 309.331 541.398 115.971 26.717 23.1395 13.9258 15.0259 286.191 9.39638 27.2238 16.2054 89.2535 29.5131 12.7911 59.7404 425.428 32.3963 280.176 19.454 7.56841 393.032 136.189 260.722 247.051 13.6715
internal_count=5054 4074 3920 154 110 980 3896 752 136 91 59 66 889 46 88 54 616 188 77 428 3144 235 869 60 44 2909 1003 809 767 42
is_linear=0
shrinkage=0.05


Tree=46
num_leaves=31
num_cat=0
split_feature=21 19 42 40 22 39 0 37 13 5 38 25 26 29 35 39 37 47 13 3 40 25 37 40 47 19 23 21 22 38
split_gain=604.253 117.108 38.5494 43.5865 37.5017 29.6662 23.5052 18.7009 22.6976 16.1709 44.6012 16.1166 11.1144 8.35806 6.74359 10.0905 6.73477 6.63525 5.20412 3.0814 2.98465 2.39322 3.58004 3.55446 1.68274 1.12868 0.715812 0.570109 3.21847 0.550713
threshold=-0.2419175477721858 0.3137784212548837 0.11349857424708264 0.37236406924566101 -0.7564949140667182 0.40100575111340181 3.8467859583836073 -0.011592364651285254 -0.77584552441980137 0.61289689501758726 0.67353073679541919 0.1899709929938547 0.8022240868902567 -0.50828461858635188 -1.0121528093094512 0.83551205861615807 0.4981944567945093 0.51348757431148984 0.63968252489286348 0.66704689712263099 1.5983467282160528 0.051979306459481796 -0.42478079843882238 -0.31725117642518441 0.17847200309176178 3.0139830153100884 -0.02956881633246965 -0.48474116645784837 1.332990197518827 -0.89739358450252038
decision_type=2 2 2 2 2 2 2 2 2 2 2 2 2 2 2 2 2 2 2 2 2 2 2 2 2 2 2 2 2 2
left_child=5 4 3 21 16 25 9 8 -7 10 11 -6 24 -12 15 -11 -2 29 26 -4 -16 -3 23 -23 -5 27 -18 -1 -29 -10
right_child=1 2 19 12 6 7 -8 -9 17 14 13 -13 -14 -15 20 -17 18 -19 -20 -21 -22 22 -24 -25 -26 -27 -28 28 -30 -31
leaf_value=-0.047993392259379382 0.023025629496304073 0.053809923896090656 -0.01212570350162857 -0.049889605290768968 0.041126234088953384 -0.046335638615716192 -0.052866839585797798 -0.049317536874947859 0.036350218938139923 0.051121239204130309 -0.0028722969735100888 -0.015760154184159096 0.021422986714760561 -0.063121824557803269 0.050658938579740569 0.003861118219497472 -0.056165798876212092 -0.0024963710878456473 -0.00043878774020888529 -0.045292655217717109 0.033728426312852756 0.040217887250323388 0.054395669318550666 -0.0057705304393405737 -0.019674497329750507 -0.023291591707259918 -0.033892020061188154 -0.0050490720923851325 -0.049256414845499176 0.054834832425316685
leaf_weight=416.64214138686657 8.6798696517944318 21.066782563924789 7.9716314971446982 24.544320061802868 186.54504266381264 12.850760161876677 6.8377473950386038 20.655929952859879 5.6136827766895321 23.717977046966553 10.513105839490892 13.341276586055754 8.1987077891826612 12.721766531467436 301.05213904380798 21.562093079090118 8.6992795765399915 8.8140099942684156 10.116782188415526 57.625851631164551 28.494998812675476 8.3547951281070727 10.417213916778563 8.4522494971752185 5.6730228364467612 4.8477115184068671 6.1620570272207287 5.1654341369867351 20.288369074463844 14.278097778558733
leaf_count=1836 28 76 30 100 656 52 26 86 20 87 35 45 27 41 1102 71 30 28 32 243 95 28 37 28 20 19 21 20 85 50
internal_value=-0.000300411 0.0270542 -0.0123416 0.009538 0.0364522 -0.0427836 0.039311 -0.0104345 0.00889257 0.0403651 0.0297077 0.0373294 -0.0302082 -0.0358607 0.046709 0.0286163 -0.0149155 0.0336167 -0.0281 -0.0412621 0.049195 0.0411565 0.031365 0.0170903 -0.044217 -0.0472865 -0.0469303 -0.0475496 -0.0402853 0.0496183
internal_weight=1299.9 790.749 152.305 86.7071 638.444 509.156 604.786 62.2125 41.5566 597.948 223.121 199.886 38.4161 23.2349 374.827 45.2801 33.658 28.7058 24.9781 65.5975 329.547 48.291 27.2243 16.807 30.2173 446.944 14.8613 442.096 25.4538 19.8918
internal_count=5054 2858 589 316 2269 2196 2158 236 150 2132 777 701 147 76 1355 158 111 98 83 273 1197 169 93 56 120 1960 51 1941 105 70
is_linear=0
shrinkage=0.05


Tree=47
num_leaves=31
num_cat=0
split_feature=39 22 20 39 14 37 5 8 37 25 24 40 37 47 37 24 22 22 23 24 15 23 20 1 13 37 33 29 22 25
split_gain=318.015 58.7124 22.1923 20.2839 14.0943 13.5812 14.1239 8.11097 11.9586 8.04085 12.7236 16.9076 10.4466 7.90289 6.88921 4.35435 5.17657 5.13651 3.91436 3.07205 1.52435 3.72182 1.19474 1.09919 1.07807 1.00202 0.450505 0.300439 0.0043537 0.00208575
threshold=0.81996252816785853 -0.53023881980347387 1.1502077784534082 1.3766941159847048 -0.89942130176222701 0.42630364848266261 0.92389709319801616 -0.28846870423633625 1.9614217879311473 -0.8497517383995673 -0.75013390925626211 1.4450988958447539 0.90781805711203767 -0.97314402297603919 0.6701273131671116 -0.26450564669738152 -0.64853201538657168 -0.67217241717151499 0.45528895048684542 -0.79673437196023267 1.2526901647051514 1.1166843246772238 -0.53652216352540527 -1.3207140706556288 -0.47871537133150072 1.5212860274525546 -0.85775545893948602 -0.27472999051322633 -0.66361224482209191 -1.9271320796833082
decision_type=2 2 2 2 2 2 2 2 2 2 2 2 2 2 2 2 2 2 2 2 2 2 2 2 2 2 2 2 2 2
left_child=4 2 9 13 -1 -5 7 25 -9 15 14 12 -12 -3 -11 17 -17 22 -19 -16 24 -22 -2 -6 -15 -7 -26 -13 -4 -25
right_child=1 3 28 5 23 6 -8 8 -10 10 11 27 -14 20 19 16 -18 18 -20 -21 21 -23 -24 29 26 -27 -28 -29 -30 -31
leaf_value=0.065524690347822254 0.09773756158697694 0.055401592435515637 -0.043130696198559942 -0.039777376843901535 -0.00970082845385703 0.069536159841250486 -0.040484255521581303 -0.041442657526764522 0.092822756626629102 0.029181950665526524 0.012245968239996415 -0.04369260869345086 0.077110786240957671 0.0015956059257370885 0.073335076784608905 0.078260860068453481 0.13818056447123708 0.065437187862642826 -0.013257227436484201 0.11348154833152012 0.04474783853790603 -0.040965232019521666 0.071080445483688234 -0.043170298509768446 -0.014678766653360832 0.095471088923405653 -0.03980327963876569 -0.021610951618213897 -0.040171578550130052 -0.039596601493570499
leaf_weight=3.2537971287965766 4.5533036589622489 2.9665169715881339 2.0522382035851479 5.2744996994733837 3.1127943731844416 6.6266929209232392 3.8126200959086409 3.7397619634866706 2.9798222482204437 8.200128108263014 11.248575657606127 5.3756544068455696 13.849848203361033 1.873030062764889 26.976392522454258 11.426979482173921 5.2653685584664336 3.1305282711982718 3.1908581182360649 5.7874006032943752 2.1680199578404418 3.0456855036318302 54.675666153430939 0.40897631645202537 1.9402382038533748 8.5032874047756177 22.186042852699753 2.1590880751609793 3.1523213461041442 242.47579272091389
leaf_count=16 15 22 15 74 34 31 46 39 10 38 68 43 62 14 92 35 23 24 21 23 17 34 173 3 24 27 315 18 40 3658
internal_value=0.00109683 0.0440276 0.060227 0.00396358 -0.0378568 0.0332959 0.0483151 0.0638101 0.0180978 0.063619 0.0516129 0.0283205 0.0480398 -0.0225858 0.0701684 0.0743629 0.0971617 0.0685572 0.0257145 0.0804266 -0.0299978 -0.00532309 0.0731297 -0.0392242 -0.0349459 0.084112 -0.0377828 -0.0373651 -0.0413384 -0.0396026
internal_weight=475.412 226.161 161.044 65.1162 249.251 30.9367 25.6622 21.8496 6.71958 155.84 73.5971 32.6332 25.0984 34.1795 40.9639 82.2427 16.6923 65.5504 6.32139 32.7638 31.213 5.21371 59.229 245.998 25.9993 15.13 24.1263 7.53474 5.20456 242.885
internal_count=5054 1343 690 653 3711 227 153 107 49 635 344 191 130 426 153 291 58 233 45 115 404 51 188 3695 353 58 339 61 55 3661
is_linear=0
shrinkage=0.05


Tree=48
num_leaves=19
num_cat=0
split_feature=38 19 38 34 26 10 5 12 10 6 22 4 19 12 40 24 19 19
split_gain=893.901 7.37541 2.40899 1.84759 5.05348 1.50206 0.604128 1.33011 0.240145 0.13171 0.120886 0.0183475 0.0117672 0.0110272 0.00376227 0.00184611 0.00227457 0.000679567
threshold=-1.184785962692849 -0.37214876260628277 -1.1479698628609787 0.31260912773749516 -1.2912994586147648 -1.227829546419851 -1.1636099731736771 -1.1963109105964356 -1.2050149975278766 -0.11157629028658743 -0.55170923908553771 -1.2181805996890478 1.0000000180025095e-35 -1.1211834092009336 1.1896858418925891 0.83132135526465434 3.2618303976227252 0.18593101696159134
decision_type=2 2 2 2 2 2 2 2 2 2 2 2 2 2 2 2 2 2
left_child=1 3 -2 6 -5 -4 9 -8 -7 10 -1 -12 13 -10 -15 17 -17 -14
right_child=2 -3 5 4 -6 8 7 -9 12 -11 11 -13 15 14 -16 16 -18 -19
leaf_value=0.051609373750917814 -0.0073530262636510406 0.0054780079241101174 -0.0022629230735385828 0.06690821018623784 0.01392324810936655 -0.028701552223007878 0.030920032250654594 0.061000141136796297 -0.04561716055422476 0.065632568988713488 0.058592914837357006 0.061083963273722786 -0.043004239728956728 -0.042430213937098581 -0.042844460605147072 -0.042896076261321886 -0.043963920202349648 -0.043314277950934107
leaf_weight=6.2108939886093131 4.9144051671028128 6.9379850327968589 2.3070534169673911 9.520757734775545 8.5337273180484754 3.0484480410814276 6.3062836825847617 8.8082917332649213 2.9296977072954169 6.6375381350517264 337.52304700016975 7.5573659241199485 24.903799302875996 218.27751596271992 73.190227322280407 143.80936189740896 5.1659600660204879 60.883242808282375
leaf_count=20 23 22 12 31 28 17 20 28 16 21 1099 24 170 1599 508 987 32 397
internal_value=-0.000259742 0.0565788 -0.0422 0.0574854 0.0418641 -0.0425203 0.0582414 0.0484498 -0.0426949 0.0586549 0.058523 0.0586475 -0.0427755 -0.0425649 -0.0425342 -0.0430395 -0.0429331 -0.0432243
internal_weight=937.466 398.036 539.43 391.098 18.0545 534.515 373.043 15.1146 532.208 357.929 351.291 345.08 529.16 294.397 291.468 234.762 148.975 85.787
internal_count=5054 1293 3761 1271 59 3738 1212 48 3726 1164 1143 1123 3709 2123 2107 1586 1019 567
is_linear=0
shrinkage=0.05


Tree=49
num_leaves=31
num_cat=0
split_feature=6 25 0 39 0 1 22 37 20 35 5 40 17 1 37 19 0 5 7 17 42 0 11 22 19 29 0 22 9 19
split_gain=603.692 58.6189 37.185 14.0489 11.1161 9.66021 9.03939 11.6325 13.6788 6.15185 5.36906 3.80592 2.98939 2.74068 2.34963 6.68745 1.98413 1.81154 2.45223 1.11021 0.813288 1.85876 0.782467 10.9378 0.659319 0.651238 0.525536 0.444185 0.767165 0.117934
threshold=0.30844082595299677 0.30655775291638182 3.8467859583836073 0.55232073140037263 -1.184790698480179 0.27888289787048604 -0.34584476710560591 -0.71915317631861675 -1.2497247532360534 -0.033175010922682997 -0.060243113281161449 0.014785793712629999 -0.47584274444303187 -0.23872199560826671 -0.35401572701224165 -0.33806832967044559 -1.2888164430547155 0.34471125566888083 -0.702075790594345 -0.74939925729975498 0.79923017564888577 0.40947814122785725 -0.90480988891854508 -0.5015181659037441 0.99034865588111787 -0.10772888871463802 -0.39122287558300223 -0.45077268242967294 -0.22708723858988517 -0.20165037371690098
decision_type=2 2 2 2 2 2 2 2 2 2 2 2 2 2 2 2 2 2 2 2 2 2 2 2 2 2 2 2 2 2
left_child=1 2 6 4 -3 10 22 8 16 -10 -2 13 -7 -12 15 -9 -8 24 -19 -16 21 26 23 -1 -6 -5 -14 -24 -29 -22
right_child=5 3 -4 25 17 12 7 14 9 -11 11 -13 20 -15 19 -17 -18 18 -20 -21 29 -23 27 -25 -26 -27 -28 28 -30 -31
leaf_value=0.059879130535601871 0.058422242047228116 -0.043098541354789577 0.07263074944790697 -0.045058322582574847 0.079647780211142979 0.024466746123936317 -0.043672058374144299 0.034765630193636023 0.00023928819117051013 0.072318807256959439 0.015382599227603239 0.040109948579384026 0.049681748156514105 -0.039092581397558127 -0.018588075904636413 -0.031792019788355531 -0.0049680662990879837 0.064091483582280825 0.021674152813086184 -0.041365737622782034 0.06549790890050626 0.027950994236686989 -0.042071935459680548 -0.042104738903541723 0.057495483024936705 -0.014894131334265606 0.068659531763830384 -0.033831057183058857 -0.041661020742393876 0.060689238545488994
leaf_weight=2.901262283325198 8.1230324804782885 3.2340881973505047 7.8968783617019644 4.2904693186283112 6.3745447546243685 5.994650959968566 8.6441612839698774 4.4729120880365398 4.9459133148193359 7.3731678128242475 4.6092471182346335 5.6793145239353171 6.4658116698265085 4.6262893974781027 5.9801935553550711 24.153989873826504 5.3673776984214809 6.5810854434967059 7.0654194355010951 50.737208783626556 13.466467171907423 6.2879950404167166 243.43459838628769 28.025940679013729 7.1001604497432709 3.069498434662818 8.3706500232219696 53.085257329046726 76.16988006234169 239.8322157561779
leaf_count=19 25 22 24 27 20 20 58 30 24 27 23 20 20 23 40 158 27 20 26 388 42 20 1906 216 22 17 26 414 589 761
internal_value=2.85031e-05 -0.0307065 -0.0350464 0.029496 0.0445224 0.0568388 -0.0366965 -0.0241067 0.00494589 0.04338 0.0257147 0.00790123 0.0593958 -0.0119053 -0.0330701 -0.0213925 -0.0288458 0.0549708 0.0421301 -0.0389641 0.0601588 0.0507333 -0.04018 -0.0325377 0.0679752 -0.0324782 0.0603889 -0.0408141 -0.0384452 0.0609449
internal_weight=864.36 560.904 523.189 37.7153 30.3553 303.456 515.292 111.675 26.3306 12.3191 23.0379 14.9149 280.418 9.23554 85.3443 28.6269 14.0115 27.1212 13.6465 56.7174 274.423 21.1245 403.617 30.9272 13.4747 7.35997 14.8365 372.69 129.255 253.299
internal_count=5054 4074 3920 154 110 980 3896 752 136 51 91 66 889 46 616 188 85 88 46 428 869 66 3144 235 42 44 46 2909 1003 803
is_linear=0
shrinkage=0.05


Tree=50
num_leaves=31
num_cat=0
split_feature=21 9 22 39 2 13 38 25 24 6 20 40 40 41 26 25 42 38 37 8 1 42 37 22 39 32 31 41 1 21
split_gain=549.991 99.3267 111.156 27.8998 27.166 18.2282 32.4417 21.1684 17.4161 15.4524 15.032 7.06959 6.60234 10.2449 5.46587 6.55113 4.06726 2.19874 1.79479 1.7883 1.62846 1.02499 0.95995 7.32582 0.874927 0.232045 0.0300111 0.0173151 0.0221006 0.0304375
threshold=-0.2419175477721858 0.6279740506999113 -0.7564949140667182 0.40100575111340181 2.9633395865414327 0.6803893558659605 0.72889658798430712 0.31820076278111276 -0.6522040873115077 -0.073569092808141237 0.53386345235354504 0.65331842859304257 1.2152271472878053 1.0782150706355909 0.56836045553435077 -0.6357010584108741 -1.0000000180025095e-35 0.95063653378746749 -0.011592364651285254 -0.80935344723523173 1.2641949932054872 -0.21816002884225524 -0.73486658700878771 1.2835630743142767 1.5743822279212591 0.70686360834474593 0.99183467922288793 -1.2472061452249008 0.90654859328389648 -1.0092758048656303
decision_type=2 2 2 2 2 2 2 2 2 2 2 2 2 2 2 2 2 2 2 2 2 2 2 2 2 2 2 2 2 2
left_child=3 2 11 22 5 6 7 -4 18 21 -8 -2 19 -14 24 17 -11 -16 -5 -7 -3 -10 27 -24 25 -13 -22 -1 29 -29
right_child=1 20 4 8 -6 12 10 -9 9 16 -12 14 13 -15 15 -17 -18 -19 -20 -21 26 -23 23 -25 -26 -27 -28 28 -30 -31
leaf_value=-0.046871363044679801 0.018949399038767065 -0.02352909065221527 0.039111748265221333 -0.019993248357689855 -0.054669518099448172 0.030185052609495666 -0.073936762722505892 -0.0075344421730978066 0.053492682832805227 0.0051832138258174265 0.0051706666045827606 -0.050930780037655846 0.010571903551379901 0.049573440910467809 -0.015724897585269518 0.022804732642461308 -0.046350505092693117 -0.053131907951965589 -0.04848572407981043 0.049809441256912966 -0.051534666524742159 0.027938731947465118 0.013923132478725418 -0.047936279353241608 -0.02726178619544041 -0.038967129685414451 -0.047341689194587006 -0.047961535143420754 -0.047122855033652336 -0.051800665323933959
leaf_weight=231.98815894126892 6.7648767530918112 8.327068552374838 227.47213622927666 7.8117605447769192 7.9515250921249381 12.108945250511168 9.7308507859706896 27.2337426841259 12.313700586557387 7.0561018884181985 15.684277489781378 29.038270488381386 31.100345313549042 36.715318977832794 8.0387149304151553 7.4936356097459784 8.3710320442914927 7.6826355308294287 18.897846266627312 281.07147635519505 4.866662085056304 5.7596343606710461 5.6123479157686225 32.511366799473763 5.2184525281190863 4.7105619460344306 34.664289459586143 47.477759793400764 102.18055088818073 5.7926857769489279
leaf_count=1088 23 32 820 32 30 44 32 94 45 23 55 117 103 132 29 25 33 29 82 1075 20 21 21 145 20 20 158 211 472 23
internal_value=-0.00027605 0.0261204 0.0307691 -0.0418929 0.0371809 0.0383201 0.0287493 0.0341242 -0.0100361 0.0139754 -0.0251177 -0.029592 0.0457468 0.0316873 -0.0348729 -0.0156671 -0.0227799 -0.0340048 -0.0401525 0.0489989 -0.0436248 0.0453491 -0.0464001 -0.0388297 -0.0463148 -0.0492609 -0.0478579 -0.047145 -0.0475533 -0.048379
internal_weight=1251.65 765.874 718.016 485.773 649.069 641.117 280.121 254.706 60.2101 33.5005 25.4151 68.9471 360.996 67.8157 62.1823 23.215 15.4271 15.7214 26.7096 293.18 47.858 18.0733 425.563 38.1237 38.9673 33.7488 39.531 387.439 155.451 53.2704
internal_count=5054 2858 2648 2196 2385 2355 1001 914 236 122 87 263 1354 235 240 83 56 58 114 1119 210 66 1960 166 157 137 178 1794 706 234
is_linear=0
shrinkage=0.05


Tree=51
num_leaves=31
num_cat=0
split_feature=39 22 39 19 14 37 13 24 17 40 8 38 39 39 0 24 47 22 24 40 31 17 34 38 23 35 23 22 39 26
split_gain=291.743 50.4787 18.3869 14.2093 13.2544 12.269 12.3824 9.77721 8.783 7.88433 7.30632 11.1091 6.32647 4.16337 3.99744 3.44111 3.2957 2.7058 4.59304 2.02191 1.51022 2.85133 1.18942 1.14808 1.10077 1.08714 0.591215 0.00670208 0.000817697 0.000680229
threshold=0.81996252816785853 -0.53023881980347387 1.3766941159847048 -0.2964363649534279 -0.89942130176222701 0.42630364848266261 0.93087007491939822 -0.76430773612262892 -1.5185729395847265 1.3684749796591047 -0.28846870423633625 0.86036081174780443 1.2418320873897131 1.2254093300896811 0.85530276083301293 -0.61033646934615648 -0.030164926306235528 -0.83090017290929874 -0.26450564669738152 1.3173923688686717 -0.83834634107669281 -0.62259071825244405 -1.9793586462364707 0.1608230905902954 -0.88767399224253329 -1.0456794462405055 0.14299046272449814 -0.64853201538657168 0.79342536954376908 1.2806084264739834
decision_type=2 2 2 2 2 2 2 2 2 2 2 2 2 2 2 2 2 2 2 2 2 2 2 2 2 2 2 2 2 2
left_child=4 3 8 7 -1 -4 10 13 -3 12 23 -12 15 -2 16 -9 17 26 -19 -15 21 -10 -6 -7 -22 -26 -5 -11 -24 -8
right_child=1 2 5 14 22 6 29 9 20 27 11 -13 -14 19 -16 -17 -18 18 -20 -21 24 -23 28 -25 25 -27 -28 -29 -30 -31
leaf_value=0.061708120231175036 0.0022532117608978024 0.065695539643867013 -0.039653658485406452 0.065218875888161568 -0.0072515156117390015 0.058766573524259451 -0.041036584861693988 0.038418537508022654 -0.039954824110696077 -0.044088063653904719 -0.041410687585750748 0.087430544111547076 0.065195187193299822 0.042839055459662094 0.026005368845965555 -0.040815481932024958 0.10166436630248102 0.040565549405539657 0.078306419733896349 0.083120545054445827 0.0048002626774334718 0.051269963071050806 -0.039468373392948619 0.088196516177145107 -0.0057519269590784981 -0.039774624963450154 0.073866076248831167 -0.04072407213266252 -0.040453443760581277 -0.039647590283012742
leaf_weight=3.3086600154638282 2.9484301134943989 2.6331050768494597 5.0111198686063316 39.002400770783424 2.8994318656623355 4.8386940062046113 1.5535149574279778 2.2645994052290925 1.8802982121706011 2.3122233897447586 3.7196645885705939 3.0407484173774719 5.5983554944396019 4.9992391914129248 6.473038922995328 3.4699516817927369 6.2594671919941893 24.242959521710873 12.077696673572062 8.2663717716932279 1.7507276907563234 1.5732682533562208 227.53536290302873 10.515807673335074 2.6227659098804059 22.40802818164229 40.079076513648033 4.116668675094842 2.1263630986213675 2.0374832078814507
leaf_count=16 25 14 74 122 33 20 16 17 25 17 40 10 31 22 35 38 26 103 48 37 18 15 3634 37 27 327 122 47 28 30
internal_value=0.00122275 0.0418604 0.00410402 0.0566697 -0.037662 0.0319168 0.0458688 0.0279223 -0.0218885 0.00229547 0.0598524 0.0165405 0.0273858 0.0559954 0.0642923 -0.00952562 0.0663293 0.0644127 0.0531155 0.0679402 -0.029516 0.00160252 -0.0390757 0.0789222 -0.0335288 -0.0362097 0.0696013 -0.041934 -0.0394775 -0.0402485
internal_weight=461.566 225.696 63.5852 162.11 235.87 30.717 25.7059 33.9758 32.8682 17.7618 22.1149 6.76041 11.3329 16.214 128.135 5.73455 121.662 115.402 36.3207 13.2656 30.2351 3.45357 232.561 15.3545 26.7815 25.0308 79.0815 6.42889 229.662 3.591
internal_count=5054 1343 653 690 3711 227 153 234 426 150 107 50 86 84 456 55 421 395 151 59 412 40 3695 57 372 354 244 64 3662 46
is_linear=0
shrinkage=0.05


Tree=52
num_leaves=21
num_cat=0
split_feature=20 42 20 28 40 19 4 33 7 36 20 0 19 40 1 37 22 13 25 17
split_gain=799.387 14.8238 4.95855 10.938 4.34194 2.39912 0.771524 1.68499 0.296967 0.22757 0.211654 0.0473239 0.0116848 0.00375706 0.00189389 0.00345343 0.00169414 0.00148358 0.00133073 0.000158369
threshold=-1.1880612340604182 0.37266061967312858 -1.0929481643885659 -1.1400853503964161 -0.087379427868235979 -0.38381329981791812 -1.2111008877652949 -0.31165920333308944 0.45926592638648195 0.72528512574632253 -1.0603712108618153 -1.178846370218777 1.0000000180025095e-35 1.1896858418925891 1.1995279153136451 -0.65107736522906023 0.04451856504512227 0.67236684173257666 0.27947024803884557 -0.1761758483449232
decision_type=2 2 2 2 2 2 2 2 2 2 2 2 2 2 2 2 2 2 2 2
left_child=1 4 3 16 5 6 8 -8 9 -1 -4 -12 13 17 15 -14 -2 -13 -15 -16
right_child=2 -3 10 -5 -6 -7 7 -9 -10 -11 11 12 14 18 19 -17 -18 -19 -20 -21
leaf_value=0.056625160844038347 -0.044250020878947333 -0.015340906917089614 -0.029286132815680856 0.065415384247409641 0.011399975669355918 0.025516158905569103 0.057859578541310491 0.026660458916055951 0.066561483922140938 0.048486979513317582 -0.050527814122197416 -0.042246706141615249 -0.043346307355107666 -0.042459485250929095 -0.042872337139728454 -0.042678187536625001 -0.042692983683999652 -0.041970742878564726 -0.043542140336561147 -0.042496510876958549
leaf_weight=335.04932501912117 3.4344697445631027 7.6571557819843283 3.0788696259260169 3.4433242082595807 5.6458778530359259 6.5228819549083701 11.521029859781267 6.9312386512756339 7.3680669069290152 8.8161748051643354 1.8004746884107579 80.631140731275082 23.85178529471159 66.608695484697819 2.8920356407761565 102.27410740405321 3.5556018352508545 122.98810715228319 2.9645643755793563 91.13943512737751
leaf_count=1125 21 36 19 12 20 20 38 22 24 29 8 610 159 489 20 729 25 970 19 659
internal_value=-0.000363222 0.053541 -0.0416407 -0.00752662 0.0549223 0.0555754 0.0561058 0.0461402 0.0566293 0.0564165 -0.0423551 -0.0424364 -0.0424068 -0.0421884 -0.0426779 -0.0428045 -0.043458 -0.04208 -0.0425056 -0.0425081
internal_weight=898.174 389.512 508.663 10.4334 381.855 376.209 369.686 18.4523 351.234 343.865 498.229 495.15 493.35 273.193 220.157 126.126 6.99007 203.619 69.5733 94.0315
internal_count=5054 1314 3740 58 1278 1258 1238 60 1178 1154 3682 3663 3655 2088 1567 888 46 1580 508 679
is_linear=0
shrinkage=0.05


Tree=53
num_leaves=31
num_cat=0
split_feature=6 25 0 42 22 37 38 11 38 17 25 0 0 24 38 31 17 19 8 11 15 22 40 22 24 25 36 29 14 16
split_gain=546.738 54.8145 33.937 9.25299 9.05742 11.0051 15.6469 9.04993 6.71563 6.46503 5.91017 4.23668 3.31182 3.16269 2.98066 1.86276 1.81841 0.966825 0.808884 0.803621 13.5048 0.538577 0.490982 0.468277 0.882632 0.0824016 0.0827443 0.0374716 0.0186435 0.0106753
threshold=0.30844082595299677 0.30655775291638182 3.8467859583836073 0.79923017564888577 -0.34584476710560591 -0.71915317631861675 -1.2147959002480748 -0.3894625705596621 0.14630452852654693 -0.26376614703732415 0.11290132724361722 0.42077236492452114 1.1828352480362676 2.1727112530284889 0.26483696430407672 -0.23325819412601448 0.17946620725695758 0.99034865588111787 1.7133984761380205 -0.90480988891854508 -0.6852348250562541 -0.11452688273997406 0.3979053746408775 -0.45077268242967294 -0.2560049039591869 -0.25590225939637407 -1.5504031822005706 -0.19582272092670075 -0.22591803948783826 0.81057061420921384
decision_type=2 2 2 2 2 2 2 2 2 2 2 2 2 2 2 2 2 2 2 2 2 2 2 2 2 2 2 2 2 2
left_child=1 2 4 9 19 6 28 15 16 -2 -8 17 -13 14 -7 -3 -9 -11 -19 20 -1 -5 -18 -21 -25 -23 -27 -28 -6 -29
right_child=3 7 -4 21 5 13 10 8 -10 11 -12 12 -14 -15 -16 -17 22 18 -20 23 -22 25 -24 24 -26 26 27 29 -30 -31
leaf_value=-0.041830570751775951 -0.018573001183794784 -0.042975670026356917 0.068740995260172008 0.043984406458251683 -0.042441509514767092 -0.019644666540006041 0.0065622735984828809 0.034714019535898158 -0.01044364329347767 0.038050023152161799 0.067579766891166293 -0.00087101205666549478 0.051795337891516004 0.0075922243391783502 -0.041183735386544774 0.0080373208409898807 0.050500945276390798 0.067497483414165504 0.045928087522176031 -0.041770523007367215 0.082821160095934654 0.063246965446518491 0.069381136179295477 -0.039886555717916515 -0.028673621838477388 0.053626657369861587 0.061927338379340884 0.060413878963053148 -0.047110065042224702 0.058414139956066161
leaf_weight=27.145639583468441 5.2507628649473181 4.231049969792366 7.8308443725109091 6.4705870002508155 6.9393563866615295 22.837196707725525 8.2620387524366361 9.6740572601556831 5.3027845770120612 8.3855132162570971 7.6367238312959662 8.6276520490646345 4.5640283748507491 4.6679306477308264 54.139555372297764 3.1011216938495627 5.3961742222309104 10.555393993854524 7.3895418345928183 230.44113472104073 2.3619237616658202 9.1776203215122205 9.5155801773071271 101.41326086968184 21.22292573004961 8.6795380413532239 8.1621662676334363 6.8904707431793204 3.0910054445266741 212.25280374288559
leaf_count=220 22 30 24 21 51 154 39 34 25 27 29 39 17 26 436 16 20 33 23 1906 15 29 29 833 170 28 26 22 17 693
internal_value=1.90632e-05 -0.0301512 -0.0345258 0.0544965 -0.0361756 -0.0233578 0.00502028 0.028378 0.0405893 0.0335533 0.0358711 0.0404786 0.0173504 -0.0323702 -0.0347936 -0.0213999 0.0515964 0.0520659 0.0586154 -0.0397797 -0.0318529 0.0582229 0.0625489 -0.0404422 -0.0379461 0.0585987 0.058418 0.0586009 -0.0438802 0.058477
internal_weight=831.616 535.21 497.99 296.406 490.159 107.574 25.9291 37.2208 29.8886 44.7729 15.8988 39.5221 13.1917 81.6447 76.9768 7.33217 24.5858 26.3304 17.9449 382.585 29.5076 251.633 14.9118 353.077 122.636 245.163 235.985 227.305 10.0304 219.143
internal_count=5054 4074 3920 980 3896 752 136 154 108 161 68 139 56 616 590 46 83 83 56 3144 235 819 49 2909 1003 798 769 741 68 715
is_linear=0
shrinkage=0.05


Tree=54
num_leaves=31
num_cat=0
split_feature=21 19 42 22 39 39 25 37 13 37 21 38 0 25 19 28 19 3 40 39 6 37 40 22 18 34 38 11 16 19
split_gain=500.998 95.2879 40.5078 44 26.3469 20.0274 16.5947 16.2357 19.6738 15.2829 18.6248 34.5533 14.1788 13.6922 11.8135 9.08494 7.17229 7.13599 6.90529 6.283 5.16571 5.14405 16.3962 4.3199 3.23696 1.89219 1.69974 1.34629 1.32566 1.13909
threshold=-0.2419175477721858 0.070453442351610954 0.57224671896782431 -0.43651181198543804 0.40100575111340181 0.92707952421835238 0.43740017677329873 -0.011592364651285254 -0.86052761804996714 0.088430139366322907 0.43490134049592016 0.18310683194691427 3.8467859583836073 0.27947024803884557 -0.29191753454499231 0.30704100260063016 0.34385128038555252 0.92239650398035333 0.34682276385044453 1.3883919161620708 -0.91447023937547989 -0.25442319194386703 0.42344668003609398 -0.63274813424951015 0.66505105367954787 2.2314658687389586 -0.56077298421834754 -0.89930928398939713 1.9697145378906644 3.0139830153100884
decision_type=2 2 2 2 2 2 2 2 2 2 2 2 2 2 2 2 2 2 2 2 2 2 2 2 2 2 2 2 2 2
left_child=4 5 3 16 29 6 20 8 -6 -7 11 23 14 28 -12 -15 19 26 -17 24 -2 22 -22 -11 -3 -4 -10 -23 -5 -1
right_child=1 2 25 13 7 9 -8 -9 17 10 12 -13 -14 15 -16 18 -18 -19 -20 -21 21 27 -24 -25 -26 -27 -28 -29 -30 -31
leaf_value=-0.045880420923305104 0.0092604187050158646 -0.058836650054503475 -0.046302348539758453 0.04798270768503779 -0.048422514402679112 0.052439113486826477 -0.04245452398362539 -0.047677729650419137 0.028941097846917285 0.0014980955434518307 0.040459372650391241 -0.063103570068209824 -0.049401905951597713 -0.044421429084297907 0.0099144949283154604 0.042087782440482391 -0.044398038084666913 -0.019189025976924446 -0.010845069581211756 0.021380885120003728 0.041769430786439327 0.02405924233028045 -0.049789983405008828 0.053683060429727938 -0.0074770370397853466 -0.012741744638308863 0.056309558365754256 0.049186646606197149 0.025992456527082652 -0.020717516890762695
leaf_weight=399.93870313465595 9.8145253062248212 5.6945581436157244 46.398944497108459 48.669554725289345 10.921952337026594 38.758945524692535 5.5174268782138816 18.961518630385399 10.957116484642031 6.082519710063937 85.879147827625275 18.05452261865139 5.9899639040231696 7.4265373498201361 50.13480806350708 13.869709953665735 28.977161437273026 5.7619711756706229 11.085947483777998 10.548979982733725 39.624348968267441 5.4393709152936927 5.5779579132795325 11.395382791757582 6.6509079337120056 4.6179599463939658 11.764004275202753 266.82110801339149 7.9767277836799613 4.5486938655376425
leaf_count=1941 35 20 217 181 48 145 20 86 39 21 318 61 25 27 166 49 126 20 37 35 153 21 20 41 22 19 43 1070 29 19
internal_value=-0.000253817 0.0252386 -0.00508933 0.00873308 -0.0410659 0.0358388 0.0435371 -0.00966204 0.00863092 0.023994 0.017784 -0.014591 0.0258849 0.0300606 0.0292005 0.00412634 -0.0278719 0.0305083 0.0185736 -0.00695502 0.0449868 0.0460913 0.030471 0.0355221 -0.0311675 -0.0432645 0.0431113 0.0486846 0.0448861 -0.0455974
internal_weight=1203.86 741.007 191.917 140.9 462.854 549.09 332.795 58.3666 39.405 216.295 177.536 35.5324 142.004 89.0285 136.014 32.3822 51.8716 28.4831 24.9557 22.8944 327.277 317.463 45.2023 17.4779 12.3455 51.0169 22.7211 272.26 56.6463 404.487
internal_count=5054 2858 762 526 2196 2096 1319 236 150 777 632 123 509 323 484 113 203 102 86 77 1299 1264 173 62 42 236 82 1091 210 1960
is_linear=0
shrinkage=0.05


Tree=55
num_leaves=31
num_cat=0
split_feature=22 40 20 10 40 38 16 25 19 24 0 40 40 40 4 22 29 37 13 37 2 25 47 40 14 38 22 22 4 40
split_gain=235.973 50.9564 21.266 19.0528 15.2759 11.8901 13.3937 9.68084 9.43523 8.14733 5.64721 5.35588 7.5772 4.58221 6.71344 3.93817 8.66706 3.5745 4.15532 8.2963 2.96779 2.78448 1.73014 1.22655 0.623587 0.335929 0.00579874 0.00446764 0.00406196 0.00108811
threshold=-0.56856164938500842 1.2152271472878053 1.1502077784534082 0.94623146884826215 0.040327099107846501 0.72889658798430712 -0.48926396628725322 -1.4963929276914476 -0.2964363649534279 -0.76861074759179016 0.80061494082811391 1.3684749796591047 0.90873148254520753 1.291851063473455 -0.31256744944232712 -0.53023881980347387 -0.18696595946424088 -0.084679268403727026 0.41237795778031328 0.83282756355708043 0.31774836116376987 -0.8497517383995673 -0.87742528834183253 0.78102495556912499 -0.7532544032638322 0.68542939425134486 -0.7564949140667182 -0.64069108745892178 1.0989501153559005 0.90873148254520753
decision_type=2 2 2 2 2 2 2 2 2 2 2 2 2 2 2 2 2 2 2 2 2 2 2 2 2 2 2 2 2 2
left_child=2 7 4 5 -1 6 20 10 9 13 -2 12 -11 14 -6 16 22 -10 23 -20 -3 -8 -9 -19 -17 -23 -4 -13 -5 -24
right_child=1 3 26 28 8 -7 21 15 17 11 -12 27 -14 -15 -16 24 -18 18 19 -21 -22 25 29 -25 -26 -27 -28 -29 -30 -31
leaf_value=-0.039353367205559042 0.069164199551004238 0.071288768891298385 -0.043628647097642484 -0.042301209647938237 0.090874562972182105 0.08330144849027693 0.016455523606322436 0.015210351065109831 0.024230501169935678 -0.02929612880374895 -0.039421440142710241 -0.043816426804109167 0.05985658392381691 0.079370904955696528 -0.018056177471763656 -0.0064036151258985655 0.088528115908950558 0.085801492147139835 0.018069142994455129 0.062935097290999956 0.018057892381324322 -0.040285147115808093 -0.039322613554682612 0.067505251031719088 -0.039369958489822061 -0.015613017978023773 -0.039991496591721735 -0.04071288700545353 -0.039672793501537622 -0.040761881418707853
leaf_weight=4.4775574989616862 3.4047184586524954 8.9921331256628019 1.3984346985816953 1.8073815703392009 2.2427974045276633 10.605397351086138 3.9448033496737436 1.7901652418076981 6.5871147960424414 4.0680744498968107 1.8468843996524809 2.1791494116187096 5.7547709308564663 8.2728068530559522 3.8296275399625337 1.4440395832061756 1.9040927849709977 10.996131330728529 13.610112860798834 42.411836955696344 3.6941895335912696 6.2577369585633331 5.5502487793564788 54.860662378370762 216.77816454321146 1.7698769047856329 5.0645963177084914 2.4784273020923129 7.8719769418239594 1.7202048934996126
leaf_count=76 25 37 10 15 7 34 31 24 36 49 31 17 33 30 40 18 20 37 63 149 33 80 96 171 3637 16 71 29 118 21
internal_value=0.00137606 -0.0267951 0.0481597 0.0219747 0.051713 0.0390306 0.0199902 -0.0361446 0.0543054 0.0284531 0.0309768 0.0019955 0.0229345 0.0551601 0.0221764 -0.0376826 -0.00844293 0.0601062 0.0620451 0.0520352 0.0557882 -0.0179423 -0.0288214 0.0705602 -0.0391518 -0.0348456 -0.0407785 -0.0421649 -0.0401636 -0.0396631
internal_weight=447.614 279.382 168.232 44.9435 161.769 35.2641 24.6587 234.439 157.292 28.8257 5.2516 14.4804 9.82285 14.3452 6.07242 229.187 10.9647 128.466 121.879 56.0219 12.6863 11.9724 9.06062 65.8568 218.222 8.02761 6.46303 4.65758 9.67936 7.27045
internal_count=5054 4236 818 364 737 231 197 3872 661 205 56 128 82 77 47 3816 161 456 420 212 70 127 141 208 3655 96 81 46 133 117
is_linear=0
shrinkage=0.05


Tree=56
num_leaves=19
num_cat=0
split_feature=38 19 38 34 26 10 5 12 39 14 38 20 19 40 19 24 13 25
split_gain=747.64 6.70096 2.39996 1.91365 4.60887 1.45883 0.638446 1.31379 0.128872 0.106871 0.0181117 0.0114197 0.0103143 0.00293162 0.0015837 0.00128765 0.00128296 0.0012516
threshold=-1.184785962692849 -0.37214876260628277 -1.1479698628609787 0.31260912773749516 -1.2912994586147648 -1.2050149975278766 -1.1636099731736771 -1.1963109105964356 0.29966909824434945 -0.19884988757438041 -1.2076217502336177 -1.1586838027550448 -0.13995328789842845 1.1896858418925891 4.0772924754326292 0.53650529478440689 0.67236684173257666 0.27947024803884557
decision_type=2 2 2 2 2 2 2 2 2 2 2 2 2 2 2 2 2 2
left_child=1 3 -2 6 -5 -4 8 -8 9 10 -1 -7 13 16 15 -14 -13 -15
right_child=2 -3 5 4 -6 11 7 -9 -10 -11 -12 12 14 17 -16 -17 -18 -19
leaf_value=0.054719451457798524 -0.0061422818780858361 0.0038071879360059794 -0.01507754388934706 0.061840963443590559 0.01046597711922604 -0.046415833597527018 0.026302710074882715 0.05690355748928954 0.047442067419789916 0.061518134706753928 0.056543219824414417 -0.041912092996476219 -0.042432734898725899 -0.042103255517560847 -0.04339252004163547 -0.042198113501612927 -0.041629783700493514 -0.043209522071111409
leaf_weight=309.30380070209503 4.7622988224029532 6.8997667431831351 5.0487363785505286 9.1794201135635394 8.3242482095956785 1.5257322937250126 6.0518332719802848 8.3428734242916089 5.8597949147224417 6.0295641720294944 14.239900201559065 64.792962171137333 96.950621552765369 51.815920352935791 3.3085610866546622 147.37157861888409 106.21823455393314 2.6894341930747023
leaf_count=1076 23 22 29 31 28 8 20 28 20 20 48 519 719 403 22 1128 892 18
internal_value=-0.000458493 0.0526252 -0.0414621 0.0535422 0.0374085 -0.0418127 0.0543495 0.0440383 0.054792 0.0549226 0.0547997 -0.0420971 -0.0420831 -0.0418385 -0.0423059 -0.0422912 -0.0417367 -0.0421578
internal_weight=858.715 374.231 484.484 367.331 17.5037 479.722 349.828 14.3947 335.433 329.573 323.544 474.673 473.147 225.517 247.631 244.322 171.011 54.5054
internal_count=5054 1293 3761 1271 59 3738 1212 48 1164 1144 1124 3709 3701 1832 1869 1847 1411 421
is_linear=0
shrinkage=0.05


Tree=57
num_leaves=31
num_cat=0
split_feature=6 25 0 39 22 37 38 2 42 17 25 33 24 38 24 23 38 8 28 11 23 29 22 22 24 38 25 29 14 16
split_gain=496.539 50.7418 31.157 12.3356 9.05198 10.3651 14.2892 8.99675 8.76938 5.88713 5.29736 5.01466 3.10876 3.01604 2.97798 2.15162 4.34199 1.13259 2.1042 0.833068 13.3244 0.618431 0.543925 0.497238 0.912885 0.0737702 0.0686486 0.0342168 0.0162877 0.00803765
threshold=0.30844082595299677 0.30655775291638182 3.8467859583836073 0.55232073140037263 -0.34584476710560591 -0.71915317631861675 -1.2147959002480748 -1.1726866223518402 0.79923017564888577 -0.26376614703732415 0.11290132724361722 2.4249081134300376 2.1727112530284889 0.26483696430407672 0.58936442678402667 -0.46359478893437017 -0.01930417240037002 2.0737185950565951 -0.078407161933125621 -0.90480988891854508 -0.48222092701529873 -0.10772888871463802 -0.11452688273997406 -0.45077268242967294 -0.2560049039591869 1.1983508906244627 -0.25590225939637407 -0.19582272092670075 -0.22591803948783826 0.81057061420921384
decision_type=2 2 2 2 2 2 2 2 2 2 2 2 2 2 2 2 2 2 2 2 2 2 2 2 2 2 2 2 2 2
left_child=1 2 4 7 19 6 28 -3 9 -2 -8 14 13 -7 -11 -9 -17 18 -16 20 -1 -5 -10 -21 -25 26 -24 -28 -6 -29
right_child=8 3 -4 21 5 12 10 15 22 11 -12 -13 -14 -15 17 16 -18 -19 -20 23 -22 -23 25 24 -26 -27 27 29 -30 -31
leaf_value=-0.04152626048364999 -0.018157535073583933 -0.042371027589636068 0.065636981277183246 -0.044777719060320881 -0.042096399610706076 -0.018768356824766835 0.0060360963293048563 0.067406357198169481 0.041775218392557628 0.0069791710684923864 0.063607404187177558 -0.0030702216526702197 0.008084465651344911 -0.040841956141996837 0.0598471300159584 0.062834254648933788 0.010336549283866884 0.070380141206462035 0.028755858180723244 -0.041492730073763889 0.082838346889923253 -0.015031641389668643 0.06111003805302663 -0.039482294684612812 -0.027809665213445758 0.052465099254010397 0.059790303131062331 0.058154448204416447 -0.04656684892499513 0.056394649321013027
leaf_weight=25.73764502257109 5.1707141399383536 2.9051533639431026 7.7164209485054007 4.080063208937645 6.5576851367950439 22.170092612504959 8.2570818066596967 10.873242065310482 6.3918112963438025 4.2012026607990256 7.7420865744352332 6.0913861840963355 4.6259015202522269 51.24374283850193 12.850678145885469 8.5049852728843707 7.3359137177467284 6.514753356575965 9.4390923455357569 217.99030532687902 2.3504388257861129 3.056122660636901 8.6649488806724531 95.842919200658798 20.297459162771702 10.533597826957701 7.9594593346118918 6.7017150521278372 2.9559037238359469 203.92959734797478
leaf_count=221 22 22 24 27 51 154 39 34 21 14 29 25 26 436 41 27 27 24 35 1906 14 17 28 833 170 35 26 22 17 687
internal_value=2.29766e-05 -0.0296187 -0.0340118 0.0269736 -0.0356627 -0.0226262 0.00504032 0.0411915 0.0524568 0.0319814 0.0338952 0.0386124 -0.031671 -0.034176 0.0463052 0.0502789 0.0385226 0.0520409 0.0466808 -0.0393896 -0.0311193 -0.0320387 0.0561688 -0.0400848 -0.0374423 0.0565557 0.0567453 0.0565722 -0.0434854 0.0564506
internal_weight=798.692 510.243 473.488 36.7555 465.771 103.552 25.5128 29.6193 288.449 44.2678 15.9992 39.0971 78.0397 73.4138 33.0057 26.7141 15.8409 28.8045 22.2898 362.219 28.0881 7.13619 244.181 334.131 116.14 237.789 227.256 218.591 9.51359 210.631
internal_count=5054 4074 3920 154 3896 752 136 110 980 161 68 139 616 590 114 88 54 100 76 3144 235 44 819 2909 1003 798 763 735 68 709
is_linear=0
shrinkage=0.05


Tree=58
num_leaves=31
num_cat=0
split_feature=21 19 9 22 39 39 25 37 13 19 38 38 13 38 38 0 24 20 3 25 21 6 37 40 19 39 3 38 8 22
split_gain=456.656 86.1109 30.3663 47.4277 24.9698 19.1249 15.0935 15.0003 18.2187 14.4554 12.9192 12.2234 11.1787 9.79538 8.04017 26.1805 8.0368 7.99893 6.54634 6.13161 5.46389 4.81405 4.73681 14.6149 4.0634 4.93597 3.01114 2.96798 2.45598 2.29449
threshold=-0.2419175477721858 0.0587246309631414 0.6279740506999113 -0.65578360094895605 0.40100575111340181 0.92707952421835238 0.43740017677329873 -0.011592364651285254 -0.86052761804996714 -0.26244101358719257 -0.14338023357288984 0.24540855549257187 0.34136385119220936 -0.11470899715482819 0.63559616238479333 0.47724348340784095 2.0642956599390812 1.5146624460339311 0.92239650398035333 -1.4076012423358437 0.98080920695427409 -0.93872733723526947 -0.1868711612106497 0.50007059622174355 0.34385128038555252 1.3883919161620708 -0.18972632154452515 0.22498043074080692 1.9009830180785039 -0.67217241717151499
decision_type=2 2 2 2 2 2 2 2 2 2 2 2 2 2 2 2 2 2 2 2 2 2 2 2 2 2 2 2 2 2
left_child=4 5 3 20 -1 6 21 8 -6 14 -11 13 27 -5 29 -16 28 -17 -10 -14 24 -2 23 -23 25 -3 -15 -12 -13 -7
right_child=1 2 -4 11 7 9 -8 -9 18 10 12 16 19 26 15 17 -18 -19 -20 -21 -22 22 -24 -25 -26 -27 -28 -29 -30 -31
leaf_value=-0.044852811553872725 0.0070800530678121242 -0.044677186050777112 -0.041434362426496847 0.039549058241714945 -0.047711600297367644 0.0177479092155691 -0.040775138143420729 -0.046846451495724611 0.041897874753805034 0.053593972683502772 -0.017729998305039608 0.050513121680500317 -0.028111825279589133 0.00077064612953847483 -0.05904221965038934 0.037629988039312182 -0.0041518381787039029 -0.028466737483484314 -0.01824165823821974 0.016174380600547232 0.017847522225030114 0.040790211857199131 0.048059984167498321 -0.041305049824057978 -0.047078208902701209 0.0094512259355451229 -0.039300777943015668 -0.065573892913374607 0.014894541086136187 0.049883681009840031
leaf_weight=383.94628076255322 8.5832542330026609 8.1348605602979678 42.877170249819756 10.600330948829653 10.482539147138594 6.2017280161380759 5.3392222225666037 18.010673582553864 22.166082262992862 11.585683047771452 5.7371250689029676 50.118873089551926 9.8084097504615766 8.8151924461126363 8.8141705393791181 61.234033808112144 8.8828803002834302 4.9471328854560843 5.685672551393508 38.474213317036629 5.1259204298257819 51.174322247505188 246.4823752194643 6.0636162012815467 31.403466448187828 8.7333588004112226 10.013683632016178 7.4518617987632751 5.3568947464227668 53.227142140269279
leaf_count=1960 31 29 207 37 48 21 20 86 82 43 20 195 33 30 30 233 30 21 20 130 17 206 1035 22 147 30 36 26 20 209
internal_value=-0.000230221 0.0244327 -0.00440578 0.00638116 -0.0402914 0.0348704 0.0425823 -0.00920897 0.00847432 0.023064 0.00516198 0.0277973 -0.0039661 0.0011037 0.0327934 0.021908 0.0400035 0.0326892 0.029621 0.00717783 -0.0312343 0.0440074 0.045051 0.0320933 -0.0364462 -0.0166527 -0.0205404 -0.0447621 0.0470737 0.0465301
internal_weight=1155.48 715.187 190.063 147.185 440.291 525.124 317.643 56.345 38.3343 207.482 73.0573 93.7879 61.4716 29.4292 134.424 74.9953 64.3586 66.1812 27.8518 48.2826 53.3976 312.304 303.72 57.2379 48.2717 16.8682 18.8289 13.189 55.4758 59.4289
internal_count=5054 2858 778 571 2196 2080 1314 236 150 766 252 348 209 103 514 284 245 254 102 163 223 1294 1263 228 206 59 66 46 215 230
is_linear=0
shrinkage=0.05


Tree=59
num_leaves=31
num_cat=0
split_feature=39 22 20 39 38 5 17 25 37 8 37 21 37 6 25 25 0 22 40 33 25 1 17 5 38 36 33 22 37 2
split_gain=248.051 41.1309 16.8427 16.1797 10.3244 11.0238 9.51896 6.38305 7.92348 5.71647 7.96932 5.6319 21.5705 3.55116 2.8873 6.93294 6.73107 3.73481 2.67859 2.29844 2.16206 2.16047 2.76063 1.22983 0.910429 0.781343 0.340149 0.00394223 0.000701979 0.000665666
threshold=0.76709821287102642 -0.53023881980347387 1.1502077784534082 1.3766941159847048 0.088479076479398067 0.92389709319801616 -1.5185729395847265 -0.8497517383995673 -0.055972977829444666 -0.24507738774146012 1.9614217879311473 0.50228637893313954 0.79451342137174297 -0.99851173328254628 -1.2098622607919063 -1.4076012423358437 0.32506867991594784 -0.71385229326679556 2.0070076145395173 -0.50237894132651173 -1.9271320796833082 -0.36723660197993263 -0.50067323173844236 -0.1598464272299604 0.68162320608969607 0.010944368035529945 -0.58305458610504168 -0.69347470221606755 0.029035792242654176 1.1315029506263083
decision_type=2 2 2 2 2 2 2 2 2 2 2 2 2 2 2 2 2 2 2 2 2 2 2 2 2 2 2 2 2 2
left_child=13 2 7 6 28 9 -3 14 25 24 -11 18 -13 -1 15 20 -17 23 -10 21 -2 22 -8 -16 -6 -9 -23 -4 -5 -7
right_child=1 3 27 4 5 29 19 8 11 10 -12 12 -14 -15 17 16 -18 -19 -20 -21 -22 26 -24 -25 -26 -27 -28 -29 -30 -31
leaf_value=0.028699740225028664 0.053311122807156643 0.061500505718817523 -0.043068096621696868 -0.039427467631602792 0.056519417106194951 -0.040785219674913185 0.048656776578497089 -0.00094876333375963824 0.068346832420927775 -0.041269946807880549 0.074300391288823806 -0.048494524832503008 0.05079492080096313 -0.039243222384684549 0.045859152448866104 0.059945048572706529 -0.013382531060915219 0.11015539595023437 0.031012633680178692 -0.039555360948917317 0.074012164751880244 -0.0396019066824497 -0.024885505050118311 0.076214730610725284 0.080818725123717655 -0.041911162538949061 -0.0096889323046725657 -0.040061052561712003 -0.040755305629196943 -0.039398626790342402
leaf_weight=1.941649768501519 21.671462133526799 3.1708944886922827 1.6379610970616338 3.0608320012688663 6.5290112495422425 1.5221409052610391 2.6084596663713455 2.4280961528420439 27.272993240505457 3.1448349356651297 2.8375698328018188 6.6164377555251113 31.571436993777752 202.24229058623314 5.4946234971284875 6.3676051720976812 6.1544443964958191 6.5021290816366664 5.8316139727830878 19.836657948791981 30.176143664866689 4.1409705430269241 2.4981930665671825 8.4956246316432953 9.4111855924129468 2.2364013865590096 1.2334408164024369 3.2576702497899523 1.4749957770109174 2.0066292956471443
leaf_count=18 71 17 13 50 35 17 22 21 98 37 9 42 148 3618 20 24 37 27 30 320 97 65 34 26 29 19 16 44 17 33
internal_value=0.00147997 0.0371843 0.0502936 0.00296022 0.0296369 0.0420222 -0.0209273 0.0530748 0.0425458 0.0552243 0.0135473 0.0466765 0.033592 -0.0385971 0.062499 0.0572953 0.0239054 0.0788447 0.0617701 -0.0295483 0.0653595 -0.0106087 0.0126796 0.0642927 0.0708659 -0.0205883 -0.0327368 -0.0410671 -0.0398593 -0.0399967
internal_weight=433.374 229.19 165.715 63.4758 29.9872 25.4514 33.4886 160.819 75.957 21.9226 5.9824 71.2925 38.1879 204.184 84.862 64.3697 12.522 20.4924 33.1046 30.3177 51.8476 10.4811 5.10665 13.9902 15.9402 4.6645 5.37441 4.89563 4.53583 3.52877
internal_count=5054 1418 717 701 227 160 474 660 358 110 46 318 190 3636 302 229 61 73 128 457 168 137 56 46 64 40 81 57 67 50
is_linear=0
shrinkage=0.05


Tree=60
num_leaves=27
num_cat=0
split_feature=38 42 39 20 19 37 4 29 21 19 2 19 39 38 11 40 42 22 21 18 39 22 25 25 21 22
split_gain=672.111 11.2928 5.19042 1.68844 1.17339 0.302291 0.470504 0.697953 0.115471 0.00956067 0.00229604 0.00199129 0.00149789 0.00186246 0.00657535 0.00145097 0.000980521 0.000969275 0.000867204 0.000739466 0.000394307 0.000376292 0.00032135 0.000276502 0.000210463 4.29838e-05
threshold=-1.1479698628609787 0.18091566092529496 0.28430924722021483 -1.1880612340604182 -0.41324989986472599 -0.83221155711525963 -1.2111008877652949 -0.37979589660310714 -1.0840821030426315 -0.27854517878572921 -0.61194650597219313 4.0772924754326292 1.1987369448623992 0.26483696430407672 -0.56639346570615801 1.1896858418925891 0.20940654013211643 -0.3100981554576086 0.74689109995634972 0.91044357069175696 1.5221449237418858 -0.66361224482209191 0.1787678971633942 -0.54076532758384666 1.7443084089830323 -0.63274813424951015
decision_type=2 2 2 2 2 2 2 2 2 2 2 2 2 2 2 2 2 2 2 2 2 2 2 2 2 2
left_child=1 2 4 -2 5 6 8 -8 -1 10 17 12 13 14 -11 18 -15 -5 20 22 -12 -17 -14 -21 -23 -20
right_child=3 -3 -4 9 -6 -7 7 -9 -10 11 15 -13 19 16 -16 21 -18 -19 25 23 -22 24 -24 -25 -26 -27
leaf_value=0.053232359541769504 -0.0099102569243009961 -0.015229100394574849 0.010536674177546798 -0.041830213757588115 0.035024104133577184 0.064306928934451071 0.055194023110603257 0.030669089993318067 0.046507019493940996 -0.044198710951102199 -0.041528191829692147 -0.043270870013533365 -0.042075244561155793 -0.04161285932297154 -0.041970380012840688 -0.042212003729784543 -0.041950384809770355 -0.042927958205396008 -0.041486860245661644 -0.042776157337021788 -0.042040728627042501 -0.041660398080845602 -0.042658730356661595 -0.042240109307707677 -0.04212930441695148 -0.041304466751915903
leaf_weight=305.83743301033974 4.1928643882274619 6.4553218334913245 7.5586590915918341 4.3612073138356209 9.4146392047405225 5.7332666516304007 5.758527547121048 5.8462069332599622 6.5184330940246573 3.4129416197538367 45.414917066693306 2.9468446224927893 43.65437027066946 59.183921031653881 110.34100940078497 3.9389200285077086 33.808678768575191 3.7313103601336461 3.3520607352256766 6.4350985810160637 4.0905179753899565 31.594656690955162 2.4945445805788031 3.8418455719947797 2.589101828634738 88.836238354444504
leaf_count=1103 22 27 27 36 29 20 20 20 23 22 390 20 341 503 880 30 270 26 29 45 32 265 18 29 20 797
internal_value=-0.00154419 0.0502956 0.0515157 -0.0414939 0.0524291 0.0529261 0.0527247 0.0428389 0.053092 -0.0417855 -0.0415125 -0.0419783 -0.0419639 -0.0419016 -0.0420372 -0.0414754 -0.0417356 -0.0423364 -0.0414017 -0.0421922 -0.0415705 -0.0417492 -0.0421068 -0.0425758 -0.0416959 -0.0413111
internal_weight=811.344 353.122 346.667 458.221 339.109 329.694 323.961 11.6047 312.356 454.028 187.909 266.119 263.172 206.747 113.754 179.816 92.9926 8.09252 141.694 56.4259 49.5054 38.1227 46.1489 10.2769 34.1838 92.1883
internal_count=5044 1269 1242 3775 1215 1186 1166 40 1126 3753 1625 2128 2108 1675 902 1563 773 62 1248 433 422 315 359 74 285 826
is_linear=0
shrinkage=0.05


Tree=61
num_leaves=31
num_cat=0
split_feature=14 25 42 0 39 1 25 25 2 39 2 16 42 22 25 38 17 9 25 3 19 25 27 22 42 47 6 21 39 5
split_gain=451.693 29.6679 22.6131 18.7172 11.0537 10.6391 13.171 9.14734 7.52986 7.08649 6.38334 4.15142 3.77715 2.92586 7.72265 3.40091 2.13373 0.967557 0.823639 14.8892 0.628143 0.52907 0.448189 0.384063 0.0610958 0.0268814 0.0105397 0.00764858 0.00511734 0.00495491
threshold=0.069015071608312314 0.30655775291638182 0.37266061967312858 3.8467859583836073 0.55232073140037263 0.3469917986042419 -0.084810312053877721 0.2064142815660325 -1.1726866223518402 -0.39866811831718424 -0.058514379837719455 1.9697145378906644 -0.17948989372539739 -0.34243561016185914 -1.2809658839935076 0.24540855549257187 0.17946620725695758 -0.19586569253893074 -1.3376848582170384 -0.83405525131260771 1.5921464846049276 -0.41833763592926276 -0.089323339567831506 -0.4195007186689606 0.75244568302758685 0.98609882656788728 1.2810792102177366 0.410856458939027 0.019716410301705768 0.14431533447040171
decision_type=2 2 2 2 2 2 2 2 2 2 2 2 2 2 2 2 2 2 2 2 2 2 2 2 2 2 2 2 2 2
left_child=1 3 7 5 8 13 17 10 -3 12 -2 25 -9 18 -15 -16 -10 27 19 -1 -11 -4 -23 -20 -24 28 -26 -7 -12 -28
right_child=2 4 21 -5 -6 6 -8 9 16 20 11 -13 -14 14 15 -17 -18 -19 23 -21 -22 22 24 -25 26 -27 29 -29 -30 -31
leaf_value=0.07698397172665547 0.032392921163222052 -0.041780880205031415 0.04228328881190991 0.064032100706953185 -0.044213983709127158 -0.044816050939373811 0.051811110823763419 -0.029863046971867563 0.02476538845021501 0.04812883815403849 -0.041828639820979799 0.0072139681481210114 0.028759059008567556 0.05041971851289942 -0.019846729283249123 -0.041392717561376524 0.059093356413043752 -0.0089168021491079063 -0.040966343354370306 -0.041346236430990321 0.067987792323763216 0.041369433991708261 0.059053331068737773 -0.03660701328309704 0.05569086926304994 -0.049042504871169991 0.054473957718955163 -0.041583941350764791 -0.044657102064262467 0.055055420013090522
leaf_weight=2.8831595703959456 7.4641959518194225 2.7920192852616372 9.137039437890051 4.7765367627143851 5.5130235627293578 2.8339490219950676 7.6561981812119475 4.2945616915822029 7.2877238839864757 7.5619193315505973 3.1774744316935521 6.409819282591342 7.6290719062089938 2.9908048659563056 33.754601538181305 40.040029108524323 11.948281452059744 2.8762830868363389 235.2888869792223 34.100662998855114 8.4106151759624463 6.2823038697242728 8.548279792070387 64.340768471360207 26.012194156646729 2.9190083742141724 146.40277335047722 5.1690004914999008 3.2193117216229439 48.867373257875443
leaf_count=19 26 23 30 15 37 19 30 25 25 25 27 35 26 17 237 365 38 15 2187 307 29 21 28 590 89 14 512 45 19 169
internal_value=-0.000443458 -0.031228 0.0477848 -0.0344021 0.0191039 -0.0354907 0.00156862 0.0175218 0.0349507 0.0368123 -0.00568365 -0.0237568 0.007645 -0.0371523 -0.0283451 -0.0315373 0.0460879 -0.0337892 -0.0391613 -0.0321215 0.0585859 0.0540886 0.0545455 -0.0400302 0.0549056 -0.0450665 0.0547454 -0.0427285 -0.0432521 0.0546195
internal_weight=760.588 464.252 296.336 436.711 27.541 431.934 18.5354 51.086 22.028 27.8962 23.1898 15.7256 11.9236 413.399 76.7854 73.7946 19.236 10.8792 336.613 36.9838 15.9725 245.25 236.113 299.63 229.831 9.31579 221.282 8.00295 6.39679 195.27
internal_count=5044 3969 1075 3846 123 3831 109 226 86 105 121 95 51 3722 619 602 63 79 3103 326 54 849 819 2777 798 60 770 64 46 681
is_linear=0
shrinkage=0.05


Tree=62
num_leaves=31
num_cat=0
split_feature=37 19 39 22 23 40 40 24 13 20 28 38 2 17 3 17 25 25 25 0 40 15 24 37 30 39 25 33 14 26
split_gain=414.2 79.6506 28.5671 26.03 21.8843 21.7368 14.5431 18.5943 17.1794 18.1578 13.0181 8.92605 9.67382 10.8522 7.72177 7.96557 6.40191 4.98669 11.1124 4.69179 4.50867 6.84517 3.36287 3.04017 2.40406 2.3607 7.10713 1.68874 1.31785 0.997808
threshold=-0.60781076251027855 0.34385128038555252 0.42802052377877892 -0.70178761827179414 1.4078568064950412 0.27019884766479502 0.44898798543131052 0.47186424672832639 0.87679238705732743 0.77237329067439819 -0.54082699513046995 -0.39737351017416483 0.90959681439787121 0.93527401132382415 0.59387092609116132 -0.44726988784357519 -0.058598772150616957 -1.3376848582170384 -1.3735643314616868 0.64873735374929076 1.4706402012399706 -0.41391106624830037 -0.74580304275703602 -0.48114191006607981 0.14935435517635667 0.81996252816785853 0.35301546927729394 -0.64503790893871682 1.1207416519547542 -0.27769303613043334
decision_type=2 2 2 2 2 2 2 2 2 2 2 2 2 2 2 2 2 2 2 2 2 2 2 2 2 2 2 2 2 2
left_child=2 3 24 14 11 23 17 8 9 -8 -4 -3 25 -14 15 20 -12 18 -5 -9 21 -2 -17 28 29 26 -13 -16 -6 -1
right_child=1 4 10 6 5 -7 7 19 -10 -11 16 12 13 -15 27 22 -18 -19 -20 -21 -22 -23 -24 -25 -26 -27 -28 -29 -30 -31
leaf_value=-0.045094175332250658 0.068276618280244311 0.032284389932555106 -0.043314865091563667 0.048042708501631913 0.035979222870018285 -0.04980970409106053 0.026246738266147582 -0.065907463257841345 0.046283529143504226 -0.031511162041287177 0.051362159294986748 0.024141182722010567 0.051099173439684786 -0.047491189669396999 -0.053396538918698777 -0.041685082987943933 -0.00156704731512212 0.047672472760027146 -0.042337092537801463 -0.0046576710044334635 -0.0085655196869564819 0.013528257620348295 0.0084319403813885637 0.051101211580747687 -0.01298295510558907 -0.046334708302923383 -0.038284224451778329 -0.017507329708010857 0.00079035622058527301 -0.03705613166167486
leaf_weight=317.69979010522366 9.2895597219467128 6.0945474505424491 9.6852998584508878 10.254687860608099 5.1679244637489301 8.8524001240730268 171.04027982056141 5.398937448859213 114.34528084099293 14.783739507198332 11.848619341850281 5.4776684790849677 6.9861299246549589 4.6483831852674484 5.7834641933441162 8.3031366765499097 11.032233208417892 195.08239489793777 5.0886540859937659 7.4285022467374802 8.0621458739042264 14.813629090785984 5.6078259646892539 19.422487780451778 6.3083462268114081 36.387016460299492 27.199247866868973 7.5653240978717786 5.4842855185270309 43.949839770793915
leaf_count=1722 30 24 45 45 21 40 667 19 480 49 46 21 26 23 20 34 38 852 19 31 30 53 19 82 29 180 131 26 20 222
internal_value=0.0010303 0.0240031 -0.039611 0.0317889 -0.012092 0.0190574 0.0353492 0.0285155 0.0310348 0.0216517 0.00527435 -0.0260627 -0.0304692 0.011709 0.000429249 0.0101305 0.0258418 0.0455138 0.018068 -0.0304371 0.0238022 0.0346287 -0.0214818 0.0393282 -0.0435836 -0.0375746 -0.0278198 -0.0330566 0.0178623 -0.0441173
internal_weight=1109.09 708.568 400.524 582.848 125.72 38.9271 523.422 312.997 300.169 185.824 32.5662 86.793 80.6984 11.6345 59.4251 46.0763 22.8809 210.426 15.3433 12.8274 32.1653 24.1032 13.911 30.0747 367.958 69.0639 32.6769 13.3488 10.6522 361.65
internal_count=5044 2942 2102 2374 568 163 2162 1246 1196 716 129 405 381 49 212 166 84 916 64 50 113 83 53 123 1973 332 152 46 41 1944
is_linear=0
shrinkage=0.05


Tree=63
num_leaves=31
num_cat=0
split_feature=39 22 20 39 9 19 37 34 32 25 37 2 22 24 23 46 33 11 14 32 34 39 42 23 9 21 39 37 19 19
split_gain=216.08 34.0886 16.3535 13.2746 8.8013 7.85055 7.42505 6.82824 10.2778 10.8569 7.88933 6.20604 4.1527 4.05508 3.68655 3.54574 2.6366 3.76524 2.51958 2.17827 2.16157 5.44615 1.73246 0.463091 0.384823 0.120918 0.0708905 0.0736794 0.0503635 0.00510563
threshold=0.77800099662898659 -0.53023881980347387 1.1502077784534082 1.4689419337297975 -1.4736563956580977 0.34385128038555252 0.79451342137174297 -1.3575069246156248 0.91236387360596838 -0.6357010584108741 0.029035792242654176 0.87503199567069989 -0.79432295041510692 -0.34354132558303824 -0.30193681387853116 -1.7264311643910062 -0.60144044270347041 -0.16843950994099696 -0.2296858750387594 -0.70974546454263077 -1.2509037723377663 0.6954590335867854 -0.21105366130938819 -0.30193681387853116 0.13369561464888979 0.68188086463586062 1.0344600498873444 0.48223869996931595 0.55780621428048305 0.0587246309631414
decision_type=2 2 2 2 2 2 2 2 2 2 2 2 2 2 2 2 2 2 2 2 2 2 2 2 2 2 2 2 2 2
left_child=12 2 5 4 -3 7 23 14 10 -10 -9 13 -1 -8 -2 -16 17 -6 -19 -18 21 -14 -13 -5 -21 26 -7 -28 -27 -4
right_child=1 3 29 6 16 25 11 8 9 -11 -12 22 20 -15 15 -17 19 18 -20 24 -22 -23 -24 -25 -26 28 27 -29 -30 -31
leaf_value=0.054289551674709405 0.11434339212785601 0.087574876465680351 -0.039929240595435456 -0.039841227295201523 -0.039609019888428944 0.055716963064342741 0.077642558497451941 -0.013255228141810051 0.059206717987161539 -0.047941342050500692 0.045697436979840668 -0.040413501247915387 -0.039208679144065305 0.020691815337811899 0.083489153635128044 0.033456613023519328 0.019252270271876235 0.058114893072386209 -0.011360992669045417 -0.039437882686927106 -0.039146630923381234 0.061807408256116504 0.025593259388358876 -0.0038849687800086535 -0.013019076593370352 0.069195853254697598 0.066438418697756282 0.060641158375309534 0.063426585598683263 -0.043220395571237441
leaf_weight=1.2223105579614628 3.4186076521873501 1.8514479622244824 3.4748327247798434 2.9546152018010616 3.7688912600278854 6.0389557480812064 9.9081451818346995 6.2359176427125922 3.5402842201292515 7.1165157370269281 63.103281781077385 2.2002196311950684 4.5699664019048205 4.5660867057740679 6.5712555944919595 7.6794487982988331 1.822501029819249 2.8143151216208935 2.4332251958549005 20.34096725285054 186.5376758351922 1.8844987638294695 1.8134310021996487 1.2849122844636465 1.4785929284989823 6.5225141644477835 6.4312547743320456 37.083723425865173 9.0058704614639264 1.7830876670777795
leaf_count=5 12 13 49 45 60 20 33 48 19 49 277 29 85 32 21 36 14 23 28 347 3539 15 11 17 18 20 20 118 28 13
internal_value=0.00106676 0.0343901 0.0457435 0.00106505 -0.0184758 0.0485474 0.0307365 0.039583 0.0333696 -0.0123458 0.0403956 0.0444219 -0.0375805 0.0596767 0.0677136 0.0565275 -0.024488 -0.00148311 0.0258997 -0.0332614 -0.0381623 -0.00971519 -0.0105906 -0.0289436 -0.0376476 0.0619999 0.0607935 0.061498 0.0658499 -0.0410454
internal_weight=419.457 225.243 168.006 57.2374 34.5099 162.748 22.7274 97.6653 79.996 10.6568 69.3392 18.4879 194.214 14.4742 17.6693 14.2507 32.6585 9.01643 5.24754 23.6421 192.992 6.45447 4.01365 4.23953 21.8196 65.0823 49.5539 43.515 15.5284 5.25792
internal_count=5044 1400 730 670 503 668 167 462 393 68 325 105 3644 65 69 57 490 111 51 379 3639 100 40 62 365 206 158 138 48 62
is_linear=0
shrinkage=0.05


Tree=64
num_leaves=31
num_cat=0
split_feature=38 23 0 39 39 20 24 26 14 42 19 14 40 19 2 39 38 11 40 22 13 22 18 0 22 25 39 25 9 22
split_gain=616.896 11.7959 2.44031 6.01725 5.32643 1.73635 0.519593 0.422199 0.158192 0.0204535 0.00841446 0.00405512 0.00277139 0.00190971 0.00189047 0.00142951 0.00164751 0.00686121 0.00131185 0.00085891 0.000804015 0.000703996 0.000666343 0.000610273 0.000351715 0.000327889 0.000315041 0.00030798 0.000181352 3.8465e-05
threshold=-1.1479698628609787 0.14299046272449814 -1.2382896528327978 -1.2551262843247548 -0.39866811831718424 -1.1880612340604182 -0.081993979328351743 -1.2078190231180996 -0.21310662098855374 -0.21816002884225524 -0.27854517878572921 -0.2911107335997391 -0.3427924818204009 4.0772924754326292 -0.61194650597219313 1.1987369448623992 0.26483696430407672 -0.56639346570615801 1.1641445364973724 -0.70178761827179414 0.67236684173257666 -0.3100981554576086 0.9286087996055582 -1.2977329354468186 -0.66361224482209191 -0.54076532758384666 1.5221449237418858 0.1787678971633942 -0.013011716426081102 -0.59554517617727243
decision_type=2 2 2 2 2 2 2 2 2 2 2 2 2 2 2 2 2 2 2 2 2 2 2 2 2 2 2 2 2 2
left_child=1 2 8 -4 6 -2 7 -5 9 11 14 12 -1 15 21 16 17 -12 20 -18 26 -7 27 -13 -20 -24 -16 -17 -26 -22
right_child=5 -3 3 4 -6 10 -8 -9 -10 -11 13 23 -14 -15 18 22 19 -19 24 -21 29 -23 25 -25 28 -27 -28 -29 -30 -31
leaf_value=0.051641300530097758 -0.0087901456601953611 -0.027951522644094891 -0.0070060669670029361 0.040826496462389651 0.0097856360574808086 -0.041566816812720751 0.069673046073585806 0.056327239138436451 0.044031696482054405 0.054682954176236864 -0.043986623914026253 0.052276066091296626 0.052751693807172297 -0.042984930739413563 -0.041262855361010098 -0.04179020167023776 -0.041901652301831828 -0.041672418937675301 -0.041923688231965225 -0.04139736126933654 -0.041158840648462446 -0.042528244530822989 -0.042512668313263058 0.052998980631246501 -0.041371357191660435 -0.04190876501974259 -0.041762627993966128 -0.042374678460196886 -0.041725835792538822 -0.041031076900281724
leaf_weight=260.33619657158852 4.094846084713935 4.9351018965244284 6.126034051179885 5.7006989866495159 7.9008061289787284 4.148652508854866 5.5655389726161983 19.148871302604675 6.7668634057044974 5.8896246552467337 3.3043145984411231 6.2166199386119843 5.7432877123355857 2.8140290528535834 42.280949510633945 41.726320996880531 9.4626435190439206 104.30792009830475 3.7488666251301757 78.401247270405293 6.3620770052075377 3.519196242094039 5.903920091688633 5.5041846334934217 30.248638339340687 3.6294132545590383 3.4073926210403434 2.3825640827417365 4.0968053489923468 79.562706328928471
leaf_count=982 22 22 20 21 28 36 18 69 24 21 22 23 21 20 384 343 76 880 30 697 59 26 43 20 269 29 28 18 34 759
internal_value=-0.00164841 0.0487866 0.0499174 0.0390061 0.0463626 -0.0411949 0.055864 0.0527712 0.051587 0.0517672 -0.041504 0.0517054 0.0516653 -0.0416897 -0.0412401 -0.0416751 -0.0416123 -0.0417435 -0.0412054 -0.0414517 -0.0411307 -0.0420081 -0.0419037 0.0526156 -0.0414638 -0.0422828 -0.0413001 -0.0418218 -0.0414136 -0.0410405
internal_weight=773.236 339.834 334.899 44.4419 38.3159 433.403 30.4151 24.8496 290.457 283.69 429.308 277.8 266.079 251.932 177.375 249.118 195.476 107.612 169.707 87.8639 131.613 7.66785 53.6422 11.7208 38.0943 9.53333 45.6883 44.1089 34.3454 85.9248
internal_count=5044 1269 1247 156 136 3775 108 90 1091 1067 3753 1046 1003 2128 1625 2108 1675 902 1563 773 1230 62 433 43 333 72 412 361 303 818
is_linear=0
shrinkage=0.05


Tree=65
num_leaves=31
num_cat=0
split_feature=14 22 42 25 25 2 25 39 4 39 2 10 16 1 38 42 15 14 37 24 25 37 25 37 15 40 9 24 8 30
split_gain=411.451 28.0532 21.2903 19.1659 10.4492 8.6644 8.17869 7.76537 9.49446 6.48985 5.68182 4.07206 4.00635 3.97049 6.40344 3.37222 3.12777 2.23505 7.62654 4.50731 4.61515 1.41012 0.98889 14.1671 0.721236 0.660566 0.639376 0.574504 0.342355 0.23826
threshold=0.069015071608312314 -0.29904614670105178 0.37266061967312858 0.23722900443935641 -1.2634572163668552 4.0111473770993857 0.2064142815660325 0.55232073140037263 -1.2795381030282391 -0.39866811831718424 -0.058514379837719455 0.76643390996384297 1.9697145378906644 0.083491358419751263 0.27854734946416743 -0.17948989372539739 -0.50544097913198005 -0.2911107335997391 -0.3422345778032429 -0.38055577969134541 0.050691092549636746 -0.33092639443840088 -1.3376848582170384 -0.011592364651285254 -0.70787306202070976 -1.0000000180025095e-35 -0.85462622701907021 0.70917098623058594 0.79464132797987419 -1.2152754285005531
decision_type=2 2 2 2 2 2 2 2 2 2 2 2 2 2 2 2 2 2 2 2 2 2 2 2 2 2 2 2 2 2
left_child=1 5 6 4 -3 17 10 8 -5 15 -2 -9 -12 24 -15 -8 21 22 19 29 -21 -10 23 -1 -6 -11 -26 -4 -29 -19
right_child=2 3 27 7 13 -7 9 11 16 25 12 -13 -14 14 -16 -17 -18 18 -20 20 -22 -23 -24 -25 26 -27 -28 28 -30 -31
leaf_value=0.073689386041890709 0.030120947580023136 0.062176340556796675 0.041336406766030551 -0.041937697392135764 -0.016997298024560157 0.061671440428775537 -0.029360239862586558 -0.043808938102152903 0.070777647830807908 0.045830036710296361 -0.044693797636226919 0.029557447986076586 0.0072412847769465693 0.042515204960430514 -0.042144291057500935 0.026691217473776587 0.02005842645834539 -0.041885500617351551 -0.040995967058725186 -0.0069250288386256608 0.069322835529036772 0.041155392256523989 -0.04010470757819614 -0.041125691734304838 -0.01716058756858703 0.066263304270126694 -0.0415703845573204 0.041502141258498486 0.053344770897128517 -0.019927431466525709
leaf_weight=2.9467757120728484 7.5003276914358166 3.2288536727428427 11.04579286277294 3.4963544309139278 3.909538820385932 2.2100016474723807 4.1628472730517387 5.6924137547612172 9.6753225922584587 8.0532312244176847 8.8982290625572187 2.8323342055082321 6.3728401884436598 4.3912650495767576 4.5457407981157303 7.5503411144018191 7.7927149161696425 2.7895888090133667 29.313669323921204 4.2892548665404302 3.6935563832521439 6.8703206256031981 275.23301988095045 30.443834416568279 2.9178626909852019 7.7729779183864585 33.282314293086529 6.2773636877536765 219.30410706996918 2.2173507362604141
leaf_count=19 26 15 38 28 32 7 25 40 33 29 60 14 35 22 38 26 29 23 287 25 20 23 2688 288 18 25 302 22 789 18
internal_value=-0.000428329 -0.0307077 0.04619 -0.00555807 -0.0249487 -0.03702 0.0166528 0.0223206 0.0351082 0.0349844 -0.00551706 -0.0194331 -0.0230205 -0.0306843 -0.000546211 0.00677062 0.0461764 -0.0376416 -0.0268637 0.00502821 0.028354 0.0584775 -0.0391189 -0.0309931 -0.0373995 0.0558658 -0.0396029 0.0524701 0.0530152 -0.0321612
internal_weight=728.71 441.772 286.938 88.635 52.2756 353.137 50.3108 36.3595 27.8347 27.5394 22.7714 8.52475 15.2711 49.0467 8.93701 11.7132 24.3384 350.927 42.3034 12.9898 7.98281 16.5456 308.624 33.3906 40.1097 15.8262 36.2002 236.627 225.581 5.00694
internal_count=5044 3969 1075 594 427 3375 226 167 113 105 121 54 95 412 60 51 85 3368 373 86 45 56 2995 307 352 54 320 849 811 41
is_linear=0
shrinkage=0.05


Tree=66
num_leaves=31
num_cat=0
split_feature=21 19 39 42 40 40 21 38 6 37 4 38 40 13 21 14 25 21 2 39 39 41 37 9 6 10 42 37 2 10
split_gain=379.19 72.537 25.8807 25.0433 31.5449 21.3798 24.6716 21.9764 16.4169 14.0916 13.7712 13.4057 11.733 11.2502 8.36299 7.62227 6.57103 17.3055 6.23917 5.92286 5.28346 4.10777 2.68328 3.37843 2.08777 1.96139 1.53057 0.827505 3.81853 0.352915
threshold=-0.2419175477721858 0.34385128038555252 0.40100575111340181 0.20940654013211643 0.37236406924566101 0.44898798543131052 0.410856458939027 -0.11470899715482819 -0.83405054885045549 -0.011592364651285254 3.831718917924507 -0.99455459383822342 2.0070076145395173 0.29976562975984727 0.9698257425393968 0.11523212543097332 -1.3376848582170384 0.76945172956528674 0.9252003611375651 1.3766941159847048 0.66762552034154654 0.91385439420782333 -0.48114191006607981 -0.33353777492420716 -0.15679161143651452 0.11154996767608215 0.57224671896782431 -0.71052643567354024 -0.17652854663477446 -0.19449597575045427
decision_type=2 2 2 2 2 2 2 2 2 2 2 2 2 2 2 2 2 2 2 2 2 2 2 2 2 2 2 2 2 2
left_child=2 5 25 4 22 16 7 29 19 11 14 -4 13 -9 -10 -13 17 -2 24 21 -17 -8 23 -3 -6 27 -5 -1 -29 -7
right_child=1 3 9 26 18 6 8 12 10 -11 -12 15 -14 -15 -16 20 -18 -19 -20 -21 -22 -23 -24 -25 -26 -27 -28 28 -30 -31
leaf_value=-0.044324868449280089 -0.064485266996535118 0.050242174950662292 -0.050022294799009638 -0.021073917066769528 -0.046006743563598879 0.052338567699073114 -0.024156612487112386 -0.054427143663048433 0.027945706731088212 -0.045818233608595368 -0.049747115546445189 0.049832964781116269 0.043114902454649787 0.0039496300791387355 0.046615754391781949 0.028727768560386325 0.046644760005503147 0.047271403786354124 0.017976119055266061 0.032315819148215151 -0.034671619702079465 0.022874227145381121 0.047198483549077241 0.0044152229168980288 -0.012910902118081647 -0.0090231280478710214 -0.043788731659966912 0.0091786608705745412 -0.045071856988761622 0.035920589863031642
leaf_weight=314.35389551520348 4.94709484279156 6.3735511302948025 7.0799366831779436 9.1858801245689374 21.763749971985817 9.5881522595882398 20.846865758299831 24.40127868950367 139.87012043595314 15.071948155760763 4.7791769057512274 16.023453176021583 5.5797846615314475 12.471318811178206 105.01367968320847 6.8906478732824308 192.37471501529217 11.554744556546209 5.8655014783143988 9.4690767973661405 6.2820836752653122 5.973074570298194 23.867722049355507 10.899126470088957 6.1009179055690792 4.127491980791091 38.492646306753159 4.0996018201112774 15.534597247838972 4.9697484225034705
leaf_count=1800 17 26 35 38 111 37 73 90 550 78 21 66 21 47 460 26 879 53 21 32 22 23 103 39 24 17 211 19 85 20
internal_value=0.00102407 0.023709 -0.0382566 -0.0110884 0.00694872 0.0314365 0.0237561 -0.0062781 0.029744 -0.005182 0.0343115 0.0117015 -0.0244571 -0.0346825 0.035952 0.0266692 0.0440474 0.0137678 -0.0288943 -0.00167983 -0.00150744 -0.0136824 0.0363357 0.0213252 -0.0387605 -0.0432795 -0.0394124 -0.0437029 -0.0337444 0.0467338
internal_weight=1063.85 674.388 389.464 122.549 74.8706 551.839 342.962 57.0103 285.952 51.3481 249.663 36.2761 42.4524 36.8726 244.884 29.1962 208.877 16.5018 33.7302 36.289 13.1727 26.8199 41.1404 17.2727 27.8647 338.116 47.6785 333.988 19.6342 14.5579
internal_count=5044 2896 2148 573 324 2323 1374 215 1159 227 1031 149 158 137 1010 114 949 70 156 128 48 96 168 65 135 1921 249 1904 104 57
is_linear=0
shrinkage=0.05


Tree=67
num_leaves=31
num_cat=0
split_feature=39 22 20 39 9 38 26 19 34 21 37 38 38 0 23 33 38 21 20 33 19 40 39 7 33 39 37 5 19 37
split_gain=199.663 34.4107 15.3203 13.366 12.7043 7.04756 7.47537 6.91419 7.74311 9.44467 10.901 6.24537 3.68562 7.95174 3.51266 2.54475 3.88767 6.91348 2.83844 2.27346 0.56647 0.40788 0.377926 0.51599 0.310816 0.267195 0.0697681 0.0402385 0.0046235 0.000431179
threshold=0.72205518782103739 -0.53023881980347387 1.1502077784534082 1.4689419337297975 -1.6515730962881749 0.12609549822401492 0.88748070186557426 0.34385128038555252 -1.3575069246156248 0.47794464698665501 0.029035792242654176 0.77385930120414814 0.68542939425134486 0.40947814122785725 -0.30193681387853116 -0.60144044270347041 0.83350425340602252 0.89086353890811798 -0.81226280587683053 -0.65715746922777152 -0.051079050638459446 1.6749706444017025 0.6954590335867854 -0.16167444974893933 -0.20268994919417074 0.92707952421835238 0.51916521509121805 0.55016167339610489 0.0587246309631414 1.0000000180025095e-35
decision_type=2 2 2 2 2 2 2 2 2 2 2 2 2 2 2 2 2 2 2 2 2 2 2 2 2 2 2 2 2 2
left_child=22 2 7 4 -3 29 12 8 14 10 -10 -11 13 -7 -2 16 20 -18 -17 -16 -6 -20 -1 -24 -8 -9 -27 -28 -4 -5
right_child=1 3 28 5 15 6 24 25 9 11 -12 -13 -14 -15 19 18 17 -19 21 -21 -22 -23 23 -25 -26 26 27 -29 -30 -31
leaf_value=-0.039032941449702659 0.11026885479929285 0.10696213511799967 -0.039745621203663296 -0.03924440169047147 -0.040175234269894146 0.079321853061381453 -0.041185056284580794 0.048724959204355718 -0.01158571653207903 -0.0030504797469963155 0.062799809600924419 0.034120730228209842 0.072428760012827637 -0.040522896714541179 0.082362591084279846 0.034598859242202566 0.092628615391585081 -0.039244643145068675 -0.039415206167192157 0.041626068215781416 -0.0019947733149829694 -0.012643208893322872 -0.039767285322614074 0.0066496010230702816 -0.0098450400179211223 0.064046717301695574 0.058322565550345401 0.061465861750108798 -0.042912639689550933 -0.040454906861587071
leaf_weight=173.99433025717735 3.7392755895853069 1.9012705236673344 3.5074775815010062 1.9551798477768927 4.1229387149214745 2.8982002735138002 1.8881908692419531 5.8386736661195746 5.9033965915441504 21.984825942665339 29.725190412253141 23.251254454255104 10.5509977042675 2.6493246294558048 5.3101256191730508 1.4342793747782696 2.2267893701791763 1.7949905879795549 23.056602388620384 9.6476557478308642 1.2709557749330977 1.5162527970969666 1.3485118150711062 1.0768298804759968 1.3616247735917557 8.7936665117740613 35.767935991287231 14.232966601848601 1.716334883123636 1.179383650422096
leaf_count=3515 13 10 53 35 62 9 27 20 45 126 112 118 33 33 20 9 10 33 410 40 17 21 23 17 15 28 117 45 13 15
internal_value=0.00122589 0.0320001 0.0435103 -0.000605306 -0.0189507 0.0298501 0.0411176 0.0461921 0.0379252 0.0312204 0.0504747 0.0160554 0.0550813 0.0220877 0.0669237 -0.0257089 -0.00343625 0.0337713 -0.0337725 0.0560878 -0.0311788 -0.0377633 -0.0387597 -0.0191586 -0.0280541 0.0589265 0.0599396 0.0592173 -0.0407862 -0.0396999
internal_weight=405.645 229.226 169.419 59.807 37.3241 22.4829 19.3483 164.195 99.5617 80.8647 35.6286 45.2361 16.0985 5.54752 18.6971 35.4228 9.41567 4.02178 26.0071 14.9578 5.39389 24.5729 176.42 2.42534 3.24982 64.6332 58.7946 50.0009 5.22381 3.13456
internal_count=5044 1489 750 739 572 167 117 684 474 401 157 244 75 42 73 562 122 43 440 60 79 431 3555 40 42 210 190 162 66 50
is_linear=0
shrinkage=0.05


Tree=68
num_leaves=28
num_cat=0
split_feature=20 42 39 20 13 17 19 21 22 24 35 0 17 19 22 19 39 39 13 40 32 37 25 36 22 25 6
split_gain=557.318 14.5957 2.70687 2.3055 5.5056 2.18138 6.82493 0.520215 1.60902 1.01561 0.734241 0.0394829 0.0338746 0.00772515 0.00680926 0.00197827 0.00171054 0.00140749 0.00136977 0.000705621 0.000581239 0.000573987 0.000516297 0.000502359 0.000132816 0.000105806 9.70273e-05
threshold=-1.1586838027550448 0.8566448352894408 0.28430924722021483 -1.0603712108618153 -1.1026886928169322 0.036889959303141824 -0.6372986258765948 -1.0909096620032308 -0.4195007186689606 -0.081993979328351743 0.29538603100164301 -1.184790698480179 0.078712417823545447 -0.27854517878572921 0.22173808104542111 4.0772924754326292 1.4556558042501138 0.92707952421835238 0.75586041475038901 1.1896858418925891 0.71182597270474679 2.2825616873050443 0.14371510382583869 -0.010136265717949683 -0.54841817281031602 0.14233731511352019 -0.3490027374627126
decision_type=2 2 2 2 2 2 2 2 2 2 2 2 2 2 2 2 2 2 2 2 2 2 2 2 2 2 2
left_child=1 2 5 4 14 7 12 9 23 10 -1 -5 26 16 -2 17 19 18 -15 20 -13 -19 24 -9 -18 -21 -7
right_child=3 -3 -4 11 -6 6 -8 8 -10 -11 -12 13 -14 15 -16 -17 22 21 -20 25 -22 -23 -24 -25 -26 -27 -28
leaf_value=0.050658595359148309 -0.044866869711788104 -0.034885049382601313 0.01708779475334728 -0.04875477127212819 0.043419096089417283 0.050320019328113835 -0.0056174323172610572 0.05072149514952462 0.02087978487138378 0.073252080885603338 0.032468703588140781 -0.04100612021225785 0.055265102665228383 -0.041391664443818171 -0.041378322865221764 -0.042764096810399894 -0.041458467347192281 -0.041534731869323743 -0.041019007093409443 -0.041127189789085097 -0.040778164956684265 -0.041972644990366126 -0.042101046493164901 0.051303756402459613 -0.041192808389483963 -0.04146620759533734 0.050610316640373958
leaf_weight=258.41446973383427 2.5060018077492714 5.3736413046717635 6.8411996066570273 1.7526721507310856 2.7376412972807866 6.5818830728530919 7.3855905681848517 5.9062383472919491 6.1081563830375663 4.8954491466283789 5.6694824993610373 43.995518483221531 5.3013341128826132 127.79231117665768 3.1659149676561356 2.7015270367264739 8.0130629986524617 63.673687979578972 30.554390795528889 19.845061682164673 76.740151338279247 8.4793122708797437 2.2597356289625159 9.936763256788252 11.39560429751873 2.6033964157104483 5.1154660284519213
leaf_count=1013 18 34 26 9 13 26 25 23 23 17 21 424 20 1148 28 20 70 552 296 186 779 68 18 38 106 23 20
internal_value=-0.00174209 0.0468401 0.0482033 -0.0407217 -0.014813 0.0488784 0.0345135 0.0500824 0.0426813 0.0506864 0.0502681 -0.0412667 0.0519496 -0.0412337 -0.0429197 -0.0414189 -0.0409717 -0.0414032 -0.0413198 -0.0409091 -0.0408612 -0.0415862 -0.0413858 0.0510867 -0.0413025 -0.0411665 0.050447
internal_weight=735.746 327.53 322.156 408.216 8.40956 315.315 24.3843 290.931 21.9512 268.979 264.084 399.806 16.9987 398.054 5.67192 233.201 164.853 230.5 158.347 143.184 120.736 72.153 21.6684 15.843 19.4087 22.4485 11.6973
internal_count=5044 1286 1252 3758 59 1226 91 1135 84 1051 1034 3699 66 3690 46 2084 1606 2064 1444 1412 1203 620 194 61 176 209 46
is_linear=0
shrinkage=0.05


Tree=69
num_leaves=31
num_cat=0
split_feature=14 22 42 25 25 0 25 39 0 39 2 16 1 39 13 42 2 23 14 37 24 25 11 23 8 24 40 32 25 27
split_gain=374.886 27.0097 19.9628 17.626 9.5224 8.08344 7.42368 7.12043 8.59557 6.00075 5.115 3.86731 3.85146 5.57171 3.83089 3.01308 2.58118 4.74531 2.27756 7.47454 4.15321 3.98118 1.00431 14.0412 0.712818 0.677792 0.793318 0.666297 0.598282 0.525843
threshold=0.069015071608312314 -0.29904614670105178 0.37266061967312858 0.23722900443935641 -1.2634572163668552 4.129141550800207 0.2064142815660325 0.55232073140037263 -1.2703890254443688 -0.39866811831718424 -0.058514379837719455 1.9697145378906644 0.083491358419751263 0.52582843286314718 0.7831963888345127 -0.17948989372539739 0.33730217290085512 -0.94856245295852404 -0.2911107335997391 -0.3422345778032429 -0.38055577969134541 0.050691092549636746 -0.90480988891854508 -0.32840752511268584 -0.30495089369310907 -0.46414596583797962 0.88319017714999093 0.048036763608127329 -0.41833763592926276 -0.089323339567831506
decision_type=2 2 2 2 2 2 2 2 2 2 2 2 2 2 2 2 2 2 2 2 2 2 2 2 2 2 2 2 2 2
left_child=1 5 6 4 -3 18 10 8 -5 15 -2 -12 25 -14 -9 -8 24 -18 22 20 -20 -22 23 -1 -10 26 -6 -11 -4 -30
right_child=2 3 28 7 12 -7 9 14 16 27 11 -13 13 -15 -16 -17 17 -19 19 -21 21 -23 -24 -25 -26 -27 -28 -29 29 -31
leaf_value=-0.040790685278522212 0.028179597853092982 0.057846653581259372 0.038173723319223057 -0.041647365115864567 0.0024212028226909578 0.059705906297970603 -0.028663300937833449 -0.043500212337498012 0.074397720067491332 0.046289255267246969 -0.044431089320467194 0.0072126653373607687 0.037696221614063774 -0.042359578377869071 0.028436777115172392 0.024954641280684656 0.059235955556264923 -0.0027776209008628181 -0.031461593702279737 -0.040764318727323952 -0.0061600743725281053 0.064327633232224887 -0.039675757320475645 0.09415185050469195 0.049729142706558288 -0.039310499931325904 -0.040944808165101737 0.068080667621524996 0.03701346787103723 0.051915605106995125
leaf_weight=22.164176687598232 7.5254914760589626 3.2954550087451926 8.7580553442239744 3.3099600821733501 2.2303457185626021 2.1637983024120322 4.0390255600214005 5.4471214115619642 5.3874756246805191 10.287415683269499 8.5108060836791974 6.3146954178810111 4.6017018854618055 4.1187156960368156 2.8030479773879051 7.4588396549224871 6.1804178357124337 6.1589395180344555 4.7802720218896857 27.638059064745903 4.2071738988161069 3.8239217475056648 267.30982948839664 2.1113720238208762 6.4157055318355578 33.849838875234127 2.0005412772297859 5.3227874338626853 6.0891166627407065 212.74904263019562
leaf_count=226 26 15 30 28 20 7 25 40 19 35 60 35 27 33 14 26 20 24 41 287 25 20 2758 11 22 312 20 19 21 798
internal_value=-0.000415274 -0.0301968 0.0447315 -0.00517217 -0.0243037 -0.0366214 0.0159405 0.0216725 0.0339134 0.0335301 -0.00539275 -0.0224342 -0.0300883 -0.000114706 -0.0190592 0.00611947 0.0442729 0.0282831 -0.0372491 -0.0261308 0.00543832 0.0274019 -0.0387915 -0.029054 0.0609889 -0.0369522 -0.0180841 0.0537197 0.0509881 0.051501
internal_weight=697.053 419.998 277.055 85.7993 50.0966 334.199 49.4591 35.7027 27.4525 27.1081 22.351 14.8255 46.8011 8.72042 8.25017 11.4979 24.1425 12.3394 332.035 40.4494 12.8114 8.0311 291.585 24.2755 11.8032 38.0807 4.23089 15.6102 227.596 218.838
internal_count=5044 3969 1075 594 427 3375 226 167 113 105 121 95 412 60 54 51 85 44 3368 373 86 45 2995 237 41 352 40 54 849 819
is_linear=0
shrinkage=0.05


Tree=70
num_leaves=31
num_cat=0
split_feature=21 19 39 42 40 22 37 38 10 13 37 25 39 35 14 22 0 32 24 39 42 37 17 26 35 15 39 21 2 39
split_gain=346.024 65.2334 24.4909 22.9129 28.6672 21.8081 13.0495 12.4071 12.095 10.8802 14.1584 10.4311 7.44393 7.94322 7.02396 6.07247 5.71025 5.56079 5.96554 4.94524 4.3982 2.61158 3.2117 1.98381 1.82625 1.59479 4.84642 1.02356 3.36908 0.645435
threshold=-0.2419175477721858 0.34385128038555252 0.40100575111340181 0.20940654013211643 0.37236406924566101 -0.64853201538657168 -0.011592364651285254 -0.99455459383822342 2.8011843248734505 0.87679238705732743 2.0264252754379988 -0.8497517383995673 0.72205518782103739 -1.6625695657718922 0.11523212543097332 -0.48036801817156011 0.91385439420782333 0.84697742556830669 -0.67715850252549958 0.66762552034154654 -0.23368595598566541 -0.48114191006607981 -0.19313712028924154 0.12431558587123799 0.20151144759469411 0.94122125905950449 -0.38336750736114233 -0.48474116645784837 -0.17652854663477446 1.2689839915512382
decision_type=2 2 2 2 2 2 2 2 2 2 2 2 2 2 2 2 2 2 2 2 2 2 2 2 2 2 2 2 2 2
left_child=2 5 23 4 21 12 7 -4 9 10 11 -7 -2 -14 -9 -12 24 18 -15 -16 -19 22 -3 27 -6 -5 -27 -1 -29 -11
right_child=1 3 6 25 16 8 -8 14 -10 29 15 -13 13 17 19 -17 -18 20 -20 -21 -22 -23 -24 -25 -26 26 -28 28 -30 -31
leaf_value=-0.043922259015035534 0.04052733731290914 0.0492954685201046 -0.049310678472749669 -0.044918872844564937 -0.045365592423556672 0.0056667987915574054 -0.045182036767647482 0.048920949087266262 -0.048766275589924662 0.046600670758964804 0.012766416628118397 0.035628724443096359 -0.046450326541617043 -0.024709499979595588 0.028245224913093905 -0.059313497389387251 0.017005203937272933 0.054443322246696263 0.012876221390356166 -0.033387630538703521 0.0050109305050044586 0.046287719649308369 0.0039180341018899573 -0.015613204334854731 -0.014964202623635273 0.016519520430387787 -0.045229701298677816 0.008249483648938398 -0.044477754632347592 0.037451865316353451
leaf_weight=297.35554237663746 13.704423695802687 6.1136034578084972 6.7758887708187059 31.046071887016296 20.070244386792186 33.311636835336685 14.286743611097334 15.34635397791863 4.2886093258857718 150.41038855910301 5.6621801257133484 227.00549288094044 8.0641811043024045 18.635562717914578 6.8652238547801954 6.03779189288616 5.7644565552473059 8.9842683076858538 24.353210106492046 6.1884167343378067 9.01490870118141 22.842129081487656 10.766359224915503 6.6244567185640326 6.552643582224845 4.7536274492740622 9.58425624668598 4.0832445323467246 11.740370243787764 22.112206265330315
leaf_count=1804 63 26 35 176 108 127 78 66 20 731 20 1007 29 68 26 21 21 32 83 22 30 103 39 31 27 21 52 18 68 92
internal_value=0.00101546 0.022999 -0.0376261 -0.010717 0.00679992 0.030451 -0.00488402 0.0114831 0.0347997 0.0356059 0.0293763 0.0317946 0.00686626 0.000185723 0.0259877 -0.0244306 -0.0281137 0.00635221 -0.00341713 -0.000973428 0.0296851 0.0352667 0.0203529 -0.0426901 -0.037883 -0.0385493 -0.0247572 -0.0432629 -0.0308716 0.0454281
internal_weight=1018.34 649.078 369.266 117.493 72.1094 531.585 49.4626 35.1759 448.828 444.54 272.017 260.317 82.7566 69.0521 28.4 11.7 32.3873 60.9879 42.9888 13.0536 17.9992 39.7221 16.88 319.804 26.6229 45.384 14.3379 313.179 15.8236 172.523
internal_count=5044 2896 2148 573 324 2323 227 149 2018 1998 1175 1134 305 242 114 41 156 213 151 48 62 168 65 1921 135 249 73 1890 86 823
is_linear=0
shrinkage=0.05


Tree=71
num_leaves=31
num_cat=0
split_feature=39 22 20 39 9 19 34 32 25 24 38 0 38 0 23 16 39 31 17 6 25 6 39 7 39 37 5 19 6 21
split_gain=184.86 30.246 13.7855 12.3665 11.3819 6.56335 6.72336 8.55202 9.77101 7.52286 6.4689 6.47604 3.81775 6.82499 3.14712 2.44799 1.94348 2.98751 3.68746 2.02414 1.22543 0.443138 0.390336 0.504039 0.268269 0.0616206 0.03144 0.00450533 0.000380199 0.000353249
threshold=0.72205518782103739 -0.53023881980347387 1.1502077784534082 1.4689419337297975 -1.6515730962881749 0.34385128038555252 -1.3575069246156248 0.91236387360596838 -0.6357010584108741 -0.67715850252549958 0.12609549822401492 0.88740213344458407 0.68162320608969607 0.40947814122785725 -0.30193681387853116 -0.82317086923967497 1.348514492363085 -0.83834634107669281 -0.66425632421042469 -0.32766816248285185 -0.020151844152496805 -0.76826839050245177 0.6954590335867854 -0.16167444974893933 0.92707952421835238 0.51916521509121805 0.55016167339610489 0.10216054946122187 -0.99851173328254628 0.74689109995634972
decision_type=2 2 2 2 2 2 2 2 2 2 2 2 2 2 2 2 2 2 2 2 2 2 2 2 2 2 2 2 2 2
left_child=22 2 5 4 -3 6 14 9 -9 -8 -5 12 13 -12 -2 -16 17 18 -6 -18 -13 -19 28 -24 -7 -26 -27 -4 -1 -30
right_child=1 3 27 10 16 24 7 8 -10 -11 11 20 -14 -15 15 -17 19 21 -20 -21 -22 -23 23 -25 25 26 -28 -29 29 -31
leaf_value=-0.039913331571619318 0.10349411960619737 0.097436591370764936 -0.039623205671798056 -0.039559988973706953 -0.040298703686809309 0.046494563199906302 0.053780100416674387 0.053574915096287992 -0.047535938745730963 0.020947927266135716 0.075957147106112219 -0.042463410480696864 0.071930445018852582 -0.040296183107186571 0.013267593399664114 0.062982053190112575 -0.039409705328883222 -0.01060095461463903 0.059652560998766896 0.020260077515540421 0.015922797646729891 -0.039221821195275494 -0.039627374060738574 0.0068842853408460219 0.061728105592434496 0.056331631205633531 0.059147627883527058 -0.042909759944525824 -0.038970366944670209 -0.038789440934626558
leaf_weight=0.99386804923415084 3.8239267170429256 2.0015713647007933 3.4475804753601542 2.957949202507737 1.8036480620503428 5.746635675430297 32.526195023208857 3.6732553578913212 6.8361159525811654 37.634122636169195 2.5678297579288509 2.239990029484034 10.225471585988997 2.4835732169449329 3.1202716976404199 11.995978638529774 2.1644865982234478 1.4393721856176878 1.8893997818231572 4.1390798464417449 1.5008109807968129 22.389396667480472 1.2766316980123522 1.0712527073919762 8.60240191221237 34.670264571905136 13.880173504352568 1.4949148967862127 128.60415493510664 34.140616413205862
leaf_count=15 13 10 55 50 26 20 125 20 49 207 8 26 32 33 12 48 37 16 19 36 18 428 23 17 28 117 45 11 2700 800
internal_value=0.00137249 0.0308808 0.0416454 -0.000303687 -0.0184165 0.0441473 0.0361624 0.0298681 -0.0121955 0.0361689 0.0292257 0.0399244 0.0543625 0.0188 0.0629711 0.0527201 -0.0252719 -0.0310077 0.0108374 -0.000229029 -0.0190388 -0.037493 -0.0386481 -0.0184058 0.0567924 0.0578278 0.0571367 -0.0406173 -0.0389384 -0.0389324
internal_weight=391.341 225.254 167.452 57.8026 35.827 162.509 99.6099 80.6697 10.5094 70.1603 21.9756 19.0177 15.2769 5.0514 18.9402 15.1163 33.8254 27.5218 3.69305 6.30357 3.7408 23.8288 166.087 2.34788 62.8995 57.1528 48.5504 4.9425 163.739 162.745
internal_count=5044 1489 750 739 572 684 474 401 69 332 167 117 73 41 73 60 562 489 45 73 44 444 3555 40 210 190 162 66 3515 3500
is_linear=0
shrinkage=0.05


Tree=72
num_leaves=23
num_cat=0
split_feature=38 42 39 10 19 32 0 27 21 26 19 1 37 9 40 39 18 18 25 17 19 20
split_gain=521.552 9.45666 4.70212 1.82721 1.46465 0.240073 0.503042 0.764966 0.137059 0.0056597 0.0066392 0.00203028 0.00607807 0.00513659 0.00154634 0.0014682 0.000909479 0.000584628 0.000422364 0.000216908 0.000129508 1.79878e-05
threshold=-1.1479698628609787 0.18091566092529496 0.28430924722021483 -1.2050149975278766 -0.41324989986472599 -1.0927232316203634 -1.2094596607649977 -0.34035706673223354 -1.0840821030426315 -1.1734795531974858 -0.27854517878572921 1.0673779686070748 -0.65107736522906023 -0.16710723501998992 0.44898798543131052 1.4556558042501138 -0.77185682698006441 0.7911772135932017 0.14371510382583869 -0.27662718032165529 -0.59677486573537519 -1.0603712108618153
decision_type=2 2 2 2 2 2 2 2 2 2 2 2 2 2 2 2 2 2 2 2 2 2
left_child=1 2 4 -2 5 6 8 -8 -1 -5 15 12 13 -12 -14 16 -11 -18 20 -13 -17 -21
right_child=3 -3 -4 9 -6 -7 7 -9 -10 10 11 19 14 -15 -16 18 17 -19 -20 21 -22 -23
leaf_value=0.049409563125023016 -0.0076411233829971476 -0.014677135859323766 0.007076868890302894 -0.043536420630255951 0.028709124502739915 0.059867576672496349 0.051108637150643288 0.024760267117976801 0.041774004453932069 -0.041713439311457712 -0.04328058815783524 -0.041430237643061037 -0.040911006949805456 -0.041526751544139429 -0.041277830046474367 -0.040892482788912332 -0.040782573558001897 -0.040573408531461373 -0.041805859300010136 -0.041071482133023252 -0.041166473432032759 -0.040938584886716235
leaf_weight=268.01178090274334 4.1468288376927367 6.2524742335081092 7.0498669147491446 2.2047251984477034 9.1642530262470228 5.0045398473739615 5.6894755214452744 5.3403841108083707 6.0088995844125739 2.1249148845672599 6.3256351202726391 2.3624792620539656 42.875950016081333 12.278220176696776 87.078106038272381 6.9137884378433272 62.554186247289181 71.697694107890129 2.1383727043867102 2.6422125473618499 11.464479632675648 70.037192918360233
leaf_count=1101 27 27 27 16 29 19 22 20 24 18 47 21 430 108 799 69 637 770 18 25 107 683
internal_value=-0.00184322 0.0461958 0.0474386 -0.0406527 0.0483895 0.0490113 0.0488207 0.0383514 0.0492421 -0.0410104 -0.0409958 -0.0411707 -0.0412778 -0.0421231 -0.0411568 -0.0407464 -0.0406871 -0.0406709 -0.0411408 -0.0409587 -0.0410634 -0.0409434
internal_weight=699.366 312.522 306.269 386.845 299.219 290.055 285.051 11.0299 274.021 382.698 380.493 223.6 148.558 18.6039 129.954 156.893 136.377 134.252 20.5166 75.0419 18.3783 72.6794
internal_count=5044 1269 1242 3775 1215 1186 1167 42 1125 3748 3732 2113 1384 155 1229 1619 1425 1407 194 729 176 708
is_linear=0
shrinkage=0.05


Tree=73
num_leaves=31
num_cat=0
split_feature=14 22 42 25 25 0 25 24 17 18 40 0 1 38 37 24 33 14 37 32 22 19 22 19 11 7 15 9 8 25
split_gain=341.741 26.2926 18.8178 16.4291 10.4502 7.56469 6.73374 5.15624 8.1123 4.71796 3.92885 4.39379 3.68351 5.88958 3.54334 3.25452 4.00851 2.31323 7.32979 3.9127 2.62293 1.63814 1.6314 1.62553 1.03366 15.5114 0.77252 0.687987 0.62417 3.15916
threshold=0.069015071608312314 -0.29904614670105178 0.37266061967312858 0.23722900443935641 -1.3376848582170384 4.129141550800207 0.2064142815660325 0.15704787828691333 0.1972423304299524 -0.55098884106217705 -0.16400334405388545 0.38986185796523037 0.083491358419751263 0.27854734946416743 -0.41393385449224918 1.4390128466240413 2.3517377999357558 -0.2911107335997391 -0.3422345778032429 -1.2188256671215683 -0.36744787555895403 0.34385128038555252 -0.13202778765164053 -0.48591384423256928 -0.90480988891854508 -0.55498518404199049 -0.70787306202070976 -0.85462622701907021 1.1207577966639712 0.23722900443935641
decision_type=2 2 2 2 2 2 2 2 2 2 2 2 2 2 2 2 2 2 2 2 2 2 2 2 2 2 2 2 2 2
left_child=1 5 6 4 -3 17 9 8 14 -2 11 -8 26 -14 -5 -11 -17 24 19 23 -21 -9 -10 -19 25 -1 -6 -28 29 -4
right_child=2 3 28 7 12 -7 10 21 22 15 -12 -13 13 -15 -16 16 -18 18 -20 20 -22 -23 -24 -25 -26 -27 27 -29 -30 -31
leaf_value=-0.040605161780951214 0.036073243919979625 0.067570488790947153 0.0092948938266592535 0.0090172310754420976 -0.014580294993730342 0.058039359136271555 0.038722496288324346 0.071777682810360191 0.058444931747805323 -0.046663431164452984 0.056863774465410702 -0.013480434939352602 0.040880373894156538 -0.041673056520347737 -0.043115930733915626 0.027837187966934535 -0.034471847238483941 -0.043763943415962285 -0.040556495250340975 0.0016242207038449103 0.066646356542183358 0.03284139887556272 0.019728884271968953 0.0068749726582456976 -0.039399375039033874 0.1088287102930478 -0.014834800912505051 -0.041122544841112225 0.050661355023162873 0.051569592974831852
leaf_weight=21.152563035488132 5.2502582967281368 2.9501428157091132 5.6410046517848995 6.2598283886909467 3.6105917245149604 2.1138366758823386 9.7997447401285225 4.7935089170932752 5.7940881848335266 6.2885919883847263 10.031057000160216 6.8470920473337165 4.3394708782434446 4.3026825040578842 6.7996983900666272 5.5616928637027723 4.8165919929742813 3.6029279381036758 26.104548513889313 3.0991336703300476 3.1047625094652158 6.1892765015363693 5.1300144270062429 2.8292132318019867 252.4060078188777 1.8918937742710102 2.7134007588028863 30.086702048778537 192.32945574820042 20.404564827680588
leaf_count=228 17 12 20 38 32 7 34 16 19 39 34 37 22 39 43 29 36 30 287 24 16 26 25 16 2758 9 18 304 751 78
internal_value=-0.000377547 -0.0296593 0.0434156 -0.00460718 -0.0235965 -0.0362307 0.0152753 0.0214619 0.00846892 -0.00525928 0.0321454 0.0172507 -0.0295663 -0.000220632 -0.0181269 -0.0182795 -0.00108062 -0.0368649 -0.0254251 0.00583468 0.0341648 0.0498354 0.0402637 -0.0214901 -0.0384739 -0.028337 -0.0365315 -0.0389479 0.0496777 0.0424136
internal_weight=666.244 399.274 266.97 82.9694 48.003 316.305 48.595 34.9664 23.9836 21.9171 26.6779 16.6468 45.0528 8.64215 13.0595 16.6669 10.3783 314.191 38.7406 12.636 6.2039 10.9828 10.9241 6.43214 275.45 23.0445 36.4107 32.8001 218.375 26.0456
internal_count=5044 3969 1075 594 427 3375 226 167 125 121 105 71 415 61 81 104 65 3368 373 86 40 42 44 46 2995 237 354 322 849 98
is_linear=0
shrinkage=0.05


Tree=74
num_leaves=31
num_cat=0
split_feature=21 9 22 39 25 40 37 13 26 19 24 9 23 13 25 0 25 40 12 3 26 9 0 26 37 4 1 39 42 4
split_gain=315.755 58.7878 57.4437 23.1934 16.2064 13.4952 12.0888 11.1039 8.96452 7.99375 6.9322 6.72826 6.53508 6.39338 20.9897 6.3449 6.10956 5.48175 8.23705 4.17995 1.97889 1.83697 1.55879 1.37585 1.0477 3.97624 0.660214 0.25425 0.160004 0.0122122
threshold=-0.2419175477721858 0.6279740506999113 -0.74317511424554128 0.40100575111340181 0.26789236526763566 1.1896858418925891 -0.011592364651285254 -0.86052761804996714 0.30726207217244045 0.34385128038555252 0.47186424672832639 -1.1212225276533125 -0.92589669570155164 0.67236684173257666 -0.81472861407128261 1.1397388681411023 0.3229737771719729 0.70440103938347554 0.57798937626764835 0.92239650398035333 0.12431558587123799 -1.6515730962881749 0.75424918038917765 -0.27769303613043334 -0.71052643567354024 -0.16802333099903957 0.65486814817006345 1.1444250533633491 -0.3077669908979539 -1.2565290392760424
decision_type=2 2 2 2 2 2 2 2 2 2 2 2 2 2 2 2 2 2 2 2 2 2 2 2 2 2 2 2 2 2
left_child=3 2 9 20 5 13 7 28 -6 11 15 -2 -10 14 -4 -7 -14 -13 -19 23 24 -15 -11 27 29 -26 -3 -9 -5 -1
right_child=1 26 4 6 8 10 -8 19 12 22 -12 17 16 21 -16 -17 -18 18 -20 -21 -22 -23 -24 -25 25 -27 -28 -29 -30 -31
leaf_value=-0.043153090636856864 -0.054023676218940331 -0.022336294365157189 -0.024742382543580851 -0.031745928814311354 -0.047803571978534132 0.016085317780482316 -0.044609682475486925 0.051871066624028885 -0.029650272226994324 -0.044347001643047258 -0.030557799412344152 0.049885909237723958 -0.014293924992027543 0.019415199097825894 0.037009822635738598 0.045339675941401814 0.040970753652724463 -0.034832202401880306 0.021813130390388399 -0.011908582610437358 -0.014757179651598701 0.04476361146957078 -0.0086372883899228769 0.019572064625336158 0.015758674797060182 -0.04395586121355502 -0.043960420544923391 0.037512141347087025 -0.045809328001367521 -0.043818859841085765
leaf_weight=157.62517149746418 5.6482456326484671 3.9969742000102988 15.397394865751265 3.6458414793014526 7.7288081943988791 88.88775247335434 13.537231892347334 8.784638896584509 7.1513472646474865 23.211967557668689 6.5957489609718314 5.6431452780962017 7.0750833898782757 7.3913070112466803 129.45583733916283 23.417594775557518 17.059064671397209 11.9919850230217 13.806707203388212 5.4030597507953635 6.4563223123550406 216.48578757047653 3.5193690657615653 7.0345759838819584 3.6244590133428582 12.075855612754818 30.198268726468086 4.7497704327106485 4.5423419624566979 122.33788116276264
leaf_count=1039 22 14 59 20 31 341 78 37 29 135 28 20 29 32 594 109 65 48 46 20 31 1093 16 26 17 74 185 22 24 760
internal_value=0.00100737 0.0223063 0.0259975 -0.0370257 0.0314265 0.0339075 -0.00462358 0.0112224 0.000417488 -0.0188016 0.0192596 -0.00377905 0.0123301 0.0386308 0.0304458 0.0221854 0.0247696 0.00524695 -0.00451727 0.0272285 -0.0421412 0.0439267 -0.0396456 0.0375091 -0.0427392 -0.0301706 -0.0414328 0.0468319 -0.0395475 -0.043444
internal_weight=974.48 624.662 590.467 349.817 526.646 487.631 47.6975 34.1602 39.0143 63.8214 118.901 37.0901 31.2855 368.73 144.853 112.305 24.1341 31.4418 25.7987 25.972 302.12 223.877 26.7313 20.569 295.663 15.7003 34.1952 13.5344 8.18818 279.963
internal_count=5044 2896 2697 2148 2410 2256 227 149 154 287 478 136 123 1778 653 450 94 114 94 105 1921 1125 151 85 1890 91 199 59 44 1799
is_linear=0
shrinkage=0.05


Tree=75
num_leaves=31
num_cat=0
split_feature=39 22 39 9 0 38 0 25 16 38 38 37 17 40 38 0 21 20 4 33 38 10 20 23 0 35 25 19 20 40
split_gain=170.764 26.6582 11.3488 10.3014 9.73664 5.92998 5.80794 5.7454 6.94925 7.60043 4.52953 5.51243 4.16935 3.63068 3.41326 6.2173 2.55717 6.75739 4.42438 2.4967 3.65135 5.84855 2.53286 1.88268 2.80803 1.62705 1.19532 0.572986 0.4792 0.416619
threshold=0.72205518782103739 -0.53023881980347387 1.4689419337297975 -1.6515730962881749 1.0235272506306921 0.12609549822401492 0.88740213344458407 -0.81472861407128261 -0.366106693029354 0.72266205176899356 0.92235310963637007 0.65227187534803144 -0.96387960031944597 1.394016285054321 0.68162320608969607 0.40947814122785725 0.71661236021803976 0.85352480883478588 0.69098171574964151 -0.60144044270347041 0.83350425340602252 0.81897829847411507 -0.81226280587683053 0.17782530240038033 0.065301534892677135 -0.91157289851629109 -0.020151844152496805 -0.051079050638459446 1.0222268895983162 1.6749706444017025
decision_type=2 2 2 2 2 2 2 2 2 2 2 2 2 2 2 2 2 2 2 2 2 2 2 2 2 2 2 2 2 2
left_child=-1 4 3 -3 7 -4 14 16 10 -10 11 -9 -6 -12 15 -7 23 18 -18 20 27 -22 -21 24 -2 -25 -8 -5 -19 -24
right_child=1 2 5 19 12 6 26 8 9 -11 13 -13 -14 -15 -16 -17 17 28 -20 22 21 -23 29 25 -26 -27 -28 -29 -30 -31
leaf_value=-0.038540089386000981 0.055686894708167928 0.089761248872792188 -0.039442258071719159 -0.040000111075025116 0.039209486577995147 0.07235535191180939 -0.042217421196540046 0.014242015364910371 -0.039535185813019486 0.043629233689412544 -0.021864308014778826 0.054188054860610881 -0.040564250754734403 0.041489016958563524 0.068862219542424052 -0.04016502251483603 -0.030446668688797945 0.068285758674094019 0.038319967310511405 0.03165666757247209 0.086291867049814619 -0.039029793182849597 -0.039222428411025696 0.053149475218554822 0.014409690684881347 0.072011346544435986 0.016084575136255629 -0.00053731100272137484 0.049907966233976399 -0.011325462442098736
leaf_weight=156.23653082363307 13.12290681153536 2.0888845324516288 2.7984477803111103 3.7626848891377449 2.3899407833814621 2.5459869205951717 2.13269379362464 11.288031976670025 6.487717788666485 4.7651092298328876 5.0648258663713914 36.766359087079763 5.2051895521581164 4.0857620984315872 10.140670269727705 2.3709018751978874 4.706997215747835 6.5942910611629468 4.6494902968406677 1.4114727079868306 2.2540831267833714 1.5860221385955808 20.736411347985275 26.260171107947826 6.0059063434600821 20.24981801211834 1.4956996850669373 1.2174520082771758 7.6759920343756676 1.4306716546416272
leaf_count=3555 48 10 50 62 22 8 26 64 50 23 31 146 71 14 32 33 25 21 19 9 10 33 410 92 26 71 18 17 27 21
internal_value=0.00148059 0.0297362 -8.87189e-05 -0.0178588 0.039834 0.0284365 0.0386022 0.0424968 0.0315996 -0.00431848 0.0386651 0.0448047 -0.015462 0.00642312 0.0522859 0.0180985 0.0508538 0.0367484 0.00372532 -0.0247975 -0.00210369 0.0345321 -0.0332867 0.0559311 0.042727 0.0613617 -0.0181841 -0.030353 0.0584003 -0.0374219
internal_weight=377.527 221.291 55.9721 34.4877 165.319 21.4844 18.686 157.723 68.4578 11.2528 57.205 48.0544 7.59513 9.15059 15.0576 4.91689 89.2656 23.6268 9.35649 32.3988 8.82024 3.84011 23.5786 65.6388 19.1288 46.51 3.62839 4.98014 14.2703 22.1671
internal_count=5044 1489 739 572 750 167 117 657 328 73 255 210 93 45 73 41 329 92 44 562 122 43 440 237 74 163 44 79 48 431
is_linear=0
shrinkage=0.05


Tree=76
num_leaves=29
num_cat=0
split_feature=20 1 0 39 39 20 21 21 5 35 35 42 8 0 37 19 1 37 9 40 40 32 25 39 22 17 21 8
split_gain=472.629 12.3183 2.91665 7.86595 5.01528 2.16401 5.18708 1.49216 0.572445 0.433357 0.199428 0.159624 0.113142 0.0328148 0.00748847 0.00603695 0.00217062 0.00576416 0.00528733 0.00149335 0.00138368 0.00083264 0.000474256 0.000307052 0.000207135 0.000192457 4.12626e-05 9.82337e-06
threshold=-1.1586838027550448 0.98031893279753557 -1.2382896528327978 -1.2834461488491959 -0.31657616884807932 -1.0603712108618153 -1.0241183243451941 -1.1330624173251918 -1.2085057952819418 -0.039880338308894279 0.25515406668438018 -0.14977595234353258 -0.70230854097284323 -1.184790698480179 -0.86780125968590804 -0.27854517878572921 1.0673779686070748 -0.65107736522906023 -0.16710723501998992 1.1896858418925891 0.55115320701217652 0.71182597270474679 0.1899709929938547 1.5221449237418858 -0.66361224482209191 -0.27662718032165529 0.89086353890811798 0.98517880861868057
decision_type=2 2 2 2 2 2 2 2 2 2 2 2 2 2 2 2 2 2 2 2 2 2 2 2 2 2 2 2
left_child=1 2 8 -4 7 6 14 -5 10 -9 11 12 -1 -7 -2 19 17 18 -17 21 -19 23 24 -15 -21 -18 -23 -27
right_child=5 -3 3 4 -6 13 -8 9 -10 -11 -12 -13 -14 15 -16 16 25 20 -20 22 -22 26 -24 -25 -26 27 -28 -29
leaf_value=0.040558176098408158 -0.040967216225015951 -0.033523314815483957 -0.019427926707924988 0.073224429485316808 0.0037491674496798453 -0.047873306294881859 0.044931284180812464 0.049688737616032479 0.03054285070193859 0.032680096523400752 0.038257640515765905 0.057303998847713977 0.048312129613468688 -0.040562689381555522 -0.044848584316937008 -0.043071675781194814 -0.041176357006706979 -0.040712170339738368 -0.04124703708357854 -0.041117187750414751 -0.041060053983422384 -0.040410289646767322 -0.041460758873541427 -0.041059993275051034 -0.040709561486696355 -0.040802764453037682 -0.040303949835362021 -0.040689643924024424
leaf_weight=4.800310567021369 3.1807306855916977 4.9705301672220221 6.013762727379798 6.4310450553894034 6.6552483588457099 1.6316126137971867 2.5144539624452582 15.759446665644647 4.7099197804927817 4.9122636467218426 5.005822241306304 4.8665043711662284 235.80622230470181 40.266867242753506 2.0395212396979332 6.237130448222163 2.1257209852337828 45.248708136379719 10.924118451774119 3.4936486929655066 77.604349352419376 10.863162152469156 2.5580664202570906 3.3631455898284903 28.870681382715702 1.9783051908016194 56.924394749104977 64.224864110350609
leaf_count=21 31 34 21 22 25 9 12 65 20 20 20 19 1019 435 16 48 20 478 102 33 749 122 23 32 301 20 660 667
internal_value=-0.00194097 0.0445343 0.0458497 0.0332554 0.0426406 -0.0402308 -0.0140662 0.0521906 0.0478126 0.0456469 0.0481373 0.0483388 0.0481574 -0.0407987 -0.0424836 -0.0407662 -0.0409391 -0.0410518 -0.0419102 -0.0405201 -0.0409319 -0.0404306 -0.0408054 -0.040601 -0.0407536 -0.0407081 -0.040321 -0.040693
internal_weight=663.981 299.931 294.961 39.7718 33.758 364.049 7.73471 27.1028 255.189 20.6717 250.479 245.473 240.607 356.315 5.22025 354.683 208.343 140.014 17.1612 146.34 122.853 111.418 34.9224 43.63 32.3643 68.3289 67.7876 66.2032
internal_count=5044 1286 1252 153 132 3758 59 107 1099 85 1079 1059 1040 3699 47 3690 2084 1377 150 1606 1227 1249 357 467 334 707 782 687
is_linear=0
shrinkage=0.05


Tree=77
num_leaves=31
num_cat=0
split_feature=14 22 42 38 39 38 0 0 38 17 17 39 40 22 9 9 14 37 32 12 16 19 6 11 23 1 34 22 42 37
split_gain=312.07 25.1924 17.7099 14.1284 20.1629 10.216 8.04478 7.10962 5.69963 5.61088 5.13464 3.81788 3.52925 3.82509 3.49829 2.60964 2.33554 7.15487 3.57071 2.06084 1.96659 1.70984 1.48775 1.049 14.4785 0.661054 1.1831 0.311593 0.53731 0.283929
threshold=0.069015071608312314 -0.29904614670105178 0.37266061967312858 0.24540855549257187 0.55232073140037263 -1.2162848747009487 3.8467859583836073 4.129141550800207 0.095731318274349719 -0.018562052609697597 -0.026538201436810255 0.66762552034154654 -0.16400334405388545 0.13399498508921576 0.21629117315501026 -0.85462622701907021 -0.2911107335997391 -0.3422345778032429 -1.2188256671215683 -0.068224522454600131 1.9697145378906644 -0.48129971732131088 -0.14067453865061227 -0.90480988891854508 -0.035657825745135395 0.90654859328389648 0.51397063759567507 -0.44626766395932904 -0.4968310025900135 0.24312514968328938
decision_type=2 2 2 2 2 2 2 2 2 2 2 2 2 2 2 2 2 2 2 2 2 2 2 2 2 2 2 2 2 2
left_child=1 7 9 4 5 -3 15 16 10 11 -7 20 14 -14 -11 -5 23 18 21 -16 -2 -18 -20 24 -1 26 -4 -25 -29 -27
right_child=2 3 25 6 -6 8 -8 -9 -10 12 -12 -13 13 -15 19 -17 17 -19 22 -21 -22 -23 -24 27 -26 29 -28 28 -30 -31
leaf_value=-0.040370987207609656 -0.045974953110237457 -0.04131263569934826 0.05323255617385253 0.012735331893715066 -0.042067481797959397 -0.0072501777547529477 0.058685614257152408 0.05659768308004344 0.088688664092625782 -0.017129499118391161 0.044877804841824021 0.033205649161901905 0.0066462507568795411 0.062131214364962245 0.045142468973827336 -0.041031794231752683 -0.043513100187180645 -0.040362426619567522 0.0074659722524813357 0.0041676128251752478 -0.0021609872823268534 0.0094110433020964928 0.056444083582573468 -0.040378411771421124 0.10282065233620825 0.049501984842116681 0.022320514793045004 -0.039376495402791797 -0.03039723799271872 0.037512890024683179
leaf_weight=19.93526000529528 5.9507662728428823 4.1639858782291403 6.0005297213792783 2.4566178768873241 12.30641747266054 6.2316624522209194 2.3873526751995078 2.0651471912860861 5.4172675609588614 6.7842070981860187 19.525570966303352 3.5022137910127631 4.5493058338761321 9.7922029197216016 7.1111092716455433 27.741410829126835 3.5276254713535309 24.625011160969734 2.9764275476336479 5.3981411457061776 4.4961941316723824 2.6897537410259247 3.2363680228590948 161.50780021026731 1.9368508681654919 191.50053162872791 6.3931916505098343 52.126430131494999 24.486635982990265 5.0690150558948508
leaf_count=229 45 38 22 15 106 37 8 7 24 35 69 14 23 33 26 297 31 287 25 20 30 15 15 1874 8 784 23 607 277 20
internal_value=-0.000375097 -0.0291804 0.0422178 -0.00430114 0.0130509 0.0322456 -0.0296725 -0.0358536 0.0420707 0.0146883 0.032266 -0.0119727 0.0257452 0.0445307 0.0117812 -0.0366578 -0.0364964 -0.0247526 0.00617137 0.0274605 -0.0271182 -0.0206171 0.0329796 -0.0381701 -0.0276909 0.0484867 0.0372869 -0.0391327 -0.0365066 0.0491928
internal_weight=635.891 379.344 256.547 80.2303 47.6449 35.3385 32.5854 299.113 31.1745 47.5841 25.7572 13.9492 33.635 14.3415 19.2935 30.198 297.048 37.0552 12.4302 12.5093 10.447 6.21738 6.2128 259.993 21.8721 208.963 12.3937 238.121 76.6131 196.57
internal_count=5044 3969 1075 594 274 168 320 3375 130 226 106 89 137 56 81 312 3368 373 86 46 75 46 40 2995 237 849 45 2758 884 804
is_linear=0
shrinkage=0.05


Tree=78
num_leaves=31
num_cat=0
split_feature=21 9 14 40 21 38 37 42 37 0 21 32 14 17 37 25 40 25 20 30 25 37 0 42 38 7 30 42 25 25
split_gain=288.114 53.4426 38.7627 15.2017 20.749 17.7017 14.694 17.6045 17.2207 11.7828 11.6777 7.98139 7.26721 6.93398 5.26408 5.187 5.46586 3.67357 7.44127 3.20008 4.24751 3.88076 2.76195 2.71573 1.77763 1.27261 1.03095 0.964582 0.846303 0.846039
threshold=-0.2419175477721858 0.6279740506999113 -0.72578312324226713 0.44898798543131052 0.410856458939027 -0.11470899715482819 -0.76378786205768689 0.18091566092529496 0.017063111410815016 3.8467859583836073 0.9698257425393968 0.20187005876816194 -0.89942130176222701 0.050492471930623534 0.24312514968328938 0.27947024803884557 -0.31725117642518441 -1.3376848582170384 0.71536362200258452 0.65271585807010057 -0.81472861407128261 0.83282756355708043 0.6680564205988474 -0.21388170583965324 -0.79481321397036553 3.5641458475787169 -0.47330940701386137 0.75244568302758685 -0.02701130796303922 0.68547819339675919
decision_type=2 2 2 2 2 2 2 2 2 2 2 2 2 2 2 2 2 2 2 2 2 2 2 2 2 2 2 2 2 2
left_child=6 2 12 15 5 -5 26 8 13 10 -6 -7 14 24 -2 17 -17 18 -4 20 -14 -21 -16 -23 -8 -19 -1 -9 -26 -28
right_child=1 -3 3 4 9 11 7 27 -10 -11 -12 -13 19 -15 22 16 -18 25 -20 21 -22 23 -24 -25 28 -27 29 -29 -30 -31
leaf_value=-0.042662262907765092 0.023115950877661183 -0.040780409353790799 -0.035655578155289726 0.048591833505707956 0.021339299136134887 -0.057834886316418636 0.019308625289225785 -0.018450367132406317 -0.044231340783608554 -0.051167318467214729 0.044697463885868864 -0.0078609029217609136 -0.032246368059782794 -0.020759027538856667 -0.040635526786527404 0.045275181837475274 -0.01375510808827643 0.045301945452621291 0.045183680762517345 0.045295931868793243 0.015231415570313845 0.023268401560422272 -0.0066587132094031 -0.014849447565053598 0.043858825401100004 0.016292161572941496 -0.0097966550134722039 -0.043933673536984352 0.069022490164568712 -0.043201343328421578
leaf_weight=249.27603268623352 5.155233532190322 32.430559232831001 4.4013229161500922 11.177732571959494 131.64364869892597 11.473237082362173 5.550077989697459 4.1834026575088492 11.140092596411703 4.4690757840871802 90.151190340518951 26.314633265137672 9.77844385802746 5.2975145578384391 22.287588611245159 7.1995696872472754 8.6125611513853055 178.84908020496368 8.0593777745962125 8.5598732531070727 9.0898491591215116 9.5657862871885317 8.1751642525196058 9.1349871009588224 9.7540560364723223 3.8621062934398642 4.4174498766660681 33.049503937363625 5.0823003351688376 3.3200477957725525
leaf_count=1694 20 199 17 49 568 48 28 22 67 20 459 106 38 25 118 30 35 946 43 36 39 39 36 35 41 15 18 213 18 22
internal_value=0.000997829 0.0216475 0.0252121 0.0305681 0.0228274 -0.00668354 -0.03645 -0.0168266 0.00768646 0.0292139 0.0308335 -0.0230341 -0.00664423 0.0302052 -0.0236099 0.0406659 0.0131225 0.0428973 0.0166299 0.00645561 -0.00937382 0.0174119 -0.0315173 0.00464853 0.0434484 0.0446887 -0.0421043 -0.0410704 0.0524788 -0.0241301
internal_weight=931.461 600.391 567.96 486.214 275.23 48.9656 331.07 74.0569 36.824 226.264 221.795 37.7879 81.7469 25.6839 35.618 210.984 15.8121 195.172 12.4607 46.1289 18.8683 27.2606 30.4628 18.7008 20.3864 182.711 257.014 37.2329 14.8364 7.7375
internal_count=5044 2896 2697 2336 1250 203 2148 414 179 1047 1027 154 361 112 174 1086 65 1021 60 187 77 110 154 74 87 961 1734 235 59 40
is_linear=0
shrinkage=0.05


Tree=79
num_leaves=31
num_cat=0
split_feature=39 22 39 9 0 38 0 25 24 38 38 17 38 10 24 37 33 38 30 21 25 39 10 23 24 35 25 26 8 39
split_gain=158.344 23.5362 10.5177 9.39671 8.64597 5.51402 5.32909 5.19405 9.05866 13.2484 5.13705 3.99327 3.17168 5.68808 2.97557 2.54921 2.449 3.46981 4.30537 2.30954 5.62777 8.32778 2.26176 1.7699 3.81755 1.43015 1.16131 0.746033 0.492802 0.426807
threshold=0.72205518782103739 -0.53023881980347387 1.4689419337297975 -1.6515730962881749 1.0235272506306921 0.12609549822401492 0.88740213344458407 -0.81472861407128261 -0.56030985348830897 0.72266205176899356 0.92235310963637007 -0.96387960031944597 0.68162320608969607 0.40790268307597671 -0.79673437196023267 0.65227187534803144 -0.60144044270347041 0.83350425340602252 0.75115491438615678 0.71661236021803976 -1.2098622607919063 1.1444250533633491 -0.76923347167158995 0.17782530240038033 -0.81708717351335214 -0.7841716781782857 -0.020151844152496805 0.20601984188925068 -0.43471049639344045 0.6954590335867854
decision_type=2 2 2 2 2 2 2 2 2 2 2 2 2 2 2 2 2 2 2 2 2 2 2 2 2 2 2 2 2 2
left_child=29 4 3 -3 7 -4 12 19 10 27 15 -6 13 -7 -12 -9 17 28 -19 23 21 -21 -18 24 -2 -25 -8 -10 -5 -1
right_child=1 2 5 16 11 6 26 8 9 -11 14 -13 -14 -15 -16 -17 22 18 -20 20 -22 -23 -24 25 -26 -27 -28 -29 -30 -31
leaf_value=-0.038765256164869831 0.056237774659555352 0.083537591701085642 -0.03934773846003374 -0.0044661099697783689 0.037980481668406937 0.0691693158713515 -0.042047527607890323 0.026223904805487919 -0.016552604363359317 0.048786433868240192 -0.022238668215642639 -0.04042329573259118 0.066830681440633921 -0.04004662744506976 0.035716417942154056 0.056068023474775665 0.027167535283703949 0.089566498196963648 -0.017502928580262776 0.050641334187598801 0.06507609087923083 -0.02713459100869894 -0.037222007701835674 0.052166124984711959 0.0078118188066465203 0.070447713769768147 0.016009292043557978 -0.045492561893568345 -0.040002269713195537 -0.016359219968184683
leaf_weight=144.73815334960818 12.771744981408121 2.1588624343276015 2.6604315228760269 1.366375684738159 2.4192568585276604 2.5119744241237667 2.0388276465237145 9.2979470975697023 3.2188626714050788 8.047900374978779 4.3679998852312565 4.9406714476644984 10.022069454193113 2.2689994759857655 4.4928204864263517 31.050345554947853 1.458734624087813 1.8213658258318903 1.937842011451721 7.5282599106431025 9.4760214462876302 6.340455524623394 20.958926521241665 28.365726135671139 5.9730939716100684 17.175145588815212 1.491447377949952 7.2262533344328403 3.4112460725009459 2.1570801436901084
leaf_count=3515 46 10 50 22 22 8 26 51 26 39 20 71 32 33 23 117 10 7 36 31 32 29 430 102 28 61 18 52 57 40
internal_value=0.00164382 0.0288006 0.00023349 -0.0173193 0.0383012 0.0279195 0.037681 0.0408102 0.0304081 0.000573569 0.0416201 -0.0146515 0.0508455 0.0173366 0.00714708 0.0491907 -0.0243534 -0.00156317 0.0343731 0.0488466 0.0353766 0.015084 -0.0330321 0.0537381 0.0408067 0.0590608 -0.0175201 -0.0365742 -0.0298391 -0.0384362
internal_weight=363.695 216.8 54.1071 33.1134 162.693 20.9937 18.3333 155.333 67.7021 18.493 49.2091 7.35993 14.803 4.78097 8.86082 40.3483 30.9545 8.53683 3.75921 87.6304 23.3447 13.8687 22.4177 64.2857 18.7448 45.5409 3.53028 10.4451 4.77762 146.895
internal_count=5044 1489 739 572 750 167 117 657 328 117 211 93 73 41 43 168 562 122 43 329 92 60 440 237 74 163 44 78 79 3555
is_linear=0
shrinkage=0.05


Tree=80
num_leaves=24
num_cat=0
split_feature=38 42 39 20 19 0 5 21 19 19 21 9 37 1 40 40 13 25 25 22 18 36 18
split_gain=440.913 14.7213 5.60154 1.92472 1.71686 0.226594 0.550466 0.0790143 0.00441748 0.00292488 0.00236772 0.00183916 0.00209569 0.00442147 0.00154061 0.00118641 0.000822374 0.000434219 0.000297322 0.000233043 8.10682e-05 2.09064e-05 7.88039e-06
threshold=-1.1479698628609787 0.18091566092529496 0.42802052377877892 -1.1880612340604182 -0.45160639048194023 -1.178846370218777 -1.1636099731736771 -1.0840821030426315 -0.27854517878572921 4.0772924754326292 -0.68838053371746266 1.2589373296550754 -0.65107736522906023 -0.43408118488964592 0.44898798543131052 1.1641445364973724 0.67236684173257666 0.26002134966709262 -0.81472861407128261 -0.65578360094895605 0.82276763599921232 -2.0107476101994197 -1.1464668313547912
decision_type=2 2 2 2 2 2 2 2 2 2 2 2 2 2 2 2 2 2 2 2 2 2 2
left_child=1 2 4 -2 5 6 7 -1 10 11 -5 12 13 -10 -14 16 18 19 -12 -17 -18 -13 -23
right_child=3 -3 -4 8 -6 -7 -8 -9 9 -11 15 21 14 -15 -16 17 20 -19 -20 -21 -22 22 -24
leaf_value=0.047511889946779712 -0.0044585677909135587 -0.02404987189317366 -0.0057518689762986186 -0.041787614475000012 0.025502286336368564 0.058255130363891995 0.031878861837864432 0.042575401036301336 -0.04295155782859772 -0.042554967620006476 -0.040976135926584029 -0.040632393830871097 -0.040460117383256597 -0.040941617872872864 -0.040849461304785672 -0.04095210083195059 -0.040220703841305099 -0.041308075340909599 -0.040388679325953858 -0.040490861615625817 -0.04009511028850668 -0.040563883396696754 -0.040464020478249964
leaf_weight=250.64084948599339 3.7312526851892462 7.8170047998428336 5.2324030101299277 2.8071677312254897 9.4370303750038129 4.5559523105621329 5.8782257884740821 8.3769782632589322 3.2988578528165844 2.1468824669718733 2.298252895474433 1.9852714538574208 37.765691377222538 16.040664121508598 77.644912786781788 3.0373520851135281 17.634874008595943 1.9364697411656369 34.279904741793871 27.838958069682121 47.340263471007347 2.0458497479557982 57.458604067564011
leaf_count=1134 22 34 21 24 32 18 25 36 26 17 23 21 427 161 791 30 210 18 390 308 587 22 635
internal_value=-0.00140898 0.0436409 0.0455032 -0.0401715 0.0464649 0.047199 0.0470089 0.0473522 -0.0405686 -0.0407195 -0.0403504 -0.0406994 -0.0408028 -0.0412845 -0.0407221 -0.0403204 -0.040236 -0.0405818 -0.0404256 -0.0405362 -0.0401292 -0.0404728 -0.0404675
internal_weight=631.23 291.938 284.121 339.291 278.889 269.452 264.896 259.018 335.56 198.387 137.173 196.24 134.75 19.3395 115.411 134.366 101.553 32.8128 36.5782 30.8763 64.9751 61.4897 59.5045
internal_count=5012 1300 1266 3712 1245 1213 1195 1170 3690 2100 1590 2083 1405 187 1218 1566 1210 356 413 338 797 678 657
is_linear=0
shrinkage=0.05


Tree=81
num_leaves=31
num_cat=0
split_feature=22 1 0 1 37 40 39 24 25 24 1 38 34 7 40 7 3 33 38 25 37 38 40 17 34 15 23 35 39 18
split_gain=298.547 33.6058 7.27156 7.51518 10.0193 7.26104 9.30534 6.38232 6.14224 5.43046 4.92491 6.14818 5.58896 4.5089 2.84612 2.81223 2.35562 2.31204 2.20309 2.07305 1.60768 7.13677 6.23468 2.25477 0.936969 0.899797 0.872871 0.788834 0.623312 0.316024
threshold=-0.20861791131079027 -0.057034302645357658 3.8467859583836073 0.3469917986042419 -0.22557618425892642 -0.21508595484431844 0.2418042422128481 1.5406684420530381 0.47950345113005188 -0.36309798156842477 0.90654859328389648 0.27854734946416743 0.40736748531781425 3.3075153256659049 0.2957401530600115 1.0250692795490755 0.78195033911670919 -0.1785619492138765 -0.73857999257126494 -0.034603156555525455 -0.1868711612106497 0.11112126474082475 0.065868404503063013 0.036889959303141824 0.73902173684893213 0.80756798929013318 -0.12482240085914505 0.69100034678807531 0.52582843286314718 0.67953613086851106
decision_type=2 2 2 2 2 2 2 2 2 2 2 2 2 2 2 2 2 2 2 2 2 2 2 2 2 2 2 2 2 2
left_child=2 5 3 8 -5 13 14 9 20 -8 11 17 -13 18 15 -7 25 -3 -2 -9 21 23 -23 -1 26 -14 -19 -20 -11 -12
right_child=1 10 -4 4 -6 6 7 19 -10 28 29 12 16 -15 -16 -17 -18 24 27 -21 -22 22 -24 -25 -26 -27 -28 -29 -30 -31
leaf_value=-0.038106913101842818 0.0024071157761213751 0.020696334430600146 0.054924355524928165 0.040128722704546566 -0.043219600285227054 -0.0063963132194044779 0.022878184416098461 0.0065882096909512496 0.056344780860936083 -0.055843120007111703 0.048803983364533073 0.043976404692760693 -0.022182296899271682 0.041225275529486738 0.067201596616868267 0.058063217881345379 0.0089548950730269083 0.075406792502961575 -0.043152936005951568 0.056386697814505872 -0.040227850116620757 -0.04017293303828548 0.041307211423407202 -0.013241961697097607 0.03364321427470026 -0.063207784225970662 0.050014509469736616 -0.0092232168783837193 -0.03159948099339651 0.040349371702601902
leaf_weight=111.22161240875721 4.2640800699591699 8.6111728921532649 2.287082612514495 7.6072412431240082 6.8545738309621793 3.6874040588736516 4.5780382677912703 4.1732983812689781 1.7781987786293019 4.6789542362093943 179.09417472779751 5.4821097105741492 2.8761330768465978 2.5889551639556876 7.9633778929710388 3.1269510686397552 4.1352043002843857 4.6896857023239198 12.468675389885901 4.1861469522118551 160.01965479552746 3.9386925324797613 5.8122887387871742 9.9314436390995962 5.7083817422389975 2.4967556744813919 12.160089738667009 1.9858620390295971 6.1177704632282257 11.779799729585646
leaf_count=1325 23 37 8 29 68 35 26 28 6 23 767 21 25 15 30 12 19 18 125 14 1966 48 52 93 21 16 48 12 52 50
internal_value=0.000464173 0.0362867 -0.0339 -0.0345614 0.000623499 0.00279866 0.015756 -0.00363741 -0.0362998 -0.022756 0.044738 0.0300823 0.00376914 -0.0206209 0.0469035 0.0231827 -0.0194133 0.042737 -0.0291748 0.0315257 -0.0368661 -0.0327565 0.00839511 -0.0360686 0.0511506 -0.0412466 0.0570818 -0.0384914 -0.0421059 0.0482822
internal_weight=606.304 296.853 309.451 307.164 14.4618 59.8195 38.5119 23.7342 292.702 15.3748 237.034 46.1595 14.9902 21.3076 14.7777 6.81436 9.50809 31.1693 18.7186 8.35945 290.924 130.904 9.75098 121.153 22.5582 5.37289 16.8498 14.4545 10.7967 190.874
internal_count=5012 1417 3595 3587 97 395 220 143 3490 101 1022 205 81 175 77 47 60 124 160 42 3484 1518 100 1418 87 41 66 137 75 817
is_linear=0
shrinkage=0.05


Tree=82
num_leaves=31
num_cat=0
split_feature=21 19 42 22 39 40 37 39 37 38 14 38 21 19 24 13 16 20 25 21 14 33 40 38 16 37 3 46 19 14
split_gain=278.825 52.1361 21.3057 17.6711 16.0849 11.2856 19.142 11.4211 9.17224 11.0665 7.97932 7.6919 7.54368 6.29541 5.82277 5.26674 5.15867 4.79971 4.20282 10.2459 4.0226 3.73628 3.56986 3.53018 2.80998 2.66285 3.64897 1.92349 1.80859 1.23496
threshold=-0.2419175477721858 0.070453442351610954 0.57224671896782431 -0.64853201538657168 0.40100575111340181 0.44898798543131052 -0.27958810189991695 0.91712339270132448 -0.011592364651285254 -0.5173552778782381 -0.61131741011844609 0.24540855549257187 0.47794464698665501 0.34385128038555252 2.0642956599390812 -0.68106100558463345 0.085936523092544209 0.57458464426198341 -1.3376848582170384 0.78399739865525897 0.11523212543097332 0.04312091480249327 -0.64928814656299882 1.0950950259089696 -0.84539690786493715 -0.011592364651285254 -0.42332333220145674 -1.3441829211612804 3.2618303976227252 -0.10023131518824892
decision_type=2 2 2 2 2 2 2 2 2 2 2 2 2 2 2 2 2 2 2 2 2 2 2 2 2 2 2 2 2 2
left_child=4 5 3 13 28 18 -7 25 9 15 23 16 -12 17 22 -6 21 -3 19 -2 -17 -5 -13 -9 -19 26 -8 -27 -1 -20
right_child=1 2 -4 11 8 6 7 10 -10 -11 12 14 -14 -15 -16 20 -18 24 29 -21 -22 -23 -24 -25 -26 27 -28 -29 -30 -31
leaf_value=-0.041933736625055472 -0.051400594091226673 -0.03507423664417901 -0.038129720499135829 -0.04002666674691864 -0.041645285671636501 -0.056061010856040594 0.04586899061298319 0.0054091691745992605 -0.043818133086012769 0.051128649982650258 0.0024453402800355961 -0.0034410296463261388 0.032806791088419787 -0.040479095327752221 -0.011665086677536796 0.046314081632165854 0.030182413537450388 0.039615455357725288 0.044321214830896044 0.04465484911223614 -0.01604972150161265 0.0082956036419771385 0.043655175572459487 -0.039355139380681629 -0.0081319415988411019 0.01941681677196843 -0.016631560916967075 0.045201255712307147 -0.0023184980243941829 0.015459555736776966
leaf_weight=270.78449703007936 4.1060692071914664 6.4717430025339153 34.841988369822502 8.981942176818853 9.349201366305353 7.2229347825050345 4.6866790503263474 40.646648600697517 12.764953568577765 9.5658346712589282 27.05393485724926 4.4888150990009299 83.922472730278969 19.821706727147102 6.5925045460462561 4.412897124886511 8.192731708288191 6.8122571408748636 141.27698631584644 8.5714203119277936 6.2448934465646744 7.2123447656631461 38.827374547719955 4.9394702315330496 5.6263157427310917 7.9667685478925696 4.6546334028244001 78.522471070289612 2.9120611846446982 3.806235969066619
leaf_count=1937 14 28 231 35 51 29 24 151 81 43 114 18 388 123 25 22 32 23 798 48 21 29 190 21 20 37 20 426 15 18
internal_value=0.000536608 0.021566 -0.00394602 0.00659147 -0.0370757 0.0306045 0.0241953 0.0264921 -0.00839553 0.00689446 0.0181707 0.020866 0.0254052 -0.02079 0.032112 -0.014255 -0.0021491 -0.000151962 0.0411516 0.0135438 0.00977224 -0.0185057 0.0387746 0.000558746 0.018018 0.040087 0.0147259 0.0428262 -0.0415122 0.043564
internal_weight=881.281 565.246 147.87 113.028 316.034 417.377 259.616 252.393 42.3378 29.5728 156.563 74.2957 110.976 38.732 49.9087 20.007 24.387 18.9103 157.761 12.6775 10.6578 16.1943 43.3162 45.5861 12.4386 95.8306 9.34131 86.4892 273.697 145.083
internal_count=5012 2842 754 523 2170 2088 1210 1181 218 137 674 329 502 194 233 94 96 71 878 62 43 64 208 172 43 507 44 463 1952 816
is_linear=0
shrinkage=0.05


Tree=83
num_leaves=31
num_cat=0
split_feature=39 0 37 0 21 19 24 25 8 20 20 25 6 25 23 29 25 19 3 15 20 34 36 22 17 22 22 19 21 25
split_gain=141.078 18.4147 15.4657 14.6758 10.5686 8.84606 8.41475 6.04276 5.42459 7.02375 3.55141 2.88294 1.55157 1.1321 6.50001 2.84379 1.32391 1.2362 0.736688 0.680703 0.530628 0.273486 1.00909 0.0182204 0.00177305 0.00105788 0.000504697 0.000230624 0.00020954 0.000242285
threshold=0.76709821287102642 1.1397388681411023 -0.055972977829444666 -1.0361824919451272 0.43490134049592016 -0.2964363649534279 -0.6993149328194207 -0.26612179138779324 -0.24507738774146012 0.70256553311707515 0.40093784733814275 -1.4076012423358437 -0.99851173328254628 -0.79593792239187855 -0.22686841225968016 -0.50211011257032034 -1.3315527694120151 -0.01753130434921173 1.0004061323241433 -0.66278622581871971 -0.15810594443341766 -1.2509037723377663 -0.83027844041889443 -0.62573259603165476 -1.4462278875496855 -0.53023881980347387 -0.59795550539100784 4.0772924754326292 0.82466590202926382 -0.6428060457975725
decision_type=2 2 2 2 2 2 2 2 2 2 2 2 2 2 2 2 2 2 2 2 2 2 2 2 2 2 2 2 2 2
left_child=12 2 3 -2 13 6 7 -6 11 -10 -8 -7 -1 16 19 -16 20 -18 23 -15 -4 22 -14 -5 -3 -25 -26 28 29 -23
right_child=1 24 4 18 5 8 10 -9 9 -11 -12 -13 21 14 15 -17 17 -19 -20 -21 -22 27 -24 25 26 -27 -28 -29 -30 -31
leaf_value=0.0083364026711951669 0.07950968305006384 -0.041121383992125997 0.033107221442090023 -0.043321972012486387 0.072239535337585897 0.056999767800981253 0.02377306028306763 -0.013658319501710077 -0.033737269896803285 0.034443922197555661 -0.028484026795536084 0.033059295734465997 -0.038949518126241256 0.059239649280264539 -0.034159625642286938 0.03284254480511916 0.084303943305131801 0.054782660862880223 0.0033928896838897309 0.043273776541714534 0.051687434985518838 -0.039153036821887872 0.025914841240949917 -0.040324757110787784 -0.039864574197285271 -0.038946433570482081 -0.03884993695928074 -0.039502570752814069 -0.03855301064382765 -0.038702783527847215
leaf_weight=1.8031503148376931 3.3437979742884663 1.1341756060719479 4.7224220931530025 3.8418797999620429 5.6767927631735802 18.987316951155663 4.1213799454271856 3.2024669200181943 6.1571156717836848 9.7726195305585843 15.399521749466656 37.235921747982502 2.6814613938331608 17.293380789458752 3.3920848183333874 2.9704642109572879 6.0990343540906897 8.4721473157405836 1.0358784794807423 10.87358081713319 20.625890552997589 3.0721410922706118 0.7722870297729959 1.7206705287098873 1.4731846526265133 7.2904028110206118 7.2926423512399188 0.87079606950282951 24.245385084301233 108.83777041919529
leaf_count=19 13 11 23 27 26 65 39 37 42 54 215 153 63 59 34 22 20 30 14 43 78 64 19 21 21 164 170 15 690 2761
internal_value=0.000392138 0.0272402 0.030665 -0.0145294 0.0351153 0.0245426 0.000904431 0.0412589 0.0338468 0.00809072 -0.0174512 0.0411443 -0.0377497 0.0493952 0.0427657 -0.00287852 0.0551296 0.0671393 -0.0371697 0.0530762 0.0482259 -0.0383412 -0.0244453 -0.0404388 -0.0392611 -0.0392096 -0.0390205 -0.0386915 -0.0386863 -0.0387151
internal_weight=344.418 202.135 192.235 17.2326 175.002 100.553 28.4002 8.87926 72.153 15.9297 19.5209 56.2232 142.283 74.449 34.5295 6.36255 39.9195 14.5712 13.8888 28.167 25.3483 140.48 3.45375 12.853 9.9 9.01107 8.76583 137.026 136.155 111.91
internal_count=5012 1381 1179 239 940 631 317 63 314 96 254 218 3631 309 158 56 151 50 226 102 101 3612 82 212 202 185 191 3530 3515 2825
is_linear=0
shrinkage=0.05


Tree=84
num_leaves=24
num_cat=0
split_feature=38 1 39 20 19 0 5 21 19 19 1 37 1 21 40 40 13 25 25 14 40 18 17
split_gain=406.629 13.034 6.62874 1.96981 1.7959 0.198842 0.572504 0.0851743 0.00392323 0.00285909 0.00198316 0.0028037 0.00385739 0.00195964 0.00134109 0.00116618 0.000794889 0.000342035 0.000323466 0.000202157 0.000148866 6.3065e-05 3.10738e-05
threshold=-1.1479698628609787 0.3469917986042419 0.4707192586202873 -1.1880612340604182 -0.45160639048194023 -1.178846370218777 -1.1636099731736771 -1.0840821030426315 -0.27854517878572921 4.0772924754326292 1.0673779686070748 -0.65107736522906023 -0.43408118488964592 -0.68838053371746266 0.44898798543131052 1.1641445364973724 0.67236684173257666 -1.2355925727046477 0.26002134966709262 0.63348983808225012 2.0325489199347335 0.82276763599921232 -0.12527462684626706
decision_type=2 2 2 2 2 2 2 2 2 2 2 2 2 2 2 2 2 2 2 2 2 2 2
left_child=1 2 4 -2 5 6 7 -1 13 10 11 12 -10 -5 -13 16 17 -15 20 -12 -17 -18 -21
right_child=3 -3 -4 8 -6 -7 -8 -9 9 -11 19 14 -14 15 -16 18 21 -19 -20 22 -22 -23 -24
leaf_value=0.046673711852400435 -0.00346801083994224 -0.022009859063270493 -0.015184887782842238 -0.041508063899223194 0.024210617424426727 0.056883088877075896 0.030406094889473337 0.041428692815821871 -0.042817310169112423 -0.042370740419786827 -0.040727677562756491 -0.040275063755669506 -0.040832129719933385 -0.040868394511565972 -0.040654134045899848 -0.040321007309903616 -0.040022539768863684 -0.040200186426998269 -0.041046568627961952 -0.040453317445648423 -0.040685027795579774 -0.039908060059990202 -0.04025140392122821
leaf_weight=238.45544838905334 3.6571493446826926 7.5703398287296286 4.5720714330673209 2.651462770998477 9.5202928483486158 4.384252965450286 5.6500604748725882 7.9999125450849524 3.1829903647303572 2.066102683544158 2.3779001608490935 34.257773280143738 10.582701675593851 2.0352420806884757 73.160798445343971 26.164417874068029 16.510239414870739 32.436612706631422 1.8226546570658673 1.9683278650045384 3.1462854743003836 44.33423875272274 59.67100814729929
leaf_count=1136 22 33 19 24 33 18 25 36 26 17 25 411 110 21 786 305 210 392 18 22 33 587 703
internal_value=-0.00152023 0.0426984 0.0445088 -0.0399531 0.0455348 0.0463263 0.0461427 0.0465035 -0.0403749 -0.0405211 -0.0405004 -0.0406193 -0.0412912 -0.0401628 -0.0405332 -0.0401346 -0.0400478 -0.0402396 -0.0404003 -0.0402753 -0.0403601 -0.0399391 -0.0402579
internal_weight=598.178 278.152 270.582 320.026 266.01 256.49 252.105 246.455 316.369 187.268 185.201 121.184 13.7657 129.101 107.419 126.45 95.3163 34.4719 31.1334 64.0172 29.3107 60.8445 61.6393
internal_count=5012 1300 1267 3712 1248 1215 1197 1172 3690 2100 2083 1333 136 1590 1197 1566 1210 413 356 750 338 797 725
is_linear=0
shrinkage=0.05


Tree=85
num_leaves=31
num_cat=0
split_feature=14 42 14 37 0 25 24 39 3 24 16 39 38 24 42 24 37 25 40 38 42 31 27 9 7 40 8 9 38 5
split_gain=261.306 19.4846 14.1918 12.0616 10.8564 9.77931 11.0374 8.34372 7.3051 7.05887 4.86605 4.26843 3.87207 6.89838 3.75201 3.15628 3.05857 14.1927 14.6372 20.5434 3.04948 2.16235 1.40814 1.40712 0.981562 0.856426 0.489352 0.227699 0.198143 0.119328
threshold=-0.057730467671504214 0.79923017564888577 -0.23293670959194435 -0.011592364651285254 3.8467859583836073 0.2064142815660325 1.4390128466240413 0.52582843286314718 -0.42962124765184889 1.6935206190069627 2.011383317496628 -0.036305506350934276 0.48709306519422957 1.988502169764881 0.28987445280977153 -0.081993979328351743 -0.1868711612106497 -1.2809658839935076 0.47452929082652701 0.095731318274349719 0.18091566092529496 -0.15087286812134545 -0.34035706673223354 0.24819256232749509 1.0011023869556011 0.62777712319782608 -0.19890627830311708 -0.31469969627336486 1.1759658606801993 0.21418631589717116
decision_type=2 2 2 2 2 2 2 2 2 2 2 2 2 2 2 2 2 2 2 2 2 2 2 2 2 2 2 2 2 2
left_child=2 5 4 7 16 6 23 8 22 -8 -11 14 21 -14 -10 -13 17 -1 20 -20 -19 -7 -4 29 26 27 -23 -3 -29 -2
right_child=1 25 3 -5 -6 12 9 -9 11 10 -12 15 13 -15 -16 -17 -18 18 19 -21 -22 24 -24 -25 -26 -27 -28 28 -30 -31
leaf_value=0.061236444525911995 -0.053107337854670457 0.057610331146850463 0.0020117331824736134 -0.04040648662009922 0.05299274937439441 0.0071379911417069133 0.070021275049134357 -0.042422810092027669 -0.023027176203337312 -0.046858189188384095 0.025700608780448303 0.083437004018768954 -0.024055475952000385 0.055423108903245137 0.049222656637110604 0.031752890136609105 -0.040049573025869201 -0.037276991670284719 -0.040032584534697047 0.1532720795259957 0.017452382821592619 0.038282587904661505 -0.045249438821218672 -0.010063006634659548 0.030151111212959599 0.026161320865749866 0.056184397282187853 0.047347512743309055 0.036724493158213779 -0.041785900661202829
leaf_weight=4.1769136413931838 3.3317986056208628 5.2809985801577559 3.3057736754417419 15.115798495709894 3.5534045100212088 4.1560130193829563 5.4418757408857337 5.384395219385623 3.8009421676397386 3.6386140882968885 6.3312424048781395 6.4800769314169928 7.0279111415147764 4.4644825458526611 3.4081598222255707 5.4285193607211051 141.94651388004422 118.04300609976053 3.0554344728589049 2.4982484057545662 2.6013056188821784 5.1383450478315416 3.0121524855494526 3.83935822546482 7.2919481098651877 4.8843633607029906 14.8492494225502 168.52993725240231 4.5069569498300543 7.7209285572171211
leaf_count=21 15 20 28 186 13 17 24 51 29 29 33 25 39 17 13 23 1848 1487 41 15 14 21 22 20 27 21 56 761 20 76
internal_value=0.00045017 0.0381033 -0.0295536 -0.0038219 -0.0338382 0.016304 -0.00544286 0.0141211 0.0260908 0.0242195 -0.000780561 0.0414947 0.0316555 0.00681979 0.0111295 0.0598769 -0.0349712 -0.0294421 -0.0324434 0.0469229 -0.0360969 0.0407351 -0.0205206 -0.0361403 0.0458536 0.0468172 0.0515823 0.047383 0.0470708 -0.0451987
internal_weight=578.245 256.434 321.811 45.9358 275.875 73.2318 30.3038 30.82 25.4356 15.4117 9.96986 19.1177 42.9279 11.4924 7.2091 11.9086 272.321 130.375 126.198 5.55368 120.644 31.4356 6.31793 14.8921 27.2795 183.202 19.9876 178.318 173.037 11.0527
internal_count=5012 1196 3816 377 3439 374 197 191 140 86 62 90 177 56 42 48 3426 1578 1557 56 1501 121 50 111 104 822 77 801 781 91
is_linear=0
shrinkage=0.05


Tree=86
num_leaves=31
num_cat=0
split_feature=21 19 42 22 39 39 38 21 37 38 21 38 38 8 37 9 19 9 19 24 13 16 20 12 25 8 14 33 25 16
split_gain=255.053 47.0585 19.5959 15.892 15.1722 10.1754 9.9539 14.5382 8.49737 10.1662 8.2754 19.9179 6.97326 6.7973 7.32796 6.12457 6.12119 6.08147 6.0058 5.48799 4.93931 4.67101 4.44844 4.21525 4.06681 4.20049 3.69133 3.41953 3.26069 2.61886
threshold=-0.2419175477721858 0.070453442351610954 0.57224671896782431 -0.64853201538657168 0.40100575111340181 1.1586652080804056 0.67353073679541919 0.65546117996223718 -0.011592364651285254 -0.5173552778782381 0.37167220751297864 0.10356868682203536 0.24540855549257187 -0.50707437006643252 0.35387342457995946 -0.61442146562473143 -0.216310538495433 0.0063521558288625627 0.34385128038555252 2.0642956599390812 -0.68106100558463345 0.085936523092544209 0.57458464426198341 0.81980602138442038 0.43740017677329873 -0.96260289076117223 0.11523212543097332 0.04312091480249327 -1.3376848582170384 -0.84539690786493715
decision_type=2 2 2 2 2 2 2 2 2 2 2 2 2 2 2 2 2 2 2 2 2 2 2 2 2 2 2 2 2 2
left_child=4 5 3 18 -1 10 13 -8 9 20 11 17 21 14 -7 -9 -16 -2 22 -14 -6 27 -3 -17 25 -12 -22 -5 -27 -24
right_child=1 2 -4 12 8 6 7 15 -10 -11 24 -13 19 -15 16 23 -18 -19 -20 -21 26 -23 29 -25 -26 28 -28 -29 -30 -31
leaf_value=-0.041067550660943558 0.043157746053341786 -0.034124789539099747 -0.037437791671248721 -0.038462630519206051 -0.040980710547584884 0.048135152152664826 -0.054482911755506028 -0.015350242876199599 -0.043358706534663158 0.050111757789154401 -0.0079410232751238284 -0.05754702269067298 0.0377897724958208 0.046639120762754512 0.018885837828886132 0.0011919621328853802 -0.041717816992822065 -0.026320271940469982 -0.039852333254795071 -0.011495203434593954 0.045723965136441828 0.029080894050409728 0.038392857931499186 0.037570990087360506 -0.013661591990091912 0.023048362022757854 -0.014943393669451461 0.0081714077596471094 0.041697437246414865 -0.0078522003984129278
leaf_weight=257.7850913926959 21.723148420453075 6.2722621113061932 33.074499055743217 8.7862456589937228 8.9828124642372149 9.3992895334959048 9.3798694610595685 13.243378028273581 12.069046095013617 9.1544953435659426 4.723580226302146 7.9618857502937308 41.739524960517883 33.300417527556419 9.8117107599973696 12.367903530597685 7.2418307662010184 3.6836720257997504 18.846950903534889 6.5323792994022361 4.2144081592559797 8.0839808285236341 6.798720821738244 22.355991095304489 3.7568755000829688 26.301224231719971 6.1900938004255295 7.1136086285114279 215.36667364835739 5.56916572153568
leaf_count=1952 117 28 231 35 51 44 37 54 81 43 19 30 208 152 40 45 28 16 123 25 22 32 23 111 16 130 21 29 1249 20
internal_value=0.000548113 0.0209418 -0.003701 0.00646666 -0.0365926 0.0297268 0.0173276 0.00244733 -0.00818682 0.00668578 0.0348479 0.0114594 0.0201716 0.0316088 0.0126877 0.0135799 -0.00684966 0.0330843 -0.0199493 0.0311203 -0.0138195 -0.00186478 0.000174489 0.0246136 0.0379679 0.0387551 0.0096303 -0.0175985 0.0396678 0.0175691
internal_weight=841.831 543.435 142.817 109.743 298.396 400.617 117.1 57.3471 40.6109 28.5418 283.517 33.3687 72.2557 59.7532 26.4528 47.9673 17.0535 25.4068 37.4871 48.2719 19.3873 23.9838 18.6401 34.7239 250.148 246.391 10.4045 15.8999 241.668 12.3679
internal_count=5012 2842 754 523 2170 2088 511 247 218 137 1577 163 329 264 112 210 68 133 194 233 94 96 71 156 1414 1398 43 64 1379 43
is_linear=0
shrinkage=0.05


Tree=87
num_leaves=31
num_cat=0
split_feature=40 0 14 25 37 24 0 38 21 0 38 23 19 3 38 23 6 32 24 7 37 25 25 47 40 6 25 14 40 25
split_gain=104.925 22.5606 14.1413 12.5447 15.2206 10.0043 8.92018 8.38735 15.9789 11.2657 7.22242 7.87755 3.23982 6.0678 2.89268 5.98655 2.55561 2.27558 2.23117 3.81249 1.99491 2.59891 7.06992 1.58903 0.609099 0.319339 0.207292 0.00163237 0.00287303 0.00131109
threshold=0.44898798543131052 1.0782150706355909 -0.78371724464773751 -0.8497517383995673 0.70364534716418004 -0.71933961393189338 0.31436888904542409 0.6986189845473435 0.84455487813187891 -0.2509367286139132 0.18310683194691427 -0.70001276810000712 -0.20865313526502632 -0.50900109042543074 0.85141289546394638 -0.53992106475609891 -0.6806704801762492 0.83238223627418584 -0.76861074759179016 -0.40792759134030721 0.26144573572926749 -1.2098622607919063 -1.4076012423358437 -0.85947802559792186 0.50007059622174355 -0.82303334833339259 -1.6410772858799301 -0.63845231156613935 0.34682276385044453 -1.4963929276914476
decision_type=2 2 2 2 2 2 2 2 2 2 2 2 2 2 2 2 2 2 2 2 2 2 2 2 2 2 2 2 2 2
left_child=2 3 -1 12 6 14 10 9 -9 -7 11 -5 13 -2 17 -16 -15 -6 19 -3 -14 22 -22 -23 -8 -26 -4 28 -28 -20
right_child=1 18 26 4 5 7 24 8 -10 -11 -12 -13 20 16 15 -17 -18 -19 29 -21 21 23 -24 -25 25 -27 27 -29 -30 -31
leaf_value=0.044016576328976306 0.069749863658679023 -0.039587024554054731 -0.01390360289223503 0.048833914842170666 0.049953000511347663 0.074133049158281061 -0.0097246505215136583 0.058456577926800028 -0.022216109061806214 -0.039786215695656123 0.073038596280465592 -0.040618596230753062 0.012694994284347777 0.022450366363312529 -0.01604982404349586 0.059548836703145459 -0.045390756945034166 0.088129363321008888 -0.040021759315444654 0.076547774318464365 0.051433982444904262 0.053093933192503988 0.0018260877323923409 0.086545785130864916 -0.062705650902474333 -0.039930742128083244 -0.038936317267652856 -0.038635240280873256 -0.042026681336537863 -0.038782543196591385
leaf_weight=5.42282910645008 3.1729075349867344 1.6916438154876234 0.85076191648840804 3.9679771289229384 19.765569023787979 2.6586592644453058 1.548007234930991 16.548790365457538 9.7570936158299428 11.813140206038948 3.9062414690852156 6.4813430029898909 4.1275286674499503 2.4135348461568356 4.6766522638499737 5.9510174728929979 3.2676350548863393 4.8639636337757102 2.5869111530482778 1.213705781847241 43.963569421321147 8.4159622192382795 8.5845437236130291 6.1400279700756064 1.7574237994849671 12.391793269664047 3.3994505777955046 116.9637487642467 0.96572628989815701 12.202561788260933
leaf_count=35 17 32 16 24 88 9 29 71 136 138 16 103 21 13 24 24 32 18 41 11 167 32 44 21 7 255 83 3189 9 307
internal_value=0.000566092 0.0228218 -0.0349915 0.0279497 0.0166729 0.0285795 -0.0134514 0.0117151 0.0285343 -0.0188578 0.0150336 -0.00665031 0.0428878 0.0143633 0.0480845 0.026282 -0.0165698 0.0574923 -0.03113 0.00892813 0.0464334 0.0485086 0.0433298 0.0672046 -0.0395017 -0.0427595 -0.0384982 -0.0386707 -0.03962 -0.0389993
internal_weight=331.471 203.868 127.603 186.173 106.088 76.0349 30.0528 40.7777 26.3059 14.4718 14.3556 10.4493 80.0857 8.85408 35.2572 10.6277 5.68117 24.6295 17.6948 2.90535 71.2316 67.1041 52.5481 14.556 15.6972 14.1492 122.18 121.329 4.36518 14.7895
internal_count=5012 1680 3332 1289 942 508 434 354 207 147 143 127 347 62 154 48 45 106 391 43 285 264 211 53 291 262 3297 3281 92 348
is_linear=0
shrinkage=0.05


Tree=88
num_leaves=27
num_cat=0
split_feature=38 42 39 20 19 21 37 46 38 3 14 19 19 1 37 1 21 40 40 13 25 25 14 22 18 25
split_gain=375.038 12.6838 6.01897 2.00767 1.9215 0.220394 1.42201 0.0854286 0.0244278 0.0083312 0.00601718 0.00358855 0.00307253 0.0020524 0.00262279 0.00378277 0.00161206 0.00110483 0.00106876 0.000685499 0.000285026 0.000268326 0.000186016 0.000183613 4.92819e-05 2.18974e-05
threshold=-1.1479698628609787 0.18091566092529496 0.4707192586202873 -1.1880612340604182 -0.45160639048194023 -1.0840821030426315 -0.8547419300550968 -0.20414430100244088 -1.2076217502336177 -0.65914939537423334 -0.28436264483125612 -0.27854517878572921 4.0772924754326292 1.0673779686070748 -0.65107736522906023 -0.43408118488964592 -0.68838053371746266 0.44898798543131052 1.1641445364973724 0.67236684173257666 0.26002134966709262 -0.81472861407128261 0.50534378818017245 -0.65578360094895605 0.82276763599921232 -0.18819448531215818
decision_type=2 2 2 2 2 2 2 2 2 2 2 2 2 2 2 2 2 2 2 2 2 2 2 2 2 2
left_child=1 2 4 -2 5 8 -7 -8 10 -10 -1 16 13 14 15 -13 -5 -16 19 21 23 -18 -15 -20 -21 -24
right_child=3 -3 -4 11 -6 6 7 -9 9 -11 -12 12 -14 22 17 -17 18 -19 20 24 -22 -23 25 -25 -26 -27
leaf_value=0.04578113583071132 -0.0025836897549249296 -0.022232534835721698 -0.014375867120979947 -0.041240004943552774 0.022464883071337018 0.017875842055299327 0.046450922031600964 0.055453170668981248 0.046887173589901576 0.04993106306322978 0.04692706640383168 -0.042644975769502755 -0.042284280536068836 -0.040575722644247657 -0.040111362841512808 -0.040634806261196442 -0.040604078397324918 -0.040465165263905201 -0.040567958120493776 -0.039842650627522631 -0.040840786512620304 -0.040016831922205821 -0.040217651334458732 -0.040136678774466292 -0.039738109823679112 -0.040055651571744122
leaf_weight=205.92425383627415 3.5912991985678664 7.511073909699916 4.3876465260982505 2.4990639910101882 9.3629464209079725 5.0457336008548763 7.0382228642702112 4.2127940952777836 4.243562713265419 4.7802234888076764 12.130379766225813 3.0552826449275008 2.0015644058585158 1.8147906586527813 32.39238641038537 10.001899175345896 2.0786099508404723 69.212437156587839 2.7389198094606462 15.470733009278772 1.7305913865566243 30.30419035255909 2.1665847450494757 24.939920604228973 41.552342228591442 56.044086903333664
leaf_count=1043 22 34 18 24 33 23 34 18 20 20 57 26 17 20 411 110 23 786 30 210 18 390 26 308 587 704
internal_value=-0.00162737 0.0418133 0.0436842 -0.0397448 0.0446922 0.0455473 0.0399307 0.0498217 0.0459504 0.0484996 0.0458449 -0.0401926 -0.0403364 -0.0403141 -0.0404381 -0.0411052 -0.0399832 -0.0403524 -0.0399568 -0.0398708 -0.0402183 -0.0400545 -0.0400772 -0.0401794 -0.0397665 -0.0400617
internal_weight=566.232 264.637 257.126 301.595 252.738 243.375 16.2968 11.251 227.078 9.02379 218.055 298.003 176.689 174.687 114.662 13.0572 121.314 101.605 118.815 89.4059 29.4094 32.3828 60.0255 27.6788 57.0231 58.2107
internal_count=5012 1300 1266 3712 1248 1215 75 52 1140 40 1100 3690 2100 2083 1333 136 1590 1197 1566 1210 356 413 750 338 797 730
is_linear=0
shrinkage=0.05


Tree=89
num_leaves=31
num_cat=0
split_feature=22 1 1 37 0 40 39 16 25 8 42 38 38 9 24 24 39 13 11 38 37 38 20 0 40 22 27 32 1 9
split_gain=251.219 28.9067 6.42998 8.47734 6.58444 6.3641 9.07455 5.32671 5.24843 5.16918 4.78233 5.4061 6.96151 4.87014 3.10691 4.09086 2.70115 2.06268 1.87102 1.82889 1.76856 6.88363 6.43277 2.21105 1.47694 1.21595 0.659205 0.242049 0.316065 0.169394
threshold=-0.20861791131079027 -0.057034302645357658 0.3469917986042419 -0.22557618425892642 3.8467859583836073 -0.18954464944910196 0.2418042422128481 1.7947621562409264 0.47950345113005188 2.0737185950565951 0.8566448352894408 0.47697433068639955 1.7972724376054492 0.72975737949138286 -0.36309798156842477 1.5856694555627566 0.56705731555772487 -1.1772683612420958 -0.44970849942596414 -0.73857999257126494 -0.1868711612106497 0.11112126474082475 0.30117092716246885 -1.2326425409844657 0.2957401530600115 0.34278352204928864 0.32856328973678933 0.69110080390709505 2.5587476444827923 -0.31469969627336486
decision_type=2 2 2 2 2 2 2 2 2 2 2 2 2 2 2 2 2 2 2 2 2 2 2 2 2 2 2 2 2 2
left_child=2 5 4 -4 8 9 18 14 20 19 11 16 13 -13 -8 -16 17 -3 -7 -2 21 23 -23 -1 -20 -19 -21 29 -29 -12
right_child=1 10 3 -5 -6 6 7 -9 -10 -11 27 12 -14 -15 15 -17 -18 25 24 26 -22 22 -24 -25 -26 -27 -28 28 -30 -31
leaf_value=-0.039267687129580647 0.0016887020246340472 0.01409789788340907 0.035690163564107924 -0.043202954552256138 0.052376168490726308 0.080453115549827356 0.021309350197042984 0.050468747468845179 0.053112060430896127 0.054829670153559454 0.056691603900190415 -0.046517933728325578 0.0609168501623416 0.029043773308547918 -0.044915440144535024 0.013112640601441811 0.0057376070653923361 0.070684550960806211 0.013957392248536066 -0.041738396196757135 -0.039895054808624916 0.093624491191229342 -0.010871040462338086 -0.022626087859267299 0.05233634425492667 0.04456482740818038 -0.016294751895817909 0.028790949213910146 0.047619543242543937 0.046768075998333436
leaf_weight=81.351010523736477 4.1262528374791207 4.4881566166877738 7.5695104897022247 6.1891151964664441 2.1453171819448462 3.2581527903676024 4.4199186116457012 3.6955349519848815 1.6574639081954945 2.1111254245042792 4.4213315695524207 6.3142648525536043 3.5628149211406699 3.2198478430509567 9.6907740049064177 4.4236772507429114 5.1184732243418685 5.9245178177952829 4.1638424918055517 11.310755006968973 142.15140021964908 1.8260343670845012 7.6134761050343513 26.448637217283249 6.2990166693925858 17.972562380135059 3.2850116193294516 4.285603463649748 4.6441869586706161 157.1839851140976
leaf_count=1116 23 19 29 68 8 21 26 15 6 12 17 49 12 11 73 27 29 22 26 128 1966 13 87 302 25 74 19 20 21 748
internal_value=0.000459891 0.0344116 -0.0331201 0.000201256 -0.034862 0.00264946 0.0153918 -0.00434391 -0.0355789 -0.0193394 0.0427178 0.0285228 0.00128469 -0.0209993 -0.0152729 -0.0267286 0.0391705 0.0451992 0.0473662 -0.0277028 -0.0361456 -0.0315995 0.00934319 -0.0351847 0.0370629 0.0510404 -0.0360119 0.0465968 0.0385833 0.0470396
internal_weight=550.872 273.92 276.952 13.7586 263.193 56.7841 35.9509 22.2299 261.048 20.8331 217.136 46.6006 13.0969 9.53411 18.5344 14.1145 33.5037 28.3852 13.721 18.722 259.391 117.239 9.43951 107.8 10.4629 23.8971 14.5958 170.535 8.92979 161.605
internal_count=5012 1417 3595 97 3498 395 213 141 3490 182 1022 216 72 60 126 100 144 115 72 170 3484 1518 100 1418 51 96 147 806 41 765
is_linear=0
shrinkage=0.05


Tree=90
num_leaves=31
num_cat=0
split_feature=21 19 42 40 39 40 37 39 19 37 13 14 21 0 25 21 28 17 14 37 3 23 6 19 0 46 34 14 3 37
split_gain=233.565 42.6328 17.9954 14.6274 14.3328 10.6572 17.195 9.85548 8.46741 7.86925 9.39542 6.42274 6.12781 4.89734 4.10136 9.23986 3.93465 3.92236 3.7509 3.69999 4.49737 3.05117 2.15874 1.82627 1.63097 1.33017 1.29391 1.23768 0.877377 0.724998
threshold=-0.2419175477721858 0.070453442351610954 0.57224671896782431 0.34682276385044453 0.40100575111340181 0.44898798543131052 -0.30595301610519138 0.90179937341028771 0.46401568638591378 -0.011592364651285254 -0.86052761804996714 -0.61131741011844609 0.47794464698665501 0.31436888904542409 -1.3376848582170384 0.78399739865525897 0.33151858305686716 -0.66425632421042469 0.11523212543097332 -0.011592364651285254 -0.42332333220145674 0.529050678175636 1.1354320229492372 3.2618303976227252 0.91385439420782333 -1.3441829211612804 2.089328332368479 -0.10023131518824892 -0.52587976805902359 -0.71052643567354024
decision_type=2 2 2 2 2 2 2 2 2 2 2 2 2 2 2 2 2 2 2 2 2 2 2 2 2 2 2 2 2 2
left_child=4 5 3 16 23 14 -7 19 13 10 -6 21 -13 -5 15 -2 -3 -15 -12 20 -8 -9 28 29 -10 -21 -4 -16 -18 -1
right_child=1 2 26 8 9 6 7 11 24 -11 18 12 -14 17 27 -17 22 -19 -20 25 -22 -23 -24 -25 -26 -27 -28 -29 -30 -31
leaf_value=-0.041893224571228828 -0.049388813635511786 -0.0014091153562542068 -0.04080832129017202 -0.033129513198491126 -0.043947272252237227 -0.064141389087014333 0.046046544922121242 0.0088989857404584271 -0.04096831451059943 -0.04292136412721137 0.042460183866122464 0.0025436498738021559 0.030562178560080634 -0.0079423791817373052 0.043241016499168408 0.043690188323683037 0.028918848584090485 0.025939921904446911 -0.00045945278179406574 0.021402324130885771 -0.020971454444634836 -0.020614060736454158 0.0071553012465429434 -0.00023143281457596102 -0.0038458006644470398 0.044028004391676055 -0.011374452718763126 0.013418742476913062 0.047701998249321316 -0.031472002395848984
leaf_weight=221.89009796082973 4.0663328468799573 8.5577886998653394 27.044127598404888 7.3431895822286597 6.9128806442022315 5.5840629935264579 4.6112219095230103 33.150685265660286 17.587745964527134 11.386193312704561 11.467999473214155 25.886221006512642 79.278856948018074 14.680968433618544 126.19372257590294 7.7437838912010193 9.0284859687089902 20.425698131322861 9.1538240611553174 7.172884225845336 5.4762077480554563 11.901488766074179 5.3024430572986594 2.7637605965137473 3.5572052597999564 68.833065614104271 4.331841602921485 3.5777451843023291 19.965824529528621 18.046717345714569
leaf_count=1812 14 36 205 37 44 23 25 131 117 81 60 115 393 57 798 48 51 84 33 36 24 45 21 15 15 418 26 18 105 125
internal_value=0.000563269 0.0203843 -0.00346649 0.00634224 -0.0361268 0.0289565 0.0225795 0.0246287 -0.0088727 -0.00795936 0.00649818 0.0168985 0.0236655 0.00400385 0.0398516 0.0116422 0.0289207 0.011771 0.0234086 0.0381166 0.00966419 0.00110249 0.0364887 -0.0406439 -0.0347232 0.0418928 -0.0367446 0.0424188 0.0418531 -0.0411094
internal_weight=802.923 521.302 137.825 106.449 281.621 383.476 241.895 236.311 63.5948 38.9209 27.5347 150.217 105.165 42.4499 141.582 11.8101 42.8545 35.1067 20.6218 86.0934 10.0874 45.0522 34.2968 242.701 21.145 76.0059 31.376 129.771 28.9943 239.937
internal_count=5012 2842 754 523 2170 2088 1210 1187 310 218 137 684 508 178 878 62 213 141 93 503 49 176 177 1952 132 454 231 816 156 1937
is_linear=0
shrinkage=0.05


Tree=91
num_leaves=31
num_cat=0
split_feature=39 0 37 38 21 38 25 18 12 25 38 16 38 24 24 6 2 37 34 36 19 22 25 22 19 21 9 21 22 11
split_gain=121.351 15.6104 12.3893 14.3732 9.09908 7.18871 12.7273 8.80237 6.94133 10.5045 2.95254 2.57644 2.48987 5.50426 4.69293 1.50188 0.825913 0.622285 0.301848 1.03875 0.247274 0.0146756 0.00134769 0.000781394 0.000244128 0.00015584 0.00023877 0.000147047 0.000136446 0.000131997
threshold=0.76709821287102642 1.1397388681411023 -0.055972977829444666 -0.99455459383822342 0.43490134049592016 0.72889658798430712 -1.4963929276914476 0.802835934257489 0.7848834719076051 -0.6357010584108741 0.14630452852654693 -0.17836948540792921 0.1608230905902954 -0.65266558391592244 -0.29685303093298426 -0.99851173328254628 0.021280973109578039 0.46187771581879361 -1.2509037723377663 -0.83027844041889443 -0.27854517878572921 -0.62573259603165476 -1.3376848582170384 -0.53023881980347387 4.0772924754326292 0.82466590202926382 -1.1708876531410184 -0.63079155813675525 -0.58523756621275747 0.050891667326427713
decision_type=2 2 2 2 2 2 2 2 2 2 2 2 2 2 2 2 2 2 2 2 2 2 2 2 2 2 2 2 2 2
left_child=15 2 3 -2 12 6 10 -8 11 -10 -6 -7 13 16 -15 -1 -4 -14 19 29 -19 -5 -3 -23 25 26 -20 -25 -24 -17
right_child=1 22 4 21 5 8 7 -9 9 -11 -12 -13 17 14 -16 18 -18 20 24 -21 -22 23 28 27 -26 -27 -28 -29 -30 -31
leaf_value=0.0082240372144469914 0.071373638558173719 -0.040291819086764838 0.051841326685731749 -0.042841580974594048 0.071674905318269047 0.062461842377592607 -0.020144276659836136 0.03901797607346956 0.046701876255405762 -0.019789244265581363 0.024703681516606214 0.020164559473972631 0.068690665563036671 0.032015690778060039 -0.043666190211598725 -0.038549876808489314 0.029288441497774383 0.060613929838415605 -0.039606609122282997 0.029099162206916142 0.049322983010408321 -0.040005329828515609 -0.039242736337941411 -0.03931141925462385 -0.039414193730236607 -0.038422807823969882 -0.038565970332218827 -0.038683209679019226 -0.03866794621932191 -0.039338493183559642
leaf_weight=1.7704860642552365 3.7988564297556868 1.8342120088636873 25.152288556098942 3.5526530146598807 7.4570150673389417 20.465947758406404 27.136875666677952 8.1829239726066572 13.456206560134889 10.634476093575357 6.0679810717701912 4.3688152246177188 8.3887100815773028 5.3327523991465569 3.3257795348763448 1.5959206186234958 4.8407523781061164 6.979368314147 0.55432421341538329 0.73654194921255012 15.886575300246474 1.6172264106571654 1.2563743963837612 1.11007511988282 0.8139510340988626 21.339036637917161 98.22742079757154 5.7907795570790785 5.7937210518866769 0.79489245079457749
leaf_count=19 16 25 98 27 25 76 249 54 64 105 27 31 29 37 36 47 20 23 9 19 66 22 24 21 15 690 2816 153 153 16
internal_value=0.000678269 0.0256448 0.028778 -0.0134474 0.0327744 0.0229255 0.00935639 -0.00643751 0.0364722 0.0173504 0.0506013 0.0550211 0.0465489 0.0380635 0.00294595 -0.037502 0.0482014 0.0570426 -0.0381546 -0.0228179 0.0527693 -0.040142 -0.0390845 -0.0390161 -0.0385512 -0.0385453 -0.0385718 -0.0387843 -0.0387704 -0.0388121
internal_weight=318.263 192.43 183.546 15.8696 167.676 97.7702 48.8448 35.3198 48.9254 24.0907 13.525 24.8348 69.9062 38.6516 8.65853 125.833 29.993 31.2547 124.062 3.12736 22.8659 12.0707 8.88431 8.51808 120.935 120.121 98.7817 6.90085 7.0501 2.39081
internal_count=5012 1381 1179 239 940 631 355 303 276 169 52 107 309 191 73 3631 118 118 3612 82 89 223 202 196 3530 3515 2825 174 177 63
is_linear=0
shrinkage=0.05


Tree=92
num_leaves=22
num_cat=0
split_feature=20 1 39 20 14 37 19 21 22 20 11 12 0 19 19 1 14 39 18 25 30
split_gain=341.152 9.50527 4.07158 3.63738 5.84984 2.79951 2.51764 0.495953 1.26827 0.262682 0.136374 0.018629 0.0108609 0.00341127 0.00291143 0.00216027 0.00141115 0.00116425 0.000518327 0.000498736 0.000369535
threshold=-1.1880612340604182 0.24712114971514343 0.44161026945671367 -1.0929481643885659 -0.15770696479284144 -0.87131136983510549 -0.37214876260628277 -1.0840821030426315 -0.42502631069492675 -1.0603712108618153 -0.17734356816383676 -1.2291791924569677 -1.178846370218777 -0.27854517878572921 4.0772924754326292 0.98031893279753557 0.44473131112161396 1.3089077341893229 0.7911772135932017 0.14233731511352019 -1.1541550592058079
decision_type=2 2 2 2 2 2 2 2 2 2 2 2 2 2 2 2 2 2 2 2 2
left_child=1 2 6 4 -2 -3 7 10 20 -5 11 -1 -11 17 15 -15 -6 18 -14 -19 -9
right_child=3 5 -4 9 16 -7 -8 8 -10 12 -12 -13 13 14 -16 -17 -18 19 -20 -21 -22
leaf_value=0.045180135866015339 0.056070547470082222 -0.023821594274388552 -0.0065387276230442649 -0.022375111031269594 -0.041947819807415063 0.031782350605956716 0.0039906888211465449 0.046208075303131729 0.013341840004016734 -0.044554338678205088 0.035974402469654554 0.048168102855855884 -0.039858274788773768 -0.040274697981075719 -0.042103321538720415 -0.039888287981284978 -0.040034055653583228 -0.040076067042433709 -0.039622640364164324 -0.040904414578717907 0.045571890455674877
leaf_weight=208.35281476378441 2.5969842821359634 7.031818300485611 4.0812885910272589 2.1199991106986991 1.9708235040307038 3.3383229747414571 3.8992441892623892 4.6698146611452094 4.4484616369009009 1.3273921608924855 4.0331392288207999 5.3504411280155173 45.064404867589474 106.69881429150701 1.9179394543170918 54.720127820968628 1.884114049375057 17.161253955215219 48.407859124243259 2.0323218107223502 4.465163826942443
leaf_count=1110 10 33 17 20 18 17 12 23 21 9 18 24 617 1310 17 731 24 218 719 21 23
internal_value=-0.00175996 0.0409432 0.0429741 -0.0390515 -0.00193526 -0.00592175 0.0438332 0.0445048 0.0352355 -0.0399084 0.045083 0.0452549 -0.0400424 -0.0400207 -0.0401667 -0.0401437 -0.0410125 -0.0398091 -0.0397362 -0.0401638 0.0458971
internal_weight=535.573 249.671 239.3 285.902 6.45192 10.3701 235.219 231.32 13.5834 279.45 217.736 213.703 277.33 276.003 163.337 161.419 3.85494 112.666 93.4723 19.1936 9.13498
internal_count=5012 1298 1248 3714 52 50 1231 1219 67 3662 1152 1134 3642 3633 2058 2041 42 1575 1336 239 46
is_linear=0
shrinkage=0.05


Tree=93
num_leaves=31
num_cat=0
split_feature=22 1 1 37 0 40 39 16 25 25 1 38 0 9 24 24 33 37 32 25 37 25 40 9 37 39 32 8 9 14
split_gain=230.564 26.972 6.15371 9.81474 6.25617 5.80253 7.27894 5.98844 4.9322 4.67031 4.62458 4.4181 6.12393 4.48093 3.05835 4.05978 2.8347 2.37293 2.5993 2.1169 1.53468 6.09683 3.88389 1.00905 0.894556 0.590247 0.367349 0.598575 0.151461 0.0617449
threshold=-0.20861791131079027 -0.057034302645357658 0.21948656349101733 -0.22557618425892642 3.8467859583836073 -0.29170987102996793 0.2418042422128481 1.7947621562409264 0.47950345113005188 0.051979306459481796 0.90654859328389648 0.47697433068639955 1.8346308418990052 0.72975737949138286 -0.36309798156842477 1.5856694555627566 -0.01463467813511185 -0.49231328512889289 -0.32560008232136811 0.21690360671717604 -0.1868711612106497 -1.2809658839935076 0.60223581780260949 0.21629117315501026 -0.54470304718868412 -0.023803255250965931 0.64994237009767419 2.2663188337055611 -0.31469969627336486 1.0000000180025095e-35
decision_type=2 2 2 2 2 2 2 2 2 2 2 2 2 2 2 2 2 2 2 2 2 2 2 2 2 2 2 2 2 2
left_child=2 5 4 -4 8 17 9 14 20 -7 11 16 13 -13 -8 -16 19 18 -2 -3 21 -1 -23 -18 -11 -25 28 -28 -12 -5
right_child=1 10 3 29 -6 6 7 -9 -10 24 26 12 -14 -15 15 -17 23 -19 -20 -21 -22 22 -24 25 -26 -27 27 -29 -30 -31
leaf_value=0.043696143203439029 -0.037390226391358798 -0.0080225136016590856 0.032827557905425304 -0.040027438770591034 0.05148758951839965 -0.0070328098912991292 0.020484966048017722 0.049615299167163618 0.051925560056126946 0.043209571339841241 0.055567423245296392 -0.045921682198303358 0.060276253764899548 0.028024834377427706 -0.044790757202620934 0.012839890652571779 0.070048611241105216 -0.0405565095257946 0.017210815555337565 0.035124819744018779 -0.039742172047473531 -0.035252912092909462 0.020356469129210235 0.0501804257134464 0.071630163170941785 0.02886095913366242 0.021998725795980216 0.046730146928011633 0.046011459245969319 -0.050694616114402229
leaf_weight=2.61536069959402 3.5352350100874901 4.6685093790292758 8.8750711157917994 6.9141906276345235 2.0841232836246482 3.7919131182134143 4.3771240264177349 4.2468556389212599 1.6021386682987202 5.6014961898326865 4.2646223157644263 5.7596233263611776 3.2778828293085089 3.1796665042638779 10.029496461153032 4.3949797600507727 4.4944307506084469 8.3190093450248224 5.6845920346677321 7.2687457054853439 131.24554262310266 103.83348629623652 3.237773321568965 9.5387206226587296 5.4748928733170024 4.9216494187712643 4.1968937814235669 5.8664301484823227 149.8334277421236 1.6876959465444086
leaf_count=16 18 24 39 94 8 39 26 17 6 24 17 48 11 11 78 27 18 106 34 32 1928 1451 41 41 26 20 20 28 752 12
internal_value=0.000456848 0.0335576 -0.0327236 -0.00406063 -0.0347714 0.00258545 0.0135854 -0.00400996 -0.0355126 0.0408613 0.0418442 0.0272699 0.00181683 -0.0196192 -0.0161227 -0.0272313 0.0373361 -0.0211951 -0.00372532 0.0182504 -0.0360941 -0.031729 -0.0335713 0.0493558 0.0572574 0.0429243 0.0456715 0.0364159 0.0462759 -0.0421203
internal_weight=524.822 262.726 262.095 17.477 244.618 55.4556 37.9168 23.0485 242.534 14.8683 207.271 43.1092 12.2172 8.93929 18.8016 14.4245 30.8921 17.5388 9.21983 11.9373 240.932 109.687 107.071 18.9548 11.0764 14.4604 164.161 10.0633 154.098 8.60189
internal_count=5012 1417 3595 145 3450 395 237 148 3442 89 1022 205 70 59 131 105 135 158 52 56 3436 1508 1492 79 50 61 817 48 769 106
is_linear=0
shrinkage=0.05


Tree=94
num_leaves=31
num_cat=0
split_feature=37 22 6 40 39 22 0 37 5 25 28 17 11 0 25 36 8 24 38 5 42 24 12 8 17 31 32 32 22 15
split_gain=211.816 37.5721 32.9344 13.8864 13.2013 13.1184 9.76212 9.05649 6.71668 6.55484 7.52955 5.46885 3.83007 3.08523 4.95461 2.84872 2.4997 1.99186 1.6185 1.4585 11.7714 1.35278 1.17705 0.924612 0.254381 0.135383 0.0645874 0.0571759 0.0534043 0.0327352
threshold=-0.61530785746145966 -0.83090017290929874 1.1354320229492372 0.44898798543131052 0.40100575111340181 -0.028276873886959878 1.0782150706355909 2.0264252754379988 -0.52495947060048287 0.31820076278111276 0.30704100260063016 0.16894236080473995 -0.87020217059374727 0.35181815709225711 -0.6357010584108741 -1.2448999829563812 2.4200009757131711 1.6661085181171502 -0.30604969107959262 -0.3016696533600412 -0.33879519086449189 -0.54044690875297086 1.5558207616184798 1.2855814013342366 -0.93880721760858143 -0.40393654130479212 1.0000000180025095e-35 -0.47330339797787185 -0.87428616522526792 1.3468028667460898
decision_type=2 2 2 2 2 2 2 2 2 2 2 2 2 2 2 2 2 2 2 2 2 2 2 2 2 2 2 2 2 2
left_child=4 13 3 9 19 6 7 -5 25 12 -11 17 -3 18 21 16 -4 -10 -2 27 -21 24 -8 -14 -15 -6 -22 -1 -20 -17
right_child=1 2 15 5 8 -7 22 -9 11 10 -12 -13 23 14 -16 29 -18 -19 28 20 26 -23 -24 -25 -26 -27 -28 -29 -30 -31
leaf_value=-0.041533235316880308 -0.0077819124974288084 0.0010739392881835949 0.016639000008977809 0.019463944030497532 -0.034298685145568782 -0.046252032861992032 0.041741528307257844 -0.019089468440363622 0.048307809287243812 -0.049800894116595239 0.033453598111294204 -0.028873352733572 0.042624499482238572 -0.030009605976444129 0.039085115713407247 -0.04161783153191026 -0.037624423368749126 0.0083163029302876813 -0.042558562645647502 0.051348791384961838 -0.042358050073632462 -0.0016976509657601288 0.012074819569598813 0.01394677949824271 -0.049086209934887985 -0.047791225660036685 -0.034028821362145814 -0.04930717394115755 -0.049362862173783176 -0.047790923747440851
leaf_weight=198.78759928047657 3.6898521557450321 5.9204290062189093 4.7851324528455752 195.28107368946075 3.3175804689526558 7.3670738488435736 52.834841087460518 16.521320000290871 7.5561995506286639 4.4210629686713201 7.0408121794462204 5.2164636701345435 147.02424599230289 3.4122439771890631 3.8736788406968108 15.267811156809332 3.8138887360692024 5.2957733124494553 17.746749348938469 3.8918153047561672 24.840084441006187 3.4985148683190337 3.5693375766277304 2.8654503226280204 3.5819744616746902 4.2291827499866512 2.5680570453405371 2.3936966583132735 3.4431806206703177 2.4991045817732802
leaf_count=1734 25 33 23 958 23 34 326 61 38 23 32 20 961 23 16 129 21 22 134 16 198 19 21 13 18 25 19 13 19 15
internal_value=0.000580392 0.0193062 0.0232371 0.0264694 -0.0363101 0.0195712 0.0213793 0.0164566 -0.00224314 0.0378337 0.00134076 0.0143038 0.0405183 -0.0276897 -0.00924112 -0.0310523 -0.00742823 0.0318289 -0.0383426 -0.0400636 -0.0300232 -0.0270821 0.0398642 0.0420763 -0.0397794 -0.0418599 -0.0415776 -0.0416257 -0.0436642 -0.0424861
internal_weight=766.554 508.458 469.212 442.846 258.096 275.574 268.207 211.802 25.6152 167.272 11.4619 18.0684 155.81 39.2462 14.3664 26.3659 8.59902 12.852 24.8798 232.481 31.3 10.4927 56.4042 149.89 6.99422 7.54676 27.4081 201.181 21.1899 17.7669
internal_count=5012 2904 2650 2462 2108 1400 1366 1019 128 1062 55 80 1007 254 76 188 44 60 178 1980 233 60 347 974 41 48 217 1747 153 144
is_linear=0
shrinkage=0.05


Tree=95
num_leaves=31
num_cat=0
split_feature=39 0 37 38 13 38 25 20 12 25 40 19 17 40 3 34 39 20 19 40 14 19 8 17 40 19 11 47 9 32
split_gain=112.44 14.3733 11.1338 13.2991 8.27132 7.29674 12.3 10.8758 6.31659 9.52446 3.34098 2.41682 7.01264 2.09114 1.78244 1.51877 3.27913 1.18552 0.991463 0.603265 0.00673395 0.00332039 0.00122737 0.00120259 0.000531017 0.000234906 0.000206735 0.000205165 0.000135678 0.000122184
threshold=0.76709821287102642 1.1397388681411023 -0.055972977829444666 -0.99455459383822342 0.38474485354310128 0.72889658798430712 -1.4963929276914476 0.89424600074322436 0.7848834719076051 -0.6357010584108741 1.3173923688686717 -0.20165037371690098 -0.50067323173844236 1.9303836983538674 -0.11543912428711657 -1.2509037723377663 0.6954590335867854 -0.181956928265503 -0.04082397337080327 1.7515945605873522 -0.54963909378656894 -0.1072469139624731 -0.70771334131026642 -1.4462278875496855 0.44898798543131052 4.0772924754326292 0.33886352304489215 -0.78170655370762865 -1.5807440948115079 0.75823867466005146
decision_type=2 2 2 2 2 2 2 2 2 2 2 2 2 2 2 2 2 2 2 2 2 2 2 2 2 2 2 2 2 2
left_child=15 2 3 -2 11 6 10 -8 14 -10 -6 12 19 -14 -7 16 26 -13 -19 -4 21 22 -5 -3 -22 28 -1 -25 -17 -30
right_child=1 23 4 20 5 8 7 -9 9 -11 -12 17 13 -15 -16 25 -18 18 -20 -21 24 -23 -24 27 -26 -27 -28 -29 29 -31
leaf_value=-0.03851294769457158 0.068156499858573291 -0.040631300044135822 -0.005745871808091 -0.041317287467128608 0.012726830812959888 0.039782101912618183 -0.022997753151577052 0.057997203648253559 0.04481472608588092 -0.018990361663334468 0.066888750115571882 0.031019113603520922 0.054122352956508336 0.015746811864286076 0.066970272076870035 -0.039048242740041476 0.053196323254663037 0.070380811989679812 0.05005325645299951 -0.043820587703278367 -0.038659486693719318 -0.04276689427084731 -0.039213271908621491 -0.039392327492394789 -0.039732641949711253 -0.039351957372848585 -0.039490673080798774 -0.038669140601035795 -0.038501469102525464 -0.038368314286282651
leaf_weight=2.2378156520426269 3.7844858914613715 0.99820819497108448 1.8368725776672388 1.3041393719613554 4.3238912858068899 12.244495745748283 26.034769557416446 4.929335255175828 13.341602746397259 10.414446301758288 8.3373245112597925 6.8312882222235194 13.541519295424225 4.811099048703908 11.874443154782055 1.0461100172251452 1.4443718828260896 7.194245070219039 36.091975271701813 2.3991041220724583 4.8137414101511231 2.2982693053781977 1.4794450066983698 1.1632963772863147 1.5156676210463045 0.7803525160998096 0.7128907199949025 6.2483900897204858 90.656033702194691 21.270417414605618
leaf_count=68 16 11 16 14 19 53 262 20 64 105 30 36 55 28 52 24 12 25 149 26 133 19 30 22 27 15 13 169 2767 732
internal_value=0.000842994 0.0248838 0.0278786 -0.0130673 0.0316678 0.0216646 0.00687328 -0.0101037 0.035143 0.0168431 0.0483921 0.0442567 0.030678 0.0440623 0.0531676 -0.0373731 -0.00853276 0.0503768 0.0534317 -0.02731 -0.0400048 -0.0413603 -0.040199 -0.0390021 -0.0389165 -0.0384874 -0.0387492 -0.0387826 -0.0384815 -0.0384762
internal_weight=305.96 187.812 179.402 15.1957 164.206 91.5003 43.6253 30.9641 47.875 23.756 12.6612 72.7061 22.5886 18.3526 24.1189 118.148 4.39508 50.1175 43.2862 4.23598 11.4113 5.08185 2.78358 8.40989 6.32941 113.753 2.95071 7.41169 112.973 111.926
internal_count=5012 1381 1179 239 940 605 331 282 274 169 49 335 125 83 105 3631 93 210 174 42 223 63 44 202 160 3538 81 191 3523 3499
is_linear=0
shrinkage=0.05


Tree=96
num_leaves=31
num_cat=0
split_feature=38 42 39 20 41 21 11 5 31 22 16 22 38 15 3 40 22 36 12 11 22 27 38 39 32 40 3 39 40 17
split_gain=319.729 10.9862 6.15067 2.09496 1.13506 3.13189 0.889483 1.23982 0.174519 0.104733 0.0526032 0.0032527 0.00215417 0.00210643 0.00224176 0.00170394 0.0015649 0.00117378 0.000867102 0.000479439 0.000474958 0.000436125 0.000390083 0.000378981 0.000344602 0.000343598 0.000337485 0.000325434 0.0002768 0.000252431
threshold=-1.1479698628609787 0.18091566092529496 0.48282813517642792 -1.1880612340604182 -1.2326425409844657 -1.1354372204419219 -0.75667672312331125 -1.1460678969856797 0.03314275841321826 -0.38321115807146472 -0.098517075383124139 -0.34994283340839427 0.75594019017965419 1.0558168315631338 -0.5014891785922525 0.44898798543131052 -0.67217241717151499 -2.7220614995347394 0.34879180365090151 0.20560244450755005 -0.13202778765164053 1.2720714685982282 -0.96449546876695358 0.92707952421835238 0.92900238940126634 1.1896858418925891 0.040431485029873072 1.4820415717977673 1.1896858418925891 -0.81627340725616271
decision_type=2 2 2 2 2 2 2 2 2 2 2 2 2 2 2 2 2 2 2 2 2 2 2 2 2 2 2 2 2 2
left_child=1 2 4 -2 8 -6 7 -7 10 -8 11 -1 13 15 -15 22 24 18 -16 25 23 -19 -5 -17 -14 -18 -22 -24 -26 -30
right_child=3 -3 -4 12 5 6 9 -9 -10 -11 -12 -13 16 14 17 20 19 21 -20 -21 26 -23 27 -25 28 -27 -28 -29 29 -31
leaf_value=0.044497728803531228 -0.00067539366761130808 -0.020493531439221929 -0.021385153629779025 -0.040427513489315801 -0.0051240747030426876 0.0076471191009593875 0.045816605162778946 0.045806236570080705 0.033611015435255458 0.055036456251768034 0.050454511816581941 0.045306472314746243 -0.039912499569625684 -0.041494767041309347 -0.041723183271202918 -0.039846655257445018 -0.039460513755369984 -0.040204708404446288 -0.040232568255435322 -0.039811817798570723 -0.040896053388946724 -0.03976415136523364 -0.039686863230665552 -0.040112741647306535 -0.039934977779123471 -0.039770412006377362 -0.040136637043778754 -0.040297445282871887 -0.040268889287292851 -0.041037200463540618
leaf_weight=179.70835557579994 3.4542385935783377 7.2227053418755522 3.7500366345047942 1.9183021523058403 4.3856771439313915 3.9153642952442169 9.3499683588743228 4.6646434962749517 3.6338209211826316 4.5933811962604461 3.8521696776151648 13.356667295098303 4.7198625430464727 3.6647460646927348 1.9836747720837622 19.668062269687653 48.188698381185532 16.945535358041528 1.9198381192982195 18.146178599447012 2.7953745536506167 8.403295982629059 72.023549426347017 41.867410112172365 1.6601004116237161 10.982992164790629 3.069280844181776 2.2504892572760573 1.9301582500338548 2.3963852971792226
leaf_count=1018 22 34 16 23 15 20 48 24 18 19 17 71 63 39 18 272 769 212 24 255 29 118 1050 529 22 155 39 27 23 23
internal_value=-0.00188829 0.0402309 0.0421278 -0.0393623 0.043175 0.0335324 0.0410595 0.0283929 0.0444688 0.0488539 0.0446691 0.0445537 -0.0398675 -0.0399682 -0.040329 -0.0398855 -0.0396654 -0.0401829 -0.0409901 -0.039587 -0.0400687 -0.0400587 -0.0397235 -0.0400277 -0.040232 -0.039518 -0.0404986 -0.0397054 -0.0404838 -0.0406944
internal_weight=506.421 238.433 231.21 267.988 227.46 26.909 22.5234 8.58001 200.551 13.9433 196.917 193.065 264.534 176.51 32.9171 143.592 88.0244 29.2523 3.90351 77.3179 67.4001 25.3488 76.1923 61.5355 10.7065 59.1717 5.86466 74.274 5.98664 4.32654
internal_count=5012 1300 1266 3712 1250 126 111 44 1124 67 1106 1089 3690 2380 411 1969 1310 372 42 1179 869 330 1100 801 131 924 68 1077 68 46
is_linear=0
shrinkage=0.05


Tree=97
num_leaves=31
num_cat=0
split_feature=22 1 31 1 37 0 25 40 39 24 42 37 42 23 34 23 32 27 11 40 37 5 39 6 37 32 1 9 14 6
split_gain=211.517 24.847 6.90627 5.91567 9.09927 5.90325 4.71288 4.41442 6.66846 6.20971 5.86896 3.38152 3.22328 3.39697 4.49189 3.18204 3.08263 2.56257 2.15087 1.66513 1.61886 5.89275 9.44956 1.13866 0.426442 0.259052 0.322734 0.136526 0.0543179 0.0196703
threshold=-0.20861791131079027 0.093771064585125088 -0.41013144227825138 0.21948656349101733 -0.22557618425892642 3.8467859583836073 0.47950345113005188 -0.29170987102996793 0.2418042422128481 1.5406684420530381 -0.35267750998889308 -0.49231328512889289 0.8566448352894408 0.41654287519983418 0.40736748531781425 1.064575077941295 -0.37084516913314297 0.32856328973678933 -0.3894625705596621 0.21911623687436199 -0.1868711612106497 -1.2085057952819418 -1.3109826500800097 0.1418993591815145 -0.040787256304242091 0.69110080390709505 2.5587476444827923 -0.31469969627336486 1.0000000180025095e-35 0.80851884336664526
decision_type=2 2 2 2 2 2 2 2 2 2 2 2 2 2 2 2 2 2 2 2 2 2 2 2 2 2 2 2 2 2
left_child=3 2 24 5 -5 6 20 11 18 10 -10 16 13 23 -15 -16 -4 -17 -9 -20 21 -1 -23 -3 -2 27 -27 -14 -6 -29
right_child=1 12 7 4 28 -7 -8 8 9 -11 -12 -13 25 14 15 17 -18 -19 19 -21 -22 22 -24 -25 -26 26 -28 29 -30 -31
leaf_value=-0.039525687244425553 -0.040833577872864707 0.068536076078610911 -0.027296873459287132 0.031277626377757911 -0.039883752976287767 0.050633233727321016 0.051249751455513408 0.081630588045291219 -0.041020412235349635 0.042931057756110259 0.017557410498965864 -0.040737587628745353 0.054561725076786555 0.048342973336465415 -0.032957353559710009 -0.010488644626259827 0.028164257602251455 0.04341253662607257 0.011253764191690673 0.050590420891524247 -0.039606752976264981 0.071162214949693298 -0.022259410126550156 0.03707610048629343 -0.011496333735236428 0.026276061287518179 0.046115298705569241 0.047955195923068981 -0.050106774827118256 0.045188391902101249
leaf_weight=69.371761742979288 7.06581199914217 4.5419286563992483 4.0360803008079529 8.8475277572870272 6.5445604734122735 2.0231543481349936 1.5674894452095021 3.5034725479781619 8.4596213474869728 7.5890416949987403 8.646296381950382 5.6468714624643317 4.1134212613105765 6.9361997395753887 4.9750008024275294 4.3162973411381227 6.6064597107470053 4.5080820694565773 4.0992621518671495 7.8267724961042404 123.82025015726686 2.9622099772095671 31.393510777503252 7.8424555957317352 1.50199696049094 3.9970690310001356 4.2079930007457733 6.7465353757143012 1.6212182603776453 134.29638007283211
leaf_count=1088 88 19 23 39 94 8 6 19 66 35 48 72 17 28 24 26 32 20 26 33 1928 19 401 37 15 20 21 31 12 717
internal_value=0.000443194 0.0327613 0.00613621 -0.0323062 -0.00385145 -0.0344007 -0.0351515 0.0124886 0.0214003 0.00528833 -0.0114119 -0.00946297 0.0420392 0.0278938 0.0155187 -0.000980312 0.00713116 0.0170477 0.0471877 0.0370695 -0.0357467 -0.031139 -0.0142044 0.0486139 -0.0356906 0.045094 0.0364507 0.0455826 -0.0419134 0.0453207
internal_weight=499.615 251.463 64.9817 248.152 17.0133 231.138 229.115 56.4139 40.1245 24.695 17.1059 16.2894 186.481 33.12 20.7356 13.7994 10.6425 8.82438 15.4295 11.926 227.548 103.727 34.3557 12.3844 8.56781 153.361 8.20506 145.156 8.16578 141.043
internal_count=5012 1417 457 3595 145 3450 3442 354 227 149 114 127 960 154 98 70 55 46 78 59 3436 1508 420 56 103 806 41 765 106 748
is_linear=0
shrinkage=0.05


Tree=98
num_leaves=31
num_cat=0
split_feature=21 19 42 22 39 40 22 0 37 38 39 38 0 6 14 0 19 37 38 13 37 40 3 31 15 16 31 19 47 39
split_gain=195.586 35.197 17.2992 16.6156 13.0282 7.2183 10.9111 8.4199 7.07246 8.58939 6.99966 9.97491 7.40343 9.21283 5.58441 5.23962 5.33997 4.95533 4.86753 3.95179 3.51933 13.1109 4.40225 3.38237 3.06822 2.63608 1.9974 1.72577 1.63465 2.02789
threshold=-0.2419175477721858 -0.20865313526502632 1.2420620919108645 -0.81599614996939207 0.40100575111340181 0.37236406924566101 0.04451856504512227 0.97300046040877397 -0.011592364651285254 -0.5173552778782381 1.2689839915512382 0.67353073679541919 0.47724348340784095 -0.63334348523546891 -0.057730467671504214 0.35181815709225711 0.43560445407014736 -0.42478079843882238 0.75594019017965419 -0.68106100558463345 -0.1868711612106497 0.52561190161696003 -0.84241001381188829 -0.3420412349939469 -0.35395932947362196 -0.67517829647103145 -0.24383121163670943 3.2618303976227252 -0.94771873408882878 0.81996252816785853
decision_type=2 2 2 2 2 2 2 2 2 2 2 2 2 2 2 2 2 2 2 2 2 2 2 2 2 2 2 2 2 2
left_child=4 10 3 15 27 17 7 -7 9 19 14 25 -13 -14 20 -3 24 18 -5 -6 21 22 -2 -15 -17 -12 -21 -1 29 -22
right_child=1 2 -4 5 8 6 -8 -9 -10 -11 11 12 13 23 -16 16 -18 -19 -20 26 28 -23 -24 -25 -26 -27 -28 -29 -30 -31
leaf_value=-0.040406995793654303 -0.01225098583087916 -0.043042698435124156 -0.036859713590790891 0.024521671670113043 -0.039227063004831697 0.0053160652130173468 -0.05103056387287868 0.044617038016046176 -0.042368561715099291 0.048676466156084681 0.013079436555712316 -0.053565596454272293 -0.047524513181260442 0.045088350690198592 -0.031183764240434508 0.045556646628243325 -0.042282578183983233 0.044036488240866915 -0.028362531472147907 0.037154529394666146 0.043080439580296885 -0.052925204803979622 0.041810626409947267 -0.0016444595938016919 -0.0082227262404846405 0.047500626078352204 -0.0095887869758434288 0.00019627564716356087 0.041356223054529996 0.0087573210630844597
leaf_weight=211.86141987890005 4.3620203435421017 16.570798866450787 22.826984390616417 24.791331194341186 7.9798557758331325 77.522388823330402 7.3499825000762931 16.535077974200249 10.379931300878523 8.2276557534933108 7.871300250291827 6.1786253601312664 5.5100439935922649 10.120383992791181 3.0787721574306479 5.140353262424469 5.671343781054019 29.691657356917858 5.2772823721170417 3.7031005024909973 8.2221933603286761 4.9650060832500449 27.541612476110458 6.2709937989711717 5.4789774939417857 18.960604146122932 5.9696976989507657 2.6497103944420806 152.18142679333687 9.0291384458541852
leaf_count=1937 22 116 193 129 51 320 35 99 81 43 36 25 23 55 15 18 43 192 23 20 56 20 182 29 23 99 23 15 1050 39
internal_value=0.00058218 0.019242 0.00431267 0.00915648 -0.0352199 0.0157634 0.00764033 0.0122251 -0.00750053 0.00648415 0.0314917 0.0156026 -0.0052288 0.00840753 0.0356588 -0.0232469 -0.00311061 0.0295475 0.0152401 -0.0131811 0.0366563 0.0226566 0.0344191 0.0272094 0.0178095 0.037403 0.00830626 -0.0399055 0.0397027 0.0251161
internal_weight=731.92 481.148 216.856 194.029 250.771 161.168 101.407 94.0575 36.2602 25.8803 264.292 54.912 28.08 21.9014 209.38 32.8615 16.2907 59.7603 30.0686 17.6527 206.301 36.8686 31.9036 16.3914 10.6193 26.8319 9.6728 214.511 169.433 17.2513
internal_count=5012 2842 1191 998 2170 798 454 419 218 137 1651 267 132 107 1384 200 84 344 152 94 1369 224 204 84 41 135 43 1952 1145 95
is_linear=0
shrinkage=0.05


Tree=99
num_leaves=31
num_cat=0
split_feature=39 0 24 25 19 40 21 40 22 23 4 7 25 24 10 23 30 25 6 40 18 1 1 21 23 25 22 21 19 42
split_gain=104.572 13.1839 9.71447 11.08 5.14821 4.07607 5.08871 6.17605 3.26555 2.69188 3.79882 2.97323 1.96576 1.82755 3.34748 3.30408 2.87551 2.68706 1.45791 1.3113 4.0018 0.284549 1.13894 0.0823315 0.00889334 0.00102805 0.000413259 0.000286533 0.000209581 0.000135704
threshold=0.76709821287102642 1.1397388681411023 -0.71933961393189338 -0.81472861407128261 -0.22773945493660522 0.44898798543131052 0.84455487813187891 2.0070076145395173 -0.58523756621275747 0.529050678175636 0.67062754396885194 2.0748466098156824 -0.1830665226951905 -0.77290272274881644 0.58433125417064902 -0.6912017734249517 0.76290883155822342 -0.7270010274939559 -0.99851173328254628 0.83210756635955796 -0.29317213182691454 -0.89306153291588186 -0.95440106124783253 -0.092898652197365997 0.55622290825009302 -1.3376848582170384 -0.54309289749328937 -0.69758289579479216 4.0772924754326292 0.6968333699050181
decision_type=2 2 2 2 2 2 2 2 2 2 2 2 2 2 2 2 2 2 2 2 2 2 2 2 2 2 2 2 2 2
left_child=18 2 13 4 8 26 7 -7 -4 10 -6 -11 -8 14 19 -16 -17 -15 -1 20 -2 22 29 -21 -10 -3 -5 -28 -23 -20
right_child=1 25 3 5 9 6 12 -9 24 11 -12 -13 -14 17 15 16 -18 -19 21 23 -22 28 -24 -25 -26 -27 27 -29 -30 -31
leaf_value=0.008251218982620951 0.054797212621406993 -0.040021713199402807 0.028116656226441564 -0.039793180364210132 0.0038149644917332007 0.020430687088604856 -0.043154696096813723 -0.045945014797459285 -0.039550242485946685 0.055131120103707014 0.059334506752205557 0.017166963196990979 0.020183919993672757 0.090663383297002464 -0.021570454619254914 -0.0055220122022529025 0.046450925840989712 0.030731261784718952 -0.038516491932170674 0.046595484166206423 -0.011764072893283302 -0.038416961477109365 0.033616329892264506 0.051359156570015045 -0.044889110041662371 -0.038620593979631607 -0.039552747066698618 -0.038529261743623394 -0.03925980124000341 -0.039320218495907555
leaf_weight=1.7326835021376599 5.7503746822476387 1.6562059987336395 3.3066769279539585 1.0856751948595045 9.7940779216587526 33.232573673129082 6.3252772279083729 3.9176944792270652 2.2675627619028087 25.34082314372063 4.495115563273429 6.4750670604407778 1.5192145332694043 4.2738477885723114 3.8194581009447601 3.7498308792710295 9.1682533696293813 3.3254797644913188 1.8304001837968833 15.067125376313919 3.7183096520602685 105.23948560282588 0.68989386782050033 22.789343029260639 1.1890421248972414 6.2483945712447158 0.83111730962991703 3.8588693421334019 0.74277427978813548 0.7365120407193898
leaf_count=19 22 25 18 16 50 272 88 34 42 103 17 30 28 14 28 15 42 29 57 70 25 3505 19 92 11 177 16 117 15 16
internal_value=0.00104949 0.0242506 0.0270988 0.0173114 0.0333322 0.000628501 0.00570431 0.013431 -0.00740543 0.0393081 0.0212804 0.0474048 -0.0308881 0.0412537 0.0385036 0.0192848 0.0313643 0.064437 -0.0372538 0.0453007 0.0286589 -0.0379755 -0.0234183 0.0494632 -0.0413868 -0.0389142 -0.0389141 -0.0387106 -0.0384229 -0.0387471
internal_weight=294.177 183.205 175.301 103.639 52.8684 50.7704 44.9948 37.1503 6.76328 46.1051 14.2892 31.8159 7.84449 71.662 64.0627 16.7375 12.9181 7.59933 110.972 47.3252 9.46868 109.239 3.25681 37.8565 3.4566 7.9046 5.77566 4.68999 105.982 2.56691
internal_count=5012 1381 1179 842 271 571 422 306 71 200 67 133 116 337 294 85 57 43 3631 209 47 3612 92 162 53 202 149 133 3520 73
is_linear=0
shrinkage=0.05


Tree=100
num_leaves=22
num_cat=0
split_feature=38 42 19 10 0 21 35 42 21 12 19 1 37 9 21 40 37 13 25 14 2
split_gain=298.66 9.57572 6.23692 1.92985 1.32193 2.34006 0.231578 0.327483 0.151507 0.0169008 0.00238226 0.0028269 0.00395249 0.00455497 0.00124026 0.000845846 0.000724285 0.000590712 0.000193999 4.8963e-05 1.14832e-05
threshold=-1.1479698628609787 0.41778468163674881 -0.41646921013204757 -1.227829546419851 -1.2094596607649977 -1.0558813160314604 0.40602393287412147 -0.05285871869080571 -1.0840821030426315 -1.1963109105964356 -0.27854517878572921 1.0673779686070748 -0.65107736522906023 -0.16710723501998992 -0.68838053371746266 1.1641445364973724 2.3520212166494061 0.67236684173257666 0.27947024803884557 0.63348983808225012 0.96598684723562667
decision_type=2 2 2 2 2 2 2 2 2 2 2 2 2 2 2 2 2 2 2 2 2
left_child=1 2 4 -2 6 -6 7 8 -1 -5 14 12 13 -12 -11 17 -14 -16 -17 -13 -21
right_child=3 -3 -4 9 5 -7 -8 -9 -10 10 11 19 16 -15 15 18 -18 -19 -20 20 -22
leaf_value=0.044030395645737734 0.012212580209264978 -0.035948458880706337 0.00042450505588422855 -0.045215074270835147 0.0046025681659620015 0.048163891475277325 0.031931666471385005 0.059420643942759914 0.035323108493645047 -0.04053994942196968 -0.042012470664476304 -0.039827158892570103 -0.039856473689775657 -0.040076603390601373 -0.039617731352521869 -0.03972197212790262 -0.040479108175394844 -0.039323018955063488 -0.040268680672025992 -0.039538525119545136 -0.039646633467857947
leaf_weight=184.39479953050613 1.7985721006989468 4.1114888936281195 9.0460976213216764 1.4127559438347805 6.0084190666675568 6.3318023532628995 4.0103886425495139 3.4133176356554022 5.1349317580461493 3.0482251718640319 4.9875251166522503 1.5783290453255165 83.002665255218744 7.776187136769293 26.553181145340204 24.93363852053881 4.9492134600877753 47.272798988968134 1.735613927245139 46.524799041450024 2.5932212471961966
leaf_count=1099 13 23 34 8 27 34 19 16 28 35 48 22 1164 102 404 360 57 804 21 714 38
internal_value=-0.00281241 0.0396487 0.0410722 -0.0393993 0.0428291 0.026954 0.0438237 0.0440709 0.0437945 -0.0397614 -0.0397312 -0.0398576 -0.0400108 -0.0408331 -0.0395463 -0.0395162 -0.0398915 -0.039429 -0.0397576 -0.039553 -0.0395442
internal_weight=480.618 222.451 218.34 258.167 209.294 12.3402 196.953 192.943 189.53 256.368 254.955 151.412 100.716 12.7637 103.543 100.495 87.9519 73.826 26.6693 50.6963 49.118
internal_count=5070 1280 1257 3790 1223 61 1162 1143 1127 3777 3769 2145 1371 150 1624 1589 1221 1208 381 774 752
is_linear=0
shrinkage=0.05


Tree=101
num_leaves=31
num_cat=0
split_feature=22 42 22 9 37 17 7 2 9 16 11 5 4 23 39 24 34 39 9 16 5 37 38 40 1 24 13 2 9 5
split_gain=189.481 28.1234 7.35118 7.13236 6.64427 8.07003 7.77384 5.21501 4.08971 3.46638 4.31454 3.27988 6.09253 5.80573 3.65886 3.54849 2.52097 2.00333 1.90351 1.71423 1.13821 1.03217 7.17202 2.67691 0.979138 0.744161 0.289479 0.598464 0.173999 0.12712
threshold=-0.20861791131079027 0.57224671896782431 -0.34584476710560591 -0.15371172273969266 -0.098285831242653582 0.036889959303141824 0.43152340083996121 4.0111473770993857 -0.85462622701907021 1.7527005137010303 -0.77890003771507088 0.34471125566888083 2.2535331349212639 -0.67782336540084154 0.44161026945671367 0.53650529478440689 -0.62905205071692138 0.2143155809776677 -0.026685959765875362 -0.34402015999494234 1.5384644064283666 -0.1868711612106497 0.73702949670526363 0.65331842859304257 0.032939811433845785 0.58936442678402667 0.75170059260715283 1.2917849528954466 -0.4263759322181922 0.17256105036632988
decision_type=2 2 2 2 2 2 2 2 2 2 2 2 2 2 2 2 2 2 2 2 2 2 2 2 2 2 2 2 2 2
left_child=2 3 7 8 5 6 -4 21 -2 10 -10 14 13 19 15 -5 -11 -15 -7 -13 -6 22 23 24 -1 -3 28 -28 -27 -17
right_child=1 25 4 11 20 18 -8 -9 9 16 -12 12 -14 17 -16 29 -18 -19 -20 -21 -22 -23 -24 -25 -26 26 27 -29 -30 -31
leaf_value=-0.03746579435492025 0.030734682456812431 0.025367364582627068 -0.040900139372113904 0.0052515363487284396 -0.040030586246483452 0.07572017772336051 0.030316921882151494 0.050340667112641568 0.025972792571206851 -0.02169120122008051 -0.04089467569588532 0.0044529618728252158 0.056039406528372443 -0.0057547355108602746 0.00098363056381895755 0.048278121960808773 0.038475895234962282 -0.042384795647857645 0.023837956616641738 0.049595670283476889 0.0083249636343506878 -0.039459455986040726 0.052935731808181667 0.013948034839119453 -0.01119520867833074 0.056019064426244915 0.02056748572531561 0.046625716135292879 0.044643313417001951 0.057722807448877478
leaf_weight=76.498225387185812 4.9183060303330448 5.3306782990694037 10.182595271617179 5.5994565114378991 15.231482878327371 3.5444758459925652 6.1438483446836463 1.7552283704280842 2.8565862290561261 3.2207931354641914 15.513230010867117 3.8954955488443375 5.0968495309352866 7.9394922852516157 8.117198318243025 12.809606514871122 3.789123196154832 7.0445441678166389 3.5271849185228339 4.5701852515339905 1.3226183466613282 108.90191439166665 2.4086955077946177 2.7470240741968146 3.7193096540868273 3.4436326324939719 3.7953666076064092 5.2529180496931076 140.85855893790722 4.935332164168357
leaf_count=1263 29 26 125 28 226 21 31 7 27 22 183 24 18 47 38 59 23 56 21 18 13 1805 19 39 32 14 20 26 791 19
internal_value=0.000629427 0.0310556 -0.0314735 0.00878047 -0.0119256 0.0052253 -0.0141003 -0.0354574 -0.0109949 -0.0190817 -0.0304965 0.018765 0.00649329 -0.00427567 0.0298998 0.0399544 0.0108314 -0.0229759 0.0498425 0.0288232 -0.0361671 -0.0362326 -0.0321164 -0.0345857 -0.0362478 0.0437324 0.0443708 0.0356954 0.0449148 0.0509049
internal_weight=484.97 248.987 235.983 90.3062 39.9522 23.3981 16.3264 196.03 30.298 25.3797 18.3698 60.0082 28.5466 23.4497 31.4616 23.3444 7.00992 14.984 7.07166 8.46568 16.5541 194.275 85.3733 82.9646 80.2175 158.681 153.35 9.04828 144.302 17.7449
internal_count=5070 1468 3602 591 437 198 156 3165 284 255 210 307 163 145 144 106 45 103 42 42 239 3158 1353 1334 1295 877 851 46 805 78
is_linear=0
shrinkage=0.05


Tree=102
num_leaves=31
num_cat=0
split_feature=21 42 22 39 0 13 25 25 37 5 5 25 42 39 40 16 39 35 23 37 28 27 38 22 37 10 1 10 20 7
split_gain=168.305 28.5392 24.5416 15.73 12.2712 12.3641 14.1783 9.61603 9.10385 7.12485 5.5085 5.3661 5.25713 4.05729 3.7585 3.98779 3.74374 7.35975 2.48072 2.32556 2.0571 1.99308 1.02535 1.26891 0.722193 3.44164 0.391622 0.333182 0.223335 0.204414
threshold=-0.2419175477721858 0.98310154587754295 -0.7564949140667182 0.40100575111340181 1.8346308418990052 0.87679238705732743 -0.81472861407128261 0.26002134966709262 -0.011592364651285254 -0.81752562261725348 0.38960707777714537 -1.2098622607919063 0.061444138527872845 1.3355826804088917 1.3684749796591047 -0.77161448703656299 1.2254093300896811 -0.69700242215754737 0.19403531510799751 0.043623466047559116 0.12596588934605787 0.10886101203098127 -0.56077298421834754 0.65381158637203007 -0.71052643567354024 -0.24532631784138148 1.2641949932054872 -0.13775512876523319 -0.33553399489161323 1.3148396969735099
decision_type=2 2 2 2 2 2 2 2 2 2 2 2 2 2 2 2 2 2 2 2 2 2 2 2 2 2 2 2 2 2
left_child=3 2 10 20 5 6 11 -8 9 -5 19 -4 22 18 -15 -16 -7 -18 -12 -2 24 -3 23 -11 27 -26 -23 -1 -24 -21
right_child=1 21 4 8 -6 16 7 -9 -10 12 13 -13 -14 14 15 -17 17 -19 -20 29 -22 26 28 -25 25 -27 -28 -29 -30 -31
leaf_value=-0.041005001836735833 0.0060005959287358175 -0.0052763407189920291 0.0049900286227209751 -0.042462740641926941 -0.047666356235358691 0.042472166695277307 0.029482781257529123 2.4651257764178805e-05 -0.042033401460206475 0.045388193524080189 0.0018002320799883583 -0.032902641676871111 -0.026515280483750882 0.049899860491029208 0.032782823833725508 -0.027964576084318717 -0.016163898503100804 0.04161005806697033 -0.047323365100621274 -0.043646983574869937 -0.0006510140006045611 -0.02105214500676553 0.043615876272953304 0.0063976129626597267 0.02445582866571902 -0.041457379678196411 -0.041624390044819992 -0.020520912486613887 0.060331719278812958 -0.028472312143763553
leaf_weight=184.19220667332411 3.0919356197118786 5.4562829136848476 35.605329394340515 4.6804869771003714 5.7764177024364463 105.28925208002329 183.0303233936429 32.643786206841469 10.655325978994368 4.1903725862503105 4.9724602103233355 12.666921466588972 3.8654592335224143 5.557145535945895 4.9139261245727566 6.0005668550729707 8.6850702017545718 15.08984115719795 5.319344699382782 13.944869801402094 3.3769596815109244 2.6359061971306827 4.5677873939275777 4.1563888490200043 2.4729402437806121 9.9441127479076368 18.905263237655163 2.0067512616515151 3.5520774126052839 2.6393234878778449
leaf_count=1818 15 32 155 36 29 781 1108 150 88 23 22 51 19 20 19 30 36 93 32 99 18 17 29 17 15 91 175 17 15 20
internal_value=0.000375515 0.017647 0.0206738 -0.0339423 0.0246798 0.0257431 0.0195416 0.0250241 -0.00333084 0.0131564 -0.0137261 -0.00495323 0.02596 0.00103918 0.0164276 -0.000614864 0.0384256 0.020505 -0.0235894 -0.0338098 -0.0393477 -0.0322697 0.0382784 0.0259723 -0.0400056 -0.0283303 -0.039107 -0.0407842 0.0509283 -0.041232
internal_weight=709.885 472.224 445.227 237.661 398.787 393.011 263.946 215.674 35.6679 25.0126 46.4396 48.2723 20.3321 26.7634 16.4716 10.9145 129.064 23.7749 10.2918 19.6761 201.993 26.9975 16.4666 8.34676 198.616 12.4171 21.5412 186.199 8.11986 16.5842
internal_count=5070 2884 2660 2186 2403 2374 1464 1258 227 139 257 206 103 123 69 49 910 129 54 134 1959 224 84 40 1941 106 192 1835 44 119
is_linear=0
shrinkage=0.05


Tree=103
num_leaves=31
num_cat=0
split_feature=39 0 37 38 21 19 24 9 37 38 39 24 38 0 26 22 12 22 17 22 22 15 1 18 42 21 12 42 21 22
split_gain=102.991 13.707 12.4141 8.09396 7.04955 8.40726 8.83237 8.86212 7.07257 11.5874 6.35582 3.52903 2.60467 6.04799 2.17955 1.08665 0.678272 0.00857946 0.000950339 0.000568633 0.000162077 0.000161838 0.00015094 0.00036527 9.60038e-05 8.44088e-05 8.07911e-05 0.000112586 7.25377e-05 7.04694e-05
threshold=0.6954590335867854 1.1397388681411023 -0.12741427314891079 -1.0531595510033329 0.47794464698665501 -0.33259172663450204 -0.57641494948575522 -0.56882870901275806 0.83282756355708043 0.20081431515777537 1.3766941159847048 0.15704787828691333 0.1608230905902954 0.047765766521541013 0.19625085475666224 -0.67217241717151499 1.1103381556873388 -0.62573259603165476 -1.4462278875496855 -0.52549195643817959 -0.59795550539100784 1.00420387805357 -0.42852016513778662 -0.10521942293597968 0.28987445280977153 0.74689109995634972 -1.255591204666324 0.79923017564888577 -0.65157108540814457 -0.37619177310768837
decision_type=2 2 2 2 2 2 2 2 2 2 2 2 2 2 2 2 2 2 2 2 2 2 2 2 2 2 2 2 2 2
left_child=21 2 3 -2 11 6 7 -6 9 -7 -10 12 13 -4 -13 -14 -8 -5 -3 -19 -20 25 23 -23 -25 26 -1 29 -21 -28
right_child=1 18 4 17 5 8 16 -9 10 -11 -12 14 15 -15 -16 -17 -18 19 20 28 -22 22 -24 24 -26 -27 27 -29 -30 -31
leaf_value=-0.038304869779910919 0.050114482843952604 -0.040305536758082211 0.045541196614860821 -0.042012288115465451 0.082934177350890564 0.041304335728874216 -0.038013070690857603 -0.0083950989402785652 0.055947210982285424 -0.041765946321465935 0.021267621373048929 -0.040926394542871843 0.049270498662523761 -0.0080655471683298043 0.026296515797598313 0.068632851147571713 0.0020643835568484432 -0.039655972480794791 -0.039139207269738054 -0.038947535535185325 -0.038491879151837854 -0.03962332085702 -0.038427148529590137 -0.038337113183569367 -0.038996677133071644 -0.038244346466143747 -0.038390923568959658 -0.038319157522922566 -0.038494439462022183 -0.038571400742062167
leaf_weight=28.977049920707941 3.2956122979521743 0.91110674664378155 29.376283086836338 2.7873670980334273 4.39475860260427 8.9100206941366213 10.84749819152057 6.7142696809023636 27.623135015368462 7.9378282073885194 25.324129916727543 1.8377295844256867 23.299329176545143 6.4095313735306254 3.5065324455499649 10.517226368188856 1.1695284657180298 1.4949285313487042 1.1464321110397575 1.0630886256694783 6.1771852355450374 0.98245943337678943 10.92021480388939 2.1413095947355045 0.74320331588387478 17.27898708358407 9.8209551703184825 17.141279703006148 5.2240031212568292 12.039056155830623
leaf_count=1059 15 11 135 24 36 42 185 95 119 64 114 25 98 58 25 37 19 23 23 25 194 16 366 77 17 688 334 615 164 367
internal_value=0.00268908 0.0243122 0.0271712 -0.0182999 0.0309268 0.0217248 -0.00440298 0.027735 0.030382 0.00216595 0.0393603 0.0423359 0.0453423 0.0359398 0.0031806 0.0552923 -0.0341126 -0.039632 -0.0387827 -0.0387795 -0.0385932 -0.0383695 -0.0385222 -0.0387907 -0.0385071 -0.038343 -0.0383681 -0.0384151 -0.0385711 -0.0384903
internal_weight=290.012 189.968 181.733 13.865 167.868 92.9212 23.1261 11.109 69.7951 16.8478 52.9473 74.9466 69.6024 35.7858 5.34426 33.8166 12.017 10.5694 8.23472 7.78202 7.32362 100.045 14.7872 3.86697 2.88451 85.2573 67.9783 39.0013 6.28709 21.86
internal_count=5070 1531 1303 251 1052 674 335 131 339 106 233 378 328 193 50 135 204 236 228 212 217 3539 476 110 94 3063 2375 1316 189 701
is_linear=0
shrinkage=0.05


Tree=104
num_leaves=18
num_cat=0
split_feature=38 42 19 10 0 21 35 42 21 12 19 19 1 37 21 40 14
split_gain=276.215 8.93528 6.12059 1.95039 1.36791 2.3032 0.243284 0.303634 0.161385 0.01415 0.00221979 0.0018215 0.00238465 0.0022907 0.000985014 0.000733155 4.94186e-05
threshold=-1.1479698628609787 0.41778468163674881 -0.41646921013204757 -1.227829546419851 -1.2094596607649977 -1.0558813160314604 0.40602393287412147 -0.05285871869080571 -1.0840821030426315 -1.1963109105964356 4.0772924754326292 -0.27854517878572921 1.0673779686070748 -0.65107736522906023 -0.68838053371746266 1.1641445364973724 0.63348983808225012
decision_type=2 2 2 2 2 2 2 2 2 2 2 2 2 2 2 2 2
left_child=1 2 4 -2 6 -6 7 8 -1 -5 11 14 13 -13 -11 -16 -14
right_child=3 -3 -4 9 5 -7 -8 -9 -10 10 -12 12 16 -15 15 -17 -18
leaf_value=0.043514909693224378 0.012963488645020081 -0.035245312505344441 -3.1638674646253411e-05 -0.044728288175369529 0.0035218580515954355 0.047570989806696058 0.030921994782721188 0.058606471989539111 0.034299577463435676 -0.040329249088147973 -0.041395723370423819 -0.040535702962779814 -0.039689995586756177 -0.039754534763712587 -0.039304093552686638 -0.039619146234770274 -0.039397792924657428
leaf_weight=173.81317993998528 1.776186779141425 3.9796671941876403 8.9578145593404752 1.3498563393950451 5.8757397085428238 5.9956183880567533 3.9020619690418235 3.2836184650659552 4.8844812363386145 2.8632613010704508 1.6987491995096196 10.577477365732191 1.4942374899983395 83.219546001404524 69.396772332489491 25.160980507731438 45.751854348927736
leaf_count=1099 13 23 34 8 27 34 19 16 28 35 18 135 22 1221 1208 381 749
internal_value=-0.0029452 0.0389643 0.040393 -0.0392395 0.0422241 0.0257688 0.043275 0.0435399 0.043263 -0.0396234 -0.0395947 -0.0395819 -0.0396967 -0.0398426 -0.0394156 -0.0393879 -0.039407
internal_weight=453.981 210.692 206.713 243.289 197.755 11.8714 185.883 181.981 178.698 241.513 240.163 238.464 141.043 93.797 97.421 94.5578 47.2461
internal_count=5070 1280 1257 3790 1223 61 1162 1143 1127 3777 3769 3751 2127 1356 1624 1589 771
is_linear=0
shrinkage=0.05


Tree=105
num_leaves=31
num_cat=0
split_feature=22 42 22 9 25 24 0 17 23 7 40 2 28 0 24 39 42 42 31 39 39 36 37 25 40 42 24 31 13 14
split_gain=173.94 26.4097 7.20287 6.83238 6.54159 5.99062 4.83175 4.41249 4.05614 6.49477 4.00797 4.10904 3.49137 5.54645 5.30424 7.05253 3.4048 6.67946 3.40165 3.51317 2.97601 2.39736 1.08454 6.8688 2.67868 1.02143 0.99359 0.796678 0.656357 0.999073
threshold=-0.20861791131079027 0.75244568302758685 -0.34584476710560591 -0.15371172273969266 0.037213513691020501 -0.38055577969134541 4.129141550800207 0.1972423304299524 -0.53992106475609891 0.49678165684018361 0.80656626096434147 -0.35024144989504202 0.31972215874060844 1.8346308418990052 -0.29785109438048429 0.52582843286314718 -0.49735199125804513 -0.55431876826679616 -0.38014471229745433 0.44161026945671367 0.2143155809776677 2.082308826017957 -0.1868711612106497 -1.2809658839935076 0.65331842859304257 -0.4483888059468491 -0.4793956466082972 2.4705632747311888 0.72733592005391212 2.4011722147411576
decision_type=2 2 2 2 2 2 2 2 2 2 2 2 2 2 2 2 2 2 2 2 2 2 2 2 2 2 2 2 2 2
left_child=2 3 6 10 21 7 22 26 -7 -10 11 -2 18 14 15 -14 17 -13 -5 -20 -16 -4 23 -1 25 -25 -6 -18 -3 -30
right_child=1 28 4 12 5 8 -8 -9 9 -11 -12 16 13 -15 20 -17 27 -19 19 -21 -22 -23 -24 24 -26 -27 -28 -29 29 -31
leaf_value=0.051526869903688335 0.041197485467958983 0.044428925025972343 -0.036923294114011275 -0.01079935319913509 -0.040096950014903376 0.097011089996273475 0.049278892671610362 0.050591295009494192 -0.040800720237849003 0.062546920026947964 0.052019056930689971 -0.023333738742763011 0.056505199232415142 0.054322172869634394 -0.0039346424779478631 -0.033712831098486322 -0.042666608382338517 0.069888347661991188 0.046168600218457617 0.0062140393034383441 -0.050527997580560341 0.028032608975674847 -0.039341949688131587 -0.03847390551116657 0.014662969512295591 -0.022719267654058517 0.0031244447716156087 -0.010542051870043173 0.01115123184030902 0.044600439525603081
leaf_weight=2.4111537784337989 2.8600430712103906 136.98009367287159 17.939771015197042 4.4741321727633467 6.8371470011770716 2.3130714818835258 1.6788205802440632 2.016393866389989 2.6045662350952608 3.6514513120055199 2.3835442885756484 7.6757205538451672 6.1549692004919105 4.908302202820777 8.1101394034922105 3.3426037281751633 12.283170759677882 2.5631726048886829 21.690115563571457 7.3716897666454306 5.9350658617913714 1.5426311939954747 102.64058540016413 63.206001728773117 2.7124583311378947 12.288199022412298 1.6507192589342619 2.2897302880883208 3.836298353970049 5.3393971621990204
leaf_count=15 15 807 241 26 97 9 7 10 35 16 16 87 24 18 48 31 135 22 98 33 45 10 1805 1124 39 175 19 14 19 30
internal_value=0.000622349 0.0303497 -0.031061 0.00937017 -0.0114021 0.00941278 -0.0351595 -0.0158963 0.0404375 0.0195202 -0.0101935 -0.0155523 0.0188559 0.00597275 -0.00410735 0.0247536 -0.0220938 3.18785e-06 0.0297857 0.0360339 -0.0236235 -0.03178 -0.035933 -0.0315929 -0.0341555 -0.0359095 -0.0316913 -0.0376191 0.0435617 0.0306155
internal_weight=461.691 238.198 223.493 92.0424 38.5558 19.0733 184.937 10.5043 8.56909 6.25602 30.0554 27.6718 61.987 28.4511 23.5428 9.49757 24.8118 10.2389 33.5359 29.0618 14.0452 19.4824 183.258 80.6178 78.2067 75.4942 8.48787 14.5729 146.156 9.1757
internal_count=5070 1468 3602 612 437 186 3165 126 60 51 289 273 323 166 148 55 258 109 157 131 93 251 3158 1353 1338 1299 116 149 856 49
is_linear=0
shrinkage=0.05


Tree=106
num_leaves=31
num_cat=0
split_feature=21 19 39 42 40 40 19 38 37 0 25 21 38 17 1 25 28 32 38 14 42 40 23 24 33 25 30 22 33 6
split_gain=153.894 31.6864 14.9324 13.5563 13.0222 11.338 9.00758 8.89739 8.44782 8.05313 8.23549 7.66589 6.57355 6.35964 5.72586 5.09067 8.61319 4.89743 8.87502 4.62284 4.0315 2.89228 2.69302 2.60698 2.39873 2.3651 2.02923 1.99242 1.32318 1.30073
threshold=-0.2419175477721858 -0.18157276660801222 0.40100575111340181 0.98310154587754295 0.47452929082652701 1.1896858418925891 0.49915869904091809 0.644125821483026 -0.011592364651285254 0.92544583431755745 -1.4076012423358437 0.83594621683373205 -0.99455459383822342 -0.96387960031944597 0.27888289787048604 0.27947024803884557 0.31972215874060844 0.66804040482238436 0.73702949670526363 -0.66480636385717484 -0.12363115711820245 0.44898798543131052 0.12238441455545167 2.1727112530284889 2.3892295334998965 0.051979306459481796 0.12555267290292221 -0.13202778765164053 -0.14550009413872175 0.45779924592292492
decision_type=2 2 2 2 2 2 2 2 2 2 2 2 2 2 2 2 2 2 2 2 2 2 2 2 2 2 2 2 2 2
left_child=2 5 26 4 15 17 9 19 12 10 -6 -9 -4 -13 -14 23 -17 18 20 -7 25 -22 -15 29 -18 -2 -1 -11 -5 -3
right_child=1 3 8 28 6 7 -8 11 -10 27 -12 13 14 22 -16 16 24 -19 -20 -21 21 -23 -24 -25 -26 -27 -28 -29 -30 -31
leaf_value=-0.039537778597774631 0.041352939383250326 0.042208786866590943 -0.043837890679341317 -0.0071853208509107995 -0.038273108955404131 -0.0029458318651367854 -0.036438804581623886 -0.037771886256846882 -0.041710054237344231 0.039851466930280188 0.0034755518095415669 -0.040180006182590378 0.037398533050807918 0.028293803365274203 -0.032354033869647442 -0.044856496780256966 0.012232103583280231 0.041955970185771699 -0.034149248993762329 0.043371301336830655 0.029402744113756121 -0.028597668835930304 -0.018687347652171178 -0.0034159976576879159 0.057896952812106176 0.017062952076406512 0.012376219119794245 -0.0016263312168162043 -0.038887274255074669 0.0074064495193760073
leaf_weight=187.79234199970961 41.475287079811096 35.04784007370472 4.217650666832923 3.9654083400964764 14.340565241873263 7.0325317084789303 16.930739499628544 11.567788496613501 10.026968307793139 15.59808485209942 67.009238287806511 5.1218031123280516 16.371590122580535 20.271068409085281 3.5866764411330214 6.0602387115359333 8.7021602243185026 112.67757172882557 5.7997640296816817 23.026728101074696 4.0613250359892827 4.5657933205366135 3.5904937833547583 3.8939396739006034 4.2952371686696997 13.214529559016226 1.9014141634106625 3.5551824718713751 19.365828059613705 2.9075237661600104
leaf_count=1949 292 237 32 26 58 28 131 47 88 90 298 26 86 121 21 30 41 891 26 133 24 24 20 18 19 84 10 20 187 13
internal_value=0.00039018 0.0171178 -0.0335344 0.00234139 0.00703019 0.0289241 -0.00270003 0.0119203 -0.00312513 0.0029836 -0.00388402 -0.00336075 0.012878 0.0103734 0.0248634 0.0257909 0.00437021 0.0355285 0.0250502 0.0325351 0.0304728 -0.00129324 0.0212245 0.0355456 0.0273229 0.0354838 -0.0390174 0.0321525 -0.0334992 0.0395428
internal_weight=677.973 454.077 223.897 201.672 178.341 252.405 117.434 70.6104 34.2029 100.503 81.3498 40.5512 24.1759 28.9834 19.9583 60.9069 19.0576 181.794 69.1167 30.0593 63.3169 8.62712 23.8616 41.8493 12.9974 54.6898 189.694 19.1533 23.3312 37.9554
internal_count=5070 2884 2186 1168 955 1716 597 375 227 466 356 214 139 167 107 358 90 1341 450 161 424 48 141 268 60 376 1959 110 213 250
is_linear=0
shrinkage=0.05


Tree=107
num_leaves=31
num_cat=0
split_feature=39 0 37 25 21 25 37 18 37 24 40 35 24 39 0 22 4 25 22 15 1 21 22 42 21 12 1 37 22 40
split_gain=95.6896 12.5404 11.3168 9.23545 6.59173 7.70869 8.77825 6.10597 5.11067 3.23878 2.1865 1.84598 1.55891 1.48198 0.770984 0.00681848 0.000699648 0.000607697 0.000495457 0.000150773 0.00014386 0.000351451 9.34158e-05 8.43695e-05 7.42618e-05 7.46977e-05 9.84967e-05 7.56288e-05 9.84825e-05 4.95302e-05
threshold=0.6954590335867854 1.1397388681411023 -0.12741427314891079 -1.2809658839935076 0.47794464698665501 -0.37808383743446761 2.1532153009497081 0.53948427682806976 0.83282756355708043 0.15704787828691333 2.1857967523060329 -0.73388172278170682 0.11251998836960524 1.4171593806764446 0.52123151254221634 -0.64069108745892178 -0.79103798028929162 -1.3376848582170384 -0.52549195643817959 1.00420387805357 -0.42852016513778662 -0.21074825686510204 -0.59795550539100784 0.28987445280977153 0.82466590202926382 -1.255591204666324 0.90654859328389648 -0.57668101058577081 -0.37619177310768837 0.52561190161696003
decision_type=2 2 2 2 2 2 2 2 2 2 2 2 2 2 2 2 2 2 2 2 2 2 2 2 2 2 2 2 2 2
left_child=19 2 3 -2 9 7 14 11 -9 10 12 -6 -4 -11 -7 -5 -17 -3 -18 24 21 -21 -19 -23 25 -1 27 28 -27 -29
right_child=1 17 4 15 5 6 -8 8 -10 13 -12 -13 -14 -15 -16 16 18 22 -20 20 -22 23 -24 -25 -26 26 -28 29 -30 -31
leaf_value=-0.038249326747508527 0.06281318063366248 -0.039572672229243037 0.044341395202777321 -0.04185099542439967 0.016368589023663234 -0.0085509055898285776 0.05411363583572925 0.0077554209213653502 0.038979945751968913 -0.019434977873810596 0.0098659287283287649 -0.045354783407038683 0.074479630638807498 0.034492990539782532 -0.04028632754052635 -0.04018635724180665 -0.039571099944505493 -0.038936607545266594 -0.038490933506220758 -0.039587553980218793 -0.038372290666023524 -0.038293617085223282 -0.038394148385845338 -0.038925962639940422 -0.038187943914845729 -0.03837000546441087 -0.03826393482186722 -0.038279366057828723 -0.038710092931409146 -0.038475835038846329
leaf_weight=27.048805311322212 2.7893004119396201 1.5949209276586769 58.208353862166405 2.4836325272917739 1.8527515828609464 2.4351623281836501 3.8197679705917826 17.312865803018212 53.913743318989873 3.0194418169558039 4.339369371533393 3.4990590810775748 4.6321192830801001 2.2037700451910496 8.9389187246561033 0.87462339177727599 1.2983148768544186 0.93681376054882992 5.8228818308562049 0.91262427344918284 10.260949989780782 2.0549559574574228 5.193159380927681 0.70965640060603608 14.518420595675705 4.1806933302432299 16.157019900158048 8.5194354224950093 4.3370442371815425 5.1453319042921057
leaf_count=1059 10 30 283 22 12 41 23 130 268 36 29 32 16 14 168 11 21 21 187 15 366 78 177 17 623 145 620 330 121 165
internal_value=0.00281419 0.0236596 0.0263745 -0.0180416 0.0299643 0.0210653 -0.0114676 0.0275202 0.0313903 0.0412439 0.0441926 -0.0239867 0.046563 0.00331823 -0.0334919 -0.0395626 -0.0388518 -0.0387033 -0.0386879 -0.0383167 -0.0384685 -0.0387368 -0.038477 -0.0384559 -0.0382902 -0.038313 -0.0383578 -0.0384262 -0.0385432 -0.0383533
internal_weight=279.014 185.169 177.444 13.2688 164.175 91.7723 15.1938 76.5784 71.2266 72.4031 67.1798 5.35181 62.8405 5.22321 11.3741 10.4795 7.99582 7.72489 7.1212 93.8449 13.9382 3.67724 6.12997 2.76461 79.9068 65.3883 38.3395 22.1825 8.51774 13.6648
internal_count=5070 1531 1303 251 1052 674 232 442 398 378 328 44 299 50 209 241 219 228 208 3539 476 110 198 95 3063 2440 1381 761 266 495
is_linear=0
shrinkage=0.05


Tree=108
num_leaves=19
num_cat=0
split_feature=38 42 19 28 0 18 35 42 13 12 19 19 1 37 13 40 18 14
split_gain=255.593 8.29689 5.89391 1.96783 1.40728 2.16878 0.273264 0.276599 0.146766 0.0128599 0.00218978 0.00166809 0.00233319 0.00210653 0.000799082 0.000605875 0.000476427 5.07191e-05
threshold=-1.1479698628609787 0.41778468163674881 -0.41646921013204757 -1.2545106662641263 -1.2094596607649977 -1.1387532333395303 0.40602393287412147 -0.05285871869080571 -1.1594405520567976 -1.1963109105964356 4.0772924754326292 -0.27854517878572921 1.0673779686070748 -0.65107736522906023 0.66434432759919237 1.1641445364973724 -0.74965815177584061 0.63348983808225012
decision_type=2 2 2 2 2 2 2 2 2 2 2 2 2 2 2 2 2 2
left_child=1 2 4 -2 6 -6 7 8 -1 -5 11 14 13 -13 16 -16 -11 -14
right_child=3 -3 -4 9 5 -7 -8 -9 -10 10 -12 12 17 -15 15 -17 -18 -19
leaf_value=0.04303913894024846 0.013222851819944516 -0.034508174661897754 -0.00012148051388749255 -0.044000571996817665 0.0036273440575225304 0.047241056940890695 0.029513942149839878 0.057712672069698323 0.03448667537545267 -0.040081398287150807 -0.041295687044137164 -0.040398740829619174 -0.039571214200058574 -0.039628637573424157 -0.039077532369557244 -0.039469011464062731 -0.039418159511483059 -0.039260305832037094
leaf_weight=163.16994889080524 1.7837455831468094 3.8342446684837332 8.8449971079826337 1.5758716911077488 5.9163421094417572 5.5005041062831861 3.810691609978675 3.1576615720987311 5.1753990650176993 2.9453524574637404 1.6271351799368847 10.008123662322758 1.3534505181014527 78.773733597248793 41.940080009400845 12.930524311959742 33.554403383284807 42.561411648988724
leaf_count=1096 16 23 34 10 28 33 19 16 31 39 18 135 21 1221 815 208 561 746
internal_value=-0.00305665 0.0383321 0.0397602 -0.0390889 0.0416493 0.0246399 0.042757 0.0430512 0.0427762 -0.0394995 -0.0394681 -0.0394548 -0.039568 -0.0397154 -0.0392904 -0.0391698 -0.0394717 -0.0392699
internal_weight=428.464 199.41 195.576 229.054 186.731 11.4168 175.314 171.503 168.345 227.27 225.694 224.067 132.697 88.7819 91.3704 54.8706 36.4998 43.9149
internal_count=5070 1280 1257 3790 1223 61 1162 1143 1127 3774 3764 3746 2123 1356 1623 1023 600 767
is_linear=0
shrinkage=0.05


Tree=109
num_leaves=31
num_cat=0
split_feature=22 1 22 25 29 7 17 39 2 1 40 39 8 38 34 36 17 23 39 9 21 28 37 38 40 1 32 1 33 19
split_gain=159.582 23.6099 7.03406 6.31333 5.69381 5.20139 6.19432 5.11195 4.48102 3.55735 3.91617 7.27261 4.04481 3.70978 6.42231 2.97605 2.73984 2.44685 1.98407 1.82689 1.69502 1.44341 1.13592 6.98563 6.56251 1.18542 0.904199 1.61488 0.66462 1.05806
threshold=-0.20861791131079027 0.73362517920344084 -0.34584476710560591 0.051979306459481796 -0.41584430542508971 0.5219112689110289 0.036889959303141824 0.40100575111340181 4.0111473770993857 -0.075352614776989457 -0.16400334405388545 0.2418042422128481 2.0737185950565951 0.47697433068639955 0.35998830652765573 2.082308826017957 -0.73032810019011773 1.537480081481158 0.51267524253563457 -0.73617338129458054 0.092929691686771801 -0.74696951005709222 -0.1868711612106497 0.11924129063536505 0.040327099107846501 0.032939811433845785 0.62425483694002148 2.0035449049828298 -0.5644180592271596 -0.3036492003621119
decision_type=2 2 2 2 2 2 2 2 2 2 2 2 2 2 2 2 2 2 2 2 2 2 2 2 2 2 2 2 2 2
left_child=2 4 8 15 16 6 -5 -8 22 10 12 20 19 18 -15 28 -2 -13 21 -6 -12 -11 23 25 -25 -1 -3 -28 29 -4
right_child=1 26 3 5 9 -7 7 -9 -10 13 11 17 -14 14 -16 -17 -18 -19 -20 -21 -22 -23 -24 24 -26 -27 27 -29 -30 -31
leaf_value=-0.036951927105632686 0.018599284444279881 0.043391686844666502 0.007109861460075838 -0.036588380765108404 0.017743313236986816 0.074251506139487208 0.054473786723725687 -0.031157401779938039 0.04833079815939971 0.015933549551489557 0.028987393938311679 -0.019859890558588209 0.043014660937152609 0.038198838324159295 -0.039987518036695612 0.030823318313941681 -0.036205171668393273 0.020400071655542765 0.0078286373244589973 -0.039439122368766899 0.070432630944340324 0.050171303223233592 -0.039231503055636885 -0.039657043896093924 0.065300132437517963 -0.0057635636897066991 0.0014080843327176646 0.044152140188059713 -0.042438706417945317 -0.041115653360874346
leaf_weight=66.808428581804037 3.0384652316570273 131.51069965958595 1.9921612516045568 6.6767622344195869 1.6448231227695931 2.7300497516989699 5.6950776763260347 2.5114294961094856 1.603758469223975 3.8147215247154262 5.0952649563550967 10.427868008613588 2.235278792679309 5.531644903123377 5.0009050443768501 1.7983703352510918 9.1422200798988325 5.9145443551242343 4.8349419608712187 9.2622253708541376 4.7825333997607231 15.947421953082086 96.639516178518534 2.605541691184043 3.4763989448547363 3.1922674588859072 3.661141671240328 5.5736526697874069 13.101231176406145 2.6506491750478789
leaf_count=1249 22 820 25 101 11 11 34 30 7 19 28 76 13 23 33 11 118 36 29 94 23 70 1805 42 33 29 20 33 191 34
internal_value=0.000613437 0.0296873 -0.0306514 -0.0108997 0.00915775 0.0108101 -0.000827042 0.0282682 -0.0348613 0.0143399 0.00401768 0.0151832 -0.0182585 0.0259059 0.00107558 -0.0304664 -0.0225342 -0.00528926 0.0365383 -0.0308158 0.0490539 0.0435623 -0.0356337 -0.0310638 0.0203358 -0.0355296 0.0423297 0.0272062 -0.0366781 -0.0204228
internal_weight=438.9 227.418 211.482 37.1557 86.6729 17.6133 14.8833 8.20651 174.326 74.4922 39.3625 26.2202 13.1423 35.1296 10.5325 19.5424 12.1807 16.3424 24.5971 10.907 9.8778 19.7621 172.722 76.0826 6.08194 70.0007 140.745 9.23479 17.744 4.64281
internal_count=5070 1468 3602 437 595 176 165 64 3165 455 281 163 118 174 56 261 140 112 118 105 51 89 3158 1353 75 1278 873 53 250 59
is_linear=0
shrinkage=0.05


Tree=110
num_leaves=31
num_cat=0
split_feature=21 19 39 9 40 19 5 25 37 40 38 37 25 28 38 1 18 38 16 16 22 39 16 33 2 28 25 23 11 23
split_gain=140.785 29.0723 14.1773 12.353 14.3059 8.99655 8.25522 7.97403 7.88719 7.55316 7.22627 7.56687 6.05403 7.63394 6.04111 5.22042 5.09518 10.1665 3.571 5.75685 3.56823 4.83241 2.99239 2.61341 2.18235 1.9975 1.75964 1.3913 1.34074 1.3756
threshold=-0.2419175477721858 -0.23873633173692702 0.40100575111340181 1.0850902257024664 0.50007059622174355 0.49915869904091809 1.0291495503260009 -1.4076012423358437 -0.011592364651285254 1.2152271472878053 0.644125821483026 2.4245061638729211 0.27947024803884557 0.31972215874060844 -0.99455459383822342 0.27888289787048604 0.65878007514042369 0.73702949670526363 -0.033175260645432803 0.15828241937549117 -0.56856164938500842 1.5474436253153339 -0.77161448703656299 2.3892295334998965 1.5668221533387927 0.12596588934605787 0.18348295400743889 0.044737035559459716 0.92766971113442376 2.6320019668485388
decision_type=2 2 2 2 2 2 2 2 2 2 2 2 2 2 2 2 2 2 2 2 2 2 2 2 2 2 2 2 2 2
left_child=2 9 25 4 12 6 7 -6 14 16 22 20 28 -14 -4 -16 17 18 26 -20 -12 -22 -11 -15 -8 -1 -2 -13 29 -3
right_child=1 3 8 -5 5 -7 24 -9 -10 10 11 27 13 23 15 -17 -18 -19 19 -21 21 -23 -24 -25 -26 -27 -28 -29 -30 -31
leaf_value=-0.039405597447040731 0.037658851193344577 0.042602027832525168 -0.043421396525328018 -0.037749299159922665 -0.033911089028108035 -0.03609550111778205 0.042269639474410689 0.0035438068953015179 -0.041428583626876098 -0.0053779455051909406 -0.042837370057235286 0.039606664644294395 -0.043781113649813394 0.008634147641756601 0.03629613654483041 -0.031495498717479677 0.041571101305130732 -0.045164376433524278 -0.046369670042063993 0.038287868529103104 0.023329485291208724 -0.039207708575387412 0.041882514091468204 0.056121155048743092 -0.00492063695581022 0.00035474756397009413 0.0014333353295379562 -4.8062119810709336e-05 0.010727180441216164 0.019522840454238931
leaf_weight=174.90079995989799 42.633324824273586 34.52007831633091 3.9811517521738997 16.746228910982609 17.377840369939804 17.44857619702816 14.379211835563185 77.958531334996223 9.4654720500111562 3.9801719337701824 8.9684584736824018 9.4658497646450979 6.1464763954281834 9.2944950684905034 15.91933454573155 3.4564220607280722 103.45224884152412 4.9828064888715735 3.7668276578187925 4.3011011257767677 7.7032764479517954 5.1570917367935181 21.133262798190117 4.2095456570386878 2.9531289115548125 3.2169360145926467 3.6383173763751975 2.8864145725965491 4.9254362136125556 7.9417838752269736
leaf_count=1941 315 242 32 176 71 144 94 353 88 17 34 65 33 48 86 21 869 21 19 28 48 24 126 19 18 18 21 20 26 53
internal_value=0.000410137 0.0166349 -0.0331231 0.00347904 0.00698094 -0.00268661 0.0024873 -0.00328344 -0.00292665 0.0293068 0.0140285 -0.00093319 0.0257452 0.0024119 0.0126764 0.0242029 0.0348723 0.0231903 0.0294583 -0.00123781 -0.0186299 -0.00174834 0.0343923 0.023437 0.0342292 -0.0386875 0.0348105 0.0303403 0.035421 0.0382855
internal_weight=646.911 435.97 210.94 213.901 197.155 130.117 112.669 95.3364 32.8224 222.069 59.2945 34.1811 67.0378 19.6505 23.3569 19.3758 162.775 59.3224 54.3396 8.06793 21.8288 12.8604 25.1134 13.504 17.3323 178.118 46.2716 12.3523 47.3873 42.4619
internal_count=5070 2884 2186 1277 1101 680 536 424 227 1607 334 191 421 100 139 107 1273 404 383 47 106 72 143 67 112 1959 336 85 321 295
is_linear=0
shrinkage=0.05


Tree=111
num_leaves=31
num_cat=0
split_feature=39 20 37 25 19 24 39 0 40 25 40 13 21 20 17 8 0 34 25 40 4 17 24 19 9 24 21 12 9 37
split_gain=88.5334 12.2332 10.1256 8.70816 6.76002 9.86523 5.60788 6.86971 4.00297 3.34561 3.01503 2.66629 6.17593 2.24079 1.25735 1.37177 0.017201 0.00690662 0.00290667 0.00157628 0.000649695 0.000649529 0.000277823 0.000157917 0.000119627 9.76076e-05 9.31264e-05 0.000103644 0.000144523 9.17129e-05
threshold=0.6954590335867854 1.1502077784534082 -0.12741427314891079 -1.2809658839935076 -0.26244101358719257 -0.34354132558303824 1.2254093300896811 0.56165294471975058 1.2152271472878053 -0.36679034297163265 1.6749706444017025 0.41237795778031328 0.54295488230714417 -0.181956928265503 -0.17357643765050043 -0.87277360375248725 1.1183392864000548 -0.52244889843906328 -0.59706038565915642 0.37236406924566101 -0.79103798028929162 -1.4462278875496855 -0.7472783567559208 4.0772924754326292 -1.2983632726630137 0.15704787828691333 0.74689109995634972 -1.255591204666324 0.88594390563153802 -0.65107736522906023
decision_type=2 2 2 2 2 2 2 2 2 2 2 2 2 2 2 2 2 2 2 2 2 2 2 2 2 2 2 2 2 2
left_child=23 2 3 -2 5 6 7 -4 -8 11 17 13 -13 -6 15 -7 -3 -11 19 -5 -20 -18 -22 24 25 -1 27 -26 29 -29
right_child=1 16 4 18 9 14 8 -9 -10 10 -12 12 -14 -15 -16 -17 21 -19 20 -21 22 -23 -24 -25 26 -27 -28 28 -30 -31
leaf_value=-0.03839632923845155 0.061366276148653878 -0.045095280121136921 0.059203612641982317 -0.039245406292740669 0.017014821794404094 0.0090307065341898637 0.0014651933189304047 -0.03410334730424458 0.047158483311485186 -0.044636174132938092 0.038520124026824427 -0.024935507267711328 0.035176633287669061 0.050045632754335947 0.01502563621802222 -0.041254333605740039 -0.040026553624517756 -0.039437828534902589 -0.040024274140631165 -0.041393351838769438 -0.039538075583610909 -0.038521807416082993 -0.038439229765404016 -0.039094054062566747 -0.038197577469007184 -0.039137784629510099 -0.038145092636296736 -0.038512341625870222 -0.038216646967230719 -0.038320954998898399
leaf_weight=1.3234631251543749 2.7368488311767569 1.2785531543195237 2.7780484575778228 1.3909409511834376 5.820911929011344 1.6158559247851361 6.1242194455117014 6.8042406681925058 22.052316499873996 1.3151654377579691 2.1205509230494499 4.6506609581410876 52.596842799335718 43.545010920614004 1.5631954446434964 8.4422041308134776 0.82824837416410435 1.2427353020757426 0.90137261152267356 2.2131762579083443 0.6552808228880157 5.3465984649956226 4.7081443294882783 0.57386840134858985 25.265082279220223 0.66785511001944531 16.207392640411854 10.749657958745955 18.148283917456865 14.986170412972571
leaf_count=48 10 8 35 33 43 12 61 149 116 12 10 24 231 203 21 144 11 30 12 22 13 170 161 14 1060 13 739 356 742 567
internal_value=0.00288514 0.0229049 0.0256028 -0.0175484 0.0289883 0.0135916 0.02599 -0.00705227 0.037227 0.0358199 -0.00556399 0.0376359 0.0302933 0.0461509 -0.0266922 -0.0331759 -0.0398166 -0.0421106 -0.0394331 -0.0405644 -0.0387822 -0.0387236 -0.0385735 -0.0382673 -0.0382619 -0.038645 -0.038253 -0.0382783 -0.0383247 -0.0384009
internal_weight=268.653 180.731 173.278 12.6058 160.672 49.3801 37.7588 9.58229 28.1765 111.292 4.67845 106.613 57.2475 49.3659 11.6213 10.0581 7.4534 2.5579 9.86891 3.60412 6.2648 6.17485 5.36343 87.9218 87.3479 1.99132 85.3566 69.1492 43.8841 25.7358
internal_count=5070 1531 1342 251 1091 538 361 184 177 553 52 501 255 246 177 156 189 42 241 55 186 181 174 3539 3525 61 3464 2725 1665 923
is_linear=0
shrinkage=0.05


Tree=112
num_leaves=19
num_cat=0
split_feature=38 42 19 28 0 21 35 8 21 12 19 19 1 37 21 40 21 14
split_gain=236.602 7.64621 5.77448 1.98036 1.45578 2.2735 0.295454 0.269521 0.185839 0.0117028 0.0020987 0.00155658 0.00228957 0.00202593 0.000683782 0.000506837 0.000423491 4.6651e-05
threshold=-1.1479698628609787 0.41778468163674881 -0.41646921013204757 -1.2545106662641263 -1.2094596607649977 -1.0558813160314604 0.40602393287412147 1.0000000180025095e-35 -1.0840821030426315 -1.1963109105964356 4.0772924754326292 -0.27854517878572921 1.0673779686070748 -0.65107736522906023 0.80151157164114428 1.1896858418925891 -0.68838053371746266 0.63348983808225012
decision_type=2 2 2 2 2 2 2 2 2 2 2 2 2 2 2 2 2 2
left_child=1 2 4 -2 6 -6 7 8 -1 -5 11 14 13 -13 16 -16 -11 -14
right_child=3 -3 -4 9 5 -7 -8 -9 -10 10 -12 12 17 -15 15 -17 -18 -19
leaf_value=0.042618309074611171 0.013806297823288849 -0.033629388735564876 -0.00053018912680521447 -0.043743474350201372 0.0012496674483600775 0.046753886234147807 0.028350183073708984 0.057594870558099732 0.032192590050526111 -0.039960952114658554 -0.041181799602840678 -0.04028711060191683 -0.039441384510499417 -0.03951154522189522 -0.03895204690022306 -0.039348015260975137 -0.039283245340278342 -0.039133946112926934
leaf_weight=154.15990470349789 1.7644900195300568 3.6809212639927855 8.7365617677569372 1.5270956233143795 5.6162493079900742 5.3690449595451337 3.7173236459493628 2.9450687021017066 4.3961987048387519 2.457444265484809 1.5534137934446324 9.4919848777353746 1.2734383046627034 74.580188889056444 35.582340274006128 10.456218771636484 37.19822721555829 39.756238348782063
leaf_count=1100 16 23 34 10 27 34 19 15 28 34 18 135 21 1221 746 178 665 746
internal_value=-0.00317209 0.0377274 0.0391476 -0.0389469 0.0411149 0.0234898 0.0422868 0.0426076 0.0423292 -0.0393821 -0.0393507 -0.0393372 -0.0394497 -0.0395991 -0.0391731 -0.039042 -0.0393252 -0.0391435
internal_weight=404.262 188.621 184.94 215.641 176.204 10.9853 165.218 161.501 158.556 213.877 212.349 210.796 125.102 84.0722 85.6942 46.0386 39.6557 41.0297
internal_count=5070 1280 1257 3790 1223 61 1162 1143 1128 3774 3764 3746 2123 1356 1623 924 699 767
is_linear=0
shrinkage=0.05


Tree=113
num_leaves=31
num_cat=0
split_feature=22 42 22 37 40 17 42 25 25 23 0 19 23 33 18 11 39 10 5 7 37 13 1 11 23 22 23 13 29 22
split_gain=146.318 22.7694 7.42656 6.77238 6.47339 6.5271 6.33929 5.50992 7.61881 4.62139 3.88137 3.6977 2.72686 5.37967 3.59264 2.87436 2.93814 2.38561 2.06478 2.00146 0.718122 0.699049 1.01764 0.6577 6.37607 0.710887 1.32218 2.24536 0.825778 0.624989
threshold=-0.19455246843106319 0.75244568302758685 -0.38321115807146472 -0.098285831242653582 0.576694512407393 0.036889959303141824 0.18091566092529496 0.051979306459481796 -1.1343059037726935 0.11258810459700903 4.129141550800207 -0.53864465857083277 2.1390203977529114 2.3517377999357558 0.58034868158067254 -0.14545329060702225 0.32866899939098998 -0.10105089337166824 1.578008408682666 0.97954151091350983 1.0163461287072104 0.72733592005391212 2.1073564658256525 -0.90480988891854508 -0.035657825745135395 -0.4195007186689606 -0.95922290352755446 -1.2040100750200426 -0.49065113830554807 -0.37299484765666757
decision_type=2 2 2 2 2 2 2 2 2 2 2 2 2 2 2 2 2 2 2 2 2 2 2 2 2 2 2 2 2 2
left_child=2 7 10 4 5 6 29 8 -2 -10 23 -7 13 15 -14 16 -9 -11 -5 -17 -19 -3 -23 24 -1 -25 27 -27 -28 -4
right_child=1 21 3 18 -6 11 -8 12 9 17 -12 -13 14 -15 -16 19 -18 20 -20 -21 -22 22 -24 25 -26 26 28 -29 -30 -31
leaf_value=-0.0389956299401166 0.056175554663429265 0.043417475867774426 -0.0066554920927933432 -0.039504742459125192 0.061949055157272774 -0.013622540857969882 0.027278051782860781 0.016265414132980948 0.039624978964269898 0.010078380322810415 0.048095721706913119 0.062699497060836204 0.092731179674354625 -0.038441974189586781 0.016324211956991703 0.034562312345914996 -0.034294933078854152 -0.039692142018452503 0.032953381861286893 0.0094775496686105767 -0.0038220570903381408 0.0086296862823274281 0.043675765409860914 -0.038766622496569918 0.072830966276815082 -0.03894338451703197 -0.012201364772650243 0.066192259906149076 -0.03941251702500477 -0.040338303156443656
leaf_weight=10.190993804484604 3.781980104744437 121.48670029640198 1.524614717811352 19.747884981334213 3.8136189095675936 2.5003820806741714 5.0519679337739936 8.1127088107168657 2.8121113851666477 3.2988222278654673 1.3712475895881642 4.3442531637847415 2.6819367557764044 4.4639960005879393 3.6083735823631287 23.755955874919891 4.4492046907544127 15.299980346113438 1.0347122438251961 11.952791590243576 1.5353384055197228 3.6464046537876111 4.7954313158988953 119.16468545421958 1.4569162279367436 1.0943973213434222 3.6528917551040658 0.94751965999603527 11.777080770581957 14.243133995682003
leaf_count=210 15 805 27 360 25 25 21 54 23 20 6 26 13 23 30 115 38 189 8 58 16 19 30 2354 5 23 67 17 228 220
internal_value=0.000616149 0.0292526 -0.0299725 -0.0137455 0.000879597 -0.00753902 -0.0214644 0.00925549 -0.00957885 -0.0204164 -0.0356391 0.0348186 0.0177842 0.0140725 0.0489011 0.018929 -0.00164215 -0.0288023 -0.0358972 0.0261657 -0.0364209 0.0424507 0.0285378 -0.0364134 -0.0250084 -0.0373857 -0.027967 0.00984317 -0.0329705 -0.0370814
internal_weight=417.598 215.682 201.916 52.2606 31.478 27.6644 20.8197 85.7532 26.7282 22.9463 149.656 6.84464 59.025 52.7347 6.29031 48.2707 12.5619 20.1341 20.7826 35.7087 16.8353 129.929 8.44184 148.284 11.6479 136.637 17.4719 2.04192 15.43 15.7677
internal_count=5070 1448 3622 712 344 319 268 594 263 248 2910 51 331 288 43 265 92 225 368 173 205 854 49 2904 215 2689 335 40 295 247
is_linear=0
shrinkage=0.05


Tree=114
num_leaves=31
num_cat=0
split_feature=13 42 19 40 25 19 28 39 5 25 40 38 4 37 16 38 18 38 17 7 40 19 16 33 38 9 6 42 4 38
split_gain=128.483 35.551 18.238 13.0296 8.53935 7.91736 7.48711 6.92099 6.6174 6.76883 5.48658 6.54554 7.45517 5.10259 5.59035 7.39618 4.97783 8.53141 4.35607 3.38304 3.27502 2.85286 2.48077 2.06684 1.84384 1.72454 1.40526 0.982137 0.406213 0.353636
threshold=-0.33341872647132165 0.98310154587754295 -0.26244101358719257 0.47452929082652701 0.27947024803884557 0.49915869904091809 0.31972215874060844 0.40100575111340181 1.0291495503260009 -1.4076012423358437 1.1896858418925891 0.644125821483026 0.51339894166217392 -0.011592364651285254 1.7947621562409264 -0.99455459383822342 0.65878007514042369 0.73702949670526363 -0.96387960031944597 0.97954151091350983 0.44898798543131052 0.084593969994279802 -0.71431289438470358 2.3892295334998965 1.1358277065718683 -1.0223579578578368 0.45779924592292492 -0.56708910292602965 -0.12643002344699147 1.1983508906244627
decision_type=2 2 2 2 2 2 2 2 2 2 2 2 2 2 2 2 2 2 2 2 2 2 2 2 2 2 2 2 2 2
left_child=7 2 10 4 25 8 19 28 9 -5 16 22 -13 14 15 -9 17 20 -14 -6 -2 -3 -12 -8 -10 -4 -27 -7 -1 -23
right_child=1 21 3 5 6 27 23 13 24 -11 11 12 18 -15 -16 -17 -18 -19 -20 -21 -22 29 -24 -25 -26 26 -28 -29 -30 -31
leaf_value=-0.040284139728547226 0.039570308275647753 0.0045907832336958962 0.0067515861993581632 -0.032508158698787981 -0.049496020336910876 -0.0090603836362606275 0.011470174138365787 -0.043513140497556203 0.04529598853702653 0.0038278984016434565 -0.00063722514970421089 -0.048391224621546228 -0.031273148752568654 -0.041168685169676242 -0.048245104474795783 0.046421241110716251 0.041480224085156725 -0.042235018897331833 0.022159991885976303 0.012906943665698799 0.01370490129782808 -0.041107106806694438 0.043415739724681796 0.054561726865518995 0.011693742747471005 0.04145350806417894 0.011220305946667291 -0.04120330483304948 -0.015081971505982087 -0.022098780381534094
leaf_weight=147.92005387693644 28.609628483653069 4.1924315169453612 4.60776463150978 15.212368361651896 7.5301333442330378 2.938023440539836 8.5769416615366918 3.099840134382247 10.24601172655821 81.387183949351311 3.8134651780128506 6.0495585724711409 4.6000138595700291 9.0302858501672727 3.615379996597766 8.7086882069706935 93.228080101311207 4.6592278853058806 22.330593831837177 3.0522303953766823 21.386470809578896 27.567661523818973 19.729768715798855 4.1190400123596183 6.7866209521889678 43.511046506464481 4.2159392386674872 12.434961393475531 1.6163581758737553 2.6851898878812781
leaf_count=1778 235 21 27 63 46 22 42 25 67 372 20 29 23 89 24 56 846 20 140 17 137 300 123 19 48 309 19 109 16 28
internal_value=0.000434026 0.0147203 0.0188285 0.00827591 0.0247563 -0.00138367 -0.000437991 -0.035979 0.00317234 -0.00189426 0.029392 0.0161419 0.00176601 -0.0113193 0.00615667 0.0228127 0.0344564 0.0224756 0.0130331 -0.0314974 0.028506 -0.0340633 0.0362802 0.0254506 0.0319072 0.0359627 0.0387829 -0.0350603 -0.0400117 -0.03942
internal_weight=617.461 443.47 409.025 204.618 75.6131 129.005 23.2783 173.991 113.632 96.5996 204.407 56.5234 32.9802 24.4542 15.4239 11.8085 147.883 54.6553 26.9306 10.5824 49.9961 34.4453 23.5432 12.696 17.0326 52.3348 47.727 15.373 149.536 30.2529
internal_count=5070 3082 2733 1160 479 681 124 1988 550 435 1573 335 192 194 105 81 1238 392 163 63 372 349 143 61 115 355 328 131 1794 328
is_linear=0
shrinkage=0.05


Tree=115
num_leaves=31
num_cat=0
split_feature=39 20 37 25 21 25 37 38 25 37 38 24 0 0 38 1 24 0 0 25 40 4 17 24 15 1 21 21 4 1
split_gain=81.9208 11.236 9.07859 8.11327 5.91085 6.79312 7.13343 5.27329 12.089 8.77552 3.2631 7.77085 3.47792 1.2264 0.610539 0.428097 0.105958 0.0210295 0.0141322 0.00234758 0.00128567 0.000559847 0.00054673 0.000227383 0.000134275 0.000135379 0.00033145 6.13504e-05 7.8484e-05 0.000116702
threshold=0.6954590335867854 1.1502077784534082 -0.12741427314891079 -1.2809658839935076 0.43490134049592016 -0.34158084741600209 2.1532153009497081 0.644125821483026 -1.4963929276914476 0.88735153512852161 0.1608230905902954 -0.29685303093298426 0.047765766521541013 0.52123151254221634 0.34217399673758159 -0.74958833731663643 1.0000000180025095e-35 -0.2509367286139132 1.1183392864000548 -0.59706038565915642 0.37236406924566101 -0.79103798028929162 -1.4462278875496855 -0.7472783567559208 1.00420387805357 -0.42852016513778662 -0.21074825686510204 0.74689109995634972 -1.2476793993713513 0.90654859328389648
decision_type=2 2 2 2 2 2 2 2 2 2 2 2 2 2 2 2 2 2 2 2 2 2 2 2 2 2 2 2 2 2
left_child=24 2 3 -2 10 7 13 8 -6 -9 11 12 -4 -7 15 -12 -16 -13 -3 20 -5 -21 -20 -23 27 26 -26 28 -1 -30
right_child=1 18 4 19 5 6 -8 9 -10 -11 14 17 -14 -15 16 -17 -18 -19 22 21 -22 23 -24 -25 25 -27 -28 -29 29 -31
leaf_value=-0.038149988041840222 0.05970652200740946 -0.044579103812881986 0.044237375513197195 -0.039127540811457993 0.048714902747299171 -0.00028109776074363221 0.04661518492395586 -0.038614519527911437 -0.015430909797701745 0.042127014370245533 0.050353531755065274 -0.048376798167910171 -0.0049897414980209819 -0.039961969323214691 0.048812234116769528 0.071018550566348135 0.039655134369562417 -0.040282549251956942 -0.039881345708480405 -0.03989145982403644 -0.041129316213230224 -0.039408118772362055 -0.038463923411546461 -0.038382351299840564 -0.039493599512798822 -0.038273370182488359 -0.038351880945645303 -0.038101410817117827 -0.038354061904896118 -0.038161518520391298
leaf_weight=24.013027193024751 2.6618627756834021 1.2170182485133398 25.453023366630081 1.3032195735722774 12.091687589883806 2.5114189609885207 4.0201010052114716 3.6345287282019845 18.710842065513134 45.424007382243872 4.4287478625774384 1.3878986872732642 4.1767710000276557 8.6671773809939605 14.832305222749712 5.7730734050273913 4.0139594450592986 1.9023093320429314 0.78644925355911244 0.85474715009331603 2.0860835649073124 0.61538551934063335 5.0414774753153324 4.4253551904112109 0.85701666399836574 9.0455194162204844 2.4613940436393014 14.043654235079883 17.942939061671503 14.018075862899421
leaf_count=1079 10 8 133 33 56 39 29 32 171 230 20 14 34 191 69 20 25 28 11 12 22 13 170 161 15 366 95 688 678 618
internal_value=0.00292978 0.0221897 0.0247691 -0.0172487 0.0279659 0.0201335 -0.0105052 0.0259645 0.00974985 0.0361452 0.0399808 0.029203 0.0372981 -0.0310471 0.0521952 0.0620476 0.0468619 -0.0436969 -0.0396786 -0.039311 -0.0403596 -0.0387082 -0.0386552 -0.0385076 -0.0382217 -0.0383736 -0.0386467 -0.0381948 -0.0382183 -0.0382696
internal_weight=258.401 176.019 168.975 11.9467 157.028 95.0598 15.1987 79.8611 30.8025 49.0585 61.9681 32.92 29.6298 11.1786 29.0481 10.2018 18.8463 3.29021 7.04494 9.28479 3.3893 5.89549 5.82793 5.04074 82.3816 12.3639 3.31841 70.0177 55.974 31.961
internal_count=5070 1531 1342 251 1091 748 259 489 227 262 343 209 167 230 134 40 94 42 189 241 55 186 181 174 3539 476 110 3063 2375 1296
is_linear=0
shrinkage=0.05


Tree=116
num_leaves=20
num_cat=0
split_feature=38 19 24 24 10 0 21 35 8 21 12 19 19 1 37 13 40 21 14
split_gain=218.884 7.21591 5.75847 4.31953 2.01484 1.58049 2.44748 0.316306 0.276228 0.197207 0.00903389 0.00189589 0.00139337 0.00216538 0.00171854 0.00061469 0.000551932 0.000321524 4.7134e-05
threshold=-1.1479698628609787 -0.41646921013204757 -0.220327390257333 -0.065406806335974191 -1.227829546419851 -1.2094596607649977 -1.0558813160314604 0.40602393287412147 0.027629941247443061 -1.0840821030426315 -1.1963109105964356 4.0772924754326292 -0.27854517878572921 1.0673779686070748 -0.65107736522906023 0.66434432759919237 1.1641445364973724 -0.68838053371746266 0.63348983808225012
decision_type=2 2 2 2 2 2 2 2 2 2 2 2 2 2 2 2 2 2 2
left_child=1 3 -3 5 -2 7 -7 8 9 -1 -6 12 15 14 -14 17 -17 -12 -15
right_child=4 2 -4 -5 10 6 -8 -9 -10 -11 11 -13 13 18 -16 16 -18 -19 -20
leaf_value=0.042223275960702897 0.015338221580579271 -0.049566427392594502 0.028602056972373432 -0.020807593829463372 -0.043603554628297951 -0.0026057032623889062 0.04626851523549131 0.027246764956657767 0.058492538392902749 0.03120847377098241 -0.039793832064047296 -0.041026994204079979 -0.040135499829682501 -0.039328231931989206 -0.039401363901396036 -0.038856409287113966 -0.039252358436190113 -0.039189504660457591 -0.039017500990755884
leaf_weight=145.11607427150011 1.7037443369626988 4.1331081315875053 5.4797057807445508 2.9148715138435355 1.1927830576896656 5.1779683232307434 5.0693257525563222 3.6239069402217856 2.5558274984359732 4.1806455403566352 2.3750456832349292 1.4720498770475376 8.9863774590194208 1.2617115452885617 70.594252098351717 36.452497247606516 11.602736473083494 30.024749368429184 37.281812887638807
leaf_count=1102 13 17 26 16 8 25 34 19 13 28 35 18 135 22 1221 815 208 566 749
internal_value=-0.00329873 0.0371288 -0.00500712 0.0395306 -0.0388067 0.0405919 0.0215723 0.0418455 0.0421939 0.0419148 -0.0392651 -0.0392392 -0.039226 -0.0393353 -0.0394843 -0.0390655 -0.038952 -0.0392338 -0.0390277
internal_weight=381.199 178.251 9.61281 168.639 202.948 165.724 10.2473 155.476 151.853 149.297 201.244 200.051 198.579 118.124 79.5806 80.455 48.0552 32.3998 38.5435
internal_count=5070 1280 43 1237 3790 1221 59 1162 1143 1130 3777 3769 3751 2127 1356 1624 1023 601 771
is_linear=0
shrinkage=0.05


Tree=117
num_leaves=31
num_cat=0
split_feature=22 42 22 37 30 39 40 17 25 25 24 0 24 38 39 24 10 18 6 5 36 23 42 13 11 11 23 22 23 29
split_gain=134.205 21.5135 7.31858 6.56871 6.06326 6.63058 5.56822 5.91129 4.90398 7.04796 5.29565 3.64826 2.68762 5.60862 3.38921 4.25202 2.05183 2.04123 2.52128 1.95471 1.80923 1.68541 1.17816 0.719196 1.01514 0.645531 5.80712 0.748917 1.68007 0.852211
threshold=-0.19455246843106319 0.75244568302758685 -0.38321115807146472 -0.098285831242653582 -1.258764922037199 0.42802052377877892 0.576694512407393 0.036889959303141824 0.051979306459481796 -1.1343059037726935 -0.26450564669738152 4.129141550800207 1.988502169764881 0.49672536389123856 0.44161026945671367 0.53650529478440689 -0.10105089337166824 0.47668616779543133 0.37908013978291344 1.578008408682666 0.0075083384848429651 2.1390203977529114 -0.081530179667269151 0.72733592005391212 1.4386225159293169 -0.90480988891854508 -0.035657825745135395 -0.4195007186689606 -0.98555237258961303 -0.49065113830554807
decision_type=2 2 2 2 2 2 2 2 2 2 2 2 2 2 2 2 2 2 2 2 2 2 2 2 2 2 2 2 2 2
left_child=2 8 11 4 -4 6 7 -6 9 -2 -11 25 13 14 15 -10 -12 -15 -19 -5 -16 -14 -18 -3 -25 26 -1 -27 -29 -30
right_child=1 23 3 19 5 -7 -8 -9 12 10 16 -13 21 17 20 -17 22 18 -20 -21 -22 -23 -24 24 -26 27 -28 28 29 -31
leaf_value=-0.038888809228584065 0.054605644058665616 0.042978553344344306 -0.03607754966188631 -0.039400779672825584 -0.0046872988032981315 -0.035500145259574144 0.092619861429887207 0.064142240713112184 0.0092658704423825965 0.063597700374297475 0.0094355613383117452 0.047396264217126505 0.020556096189990252 -0.050034691715039895 -0.015146964896844041 0.04888043030421086 -0.041522252689385031 -0.039710305915850445 0.023424539990776379 0.032185907562256137 0.026549870968284092 0.064708356955260435 -0.0113856321782444 0.0075678814532838222 0.043199638346290585 -0.038646046449831717 0.06759402203122801 0.019985624638848301 -0.011142358157318445 -0.039287389738885736
leaf_weight=9.5105111636221391 3.7227411903440979 114.33040954172611 8.005195118486883 18.638096820563081 10.059906795620924 5.1156341060996047 2.8905513919889918 4.5214327760040751 12.404870785772802 1.7543685659766257 3.2572064250707689 1.3179462999105442 4.2780688181519491 3.7034846246242505 7.8076995052397233 14.92168217897415 12.758847627788791 2.7558233141899109 3.7104366198182106 1.0049977526068676 3.9015032835304737 4.3685926422476768 4.34833531454204 3.5594768151640874 4.5592100024223328 112.01236921921372 1.4795818626880635 1.6899565421044851 3.5240987725555906 11.357775788754221
leaf_count=210 15 805 121 360 113 76 13 21 59 13 20 6 20 22 45 78 178 43 20 8 23 21 37 19 30 2354 5 33 67 235
internal_value=0.000620836 0.0286035 -0.0295601 -0.0131746 0.00131306 0.0145646 0.0292231 0.0166556 0.0090658 -0.00904338 -0.019756 -0.0354024 0.0171548 0.0126372 0.0212534 0.0308974 -0.0269368 -0.0204353 -0.00348259 -0.0357382 -0.00125359 0.0428633 -0.0338621 0.0419574 0.0275776 -0.0361842 -0.0245532 -0.0371783 -0.0272577 -0.0326225
internal_weight=397.271 206.143 191.128 50.2358 30.5927 22.5875 17.4719 14.5813 83.6937 25.8415 22.1188 140.892 57.8522 49.2055 39.0358 27.3266 20.3644 10.1697 6.46626 19.6431 11.7092 8.64666 17.1072 122.449 8.11869 139.574 10.9901 128.584 16.5718 14.8819
internal_count=5070 1448 3622 712 344 223 147 134 594 263 248 2910 331 290 205 137 235 85 63 368 68 41 215 854 49 2904 215 2689 335 302
is_linear=0
shrinkage=0.05


Tree=118
num_leaves=31
num_cat=0
split_feature=13 42 19 25 0 39 25 24 20 28 0 10 38 37 21 38 13 25 39 24 24 7 37 32 19 25 19 2 19 4
split_gain=118.22 32.2618 16.9254 8.10226 8.32419 6.5536 6.49773 7.50089 5.99411 5.86829 5.21245 5.39707 13.8026 4.74984 4.96833 4.48333 5.76291 4.08371 3.76975 3.67051 3.54221 3.33312 3.01653 2.7838 2.7416 2.61342 1.8086 0.925249 0.712225 0.414478
threshold=-0.33341872647132165 0.98310154587754295 -0.26244101358719257 -0.79593792239187855 1.0624626007428752 0.40100575111340181 0.26002134966709262 -0.36309798156842477 0.84392624217065415 0.31972215874060844 3.8467859583836073 0.61175599688017224 0.67353073679541919 -0.011592364651285254 -0.75012541475244765 0.82403107528126995 0.36127157144912547 -0.26612179138779324 1.2254093300896811 -0.52476121593280978 1.988502169764881 0.60010323314699121 1.3682718048462281 0.62425483694002148 0.084593969994279802 0.14472851479953469 -0.01753130434921173 1.5306772286126649 -0.2964363649534279 -0.12643002344699147
decision_type=2 2 2 2 2 2 2 2 2 2 2 2 2 2 2 2 2 2 2 2 2 2 2 2 2 2 2 2 2 2
left_child=5 2 10 4 15 29 7 8 -5 21 11 12 23 14 25 16 -4 -14 28 -20 -11 -8 -9 -2 -3 -7 -17 -6 -13 -1
right_child=1 24 3 6 27 13 9 22 -10 20 -12 18 17 -15 -16 26 -18 -19 19 -21 -22 -23 -24 -25 -26 -27 -28 -29 -30 -31
leaf_value=-0.040091602215452375 0.030724313738113004 0.0044996379186160165 -0.030210281211832019 -0.013447748183499572 0.043075272819807414 -0.039635341088299088 -0.04840241268067963 0.03587631067547313 0.033490531553707077 0.020608727804606857 -0.04351668079258772 0.041374700000153232 -0.058527338006020883 -0.040903677799267027 0.039007762087500425 -0.064426068888334936 0.0076307273774211763 0.0022496105043653155 0.0011614447113716406 0.044354508151387161 -0.028305516987843612 0.0060305063044282176 0.0059707911013178279 -0.018475278416810369 -0.039076322749193433 0.0199663771726366 -0.024694987714958167 0.0078227284348636652 0.023125874653809171 -0.014132980550200401
leaf_weight=138.48525321483612 57.99818117171526 4.1352539658546439 16.272849053144455 21.18189108371735 7.8482050970196706 5.4716485738754255 8.4803448691964132 56.051891207695007 10.018609449267386 19.964191257953647 2.4622145742177954 92.855140186846256 6.335497260093689 8.4710768312215787 6.4423067718744305 5.0227521285414696 26.358657576143742 4.9026565328240377 13.364420242607595 7.7829587310552588 4.5435504317283621 4.2077575400471678 9.925447463989256 3.0250748768448821 28.391342803835869 2.7704566568136215 6.6653934568166715 2.4399798437952995 5.6733977720141402 1.5549916476011265
leaf_count=1778 432 21 108 118 63 42 53 374 47 99 16 879 24 89 45 18 118 30 78 50 19 23 55 20 328 18 48 17 44 16
internal_value=0.000455575 0.0143205 0.0182775 0.00802634 -0.00652427 -0.035729 0.0150224 0.0218247 0.00162433 -0.00274937 0.0287703 0.0296976 0.0189077 -0.0110882 0.0061116 -0.014335 -0.00681354 -0.0320133 0.0362127 0.017058 0.0115404 -0.0303508 0.0313774 0.0282854 -0.0335363 -0.0196011 -0.0417686 0.0347147 0.0403239 -0.0398034
internal_weight=589.103 425.908 393.381 198.982 64.6078 163.196 134.374 97.1778 31.2005 37.1958 194.4 191.937 72.2614 23.1555 14.6844 54.3197 42.6315 11.2382 119.676 21.1474 24.5077 12.6881 65.9773 61.0233 32.5266 8.24211 11.6881 10.2882 98.5285 140.04
internal_count=5070 3082 2733 1160 372 1988 788 594 165 194 1573 1557 506 194 105 292 226 54 1051 128 118 76 429 452 349 60 66 80 923 1794
is_linear=0
shrinkage=0.05


Tree=119
num_leaves=31
num_cat=0
split_feature=39 20 37 25 21 25 37 38 25 37 38 24 0 0 38 22 24 0 0 22 17 4 22 19 19 34 37 25 47 22
split_gain=75.9053 10.3536 8.1645 7.56178 5.65973 6.02001 6.71207 4.83015 11.0017 5.21345 3.08634 7.28519 3.28703 1.20142 0.558218 0.374401 0.107174 0.019529 0.0114902 0.00369137 0.000464703 0.000460936 0.000253205 0.000143023 9.92309e-05 0.000161564 0.000354445 0.00016801 7.24364e-05 6.41006e-05
threshold=0.6954590335867854 1.1502077784534082 -0.12741427314891079 -1.2809658839935076 0.43490134049592016 -0.34158084741600209 2.1532153009497081 0.644125821483026 -1.4963929276914476 0.9274871821351568 0.1608230905902954 -0.29685303093298426 0.047765766521541013 0.52123151254221634 0.34217399673758159 -0.74317511424554128 1.0000000180025095e-35 -0.2509367286139132 1.1183392864000548 -0.64069108745892178 -1.4462278875496855 -0.79103798028929162 -0.52549195643817959 4.0772924754326292 -0.40722974612651336 0.44290186941043519 -0.64459265171289271 0.18348295400743889 -1.3365760935402966 -0.59795550539100784
decision_type=2 2 2 2 2 2 2 2 2 2 2 2 2 2 2 2 2 2 2 2 2 2 2 2 2 2 2 2 2 2
left_child=23 2 3 -2 10 7 13 8 -6 -9 11 12 -4 -7 15 -12 -16 -13 -3 -5 -20 -21 -23 24 -1 26 27 -26 -28 -22
right_child=1 18 4 19 5 6 -8 9 -10 -11 14 17 -14 -15 16 -17 -18 -19 20 21 29 22 -24 -25 25 -27 28 -29 -30 -31
leaf_value=-0.038118434094185444 0.058184075302849192 -0.044074584011034423 0.043415374728499684 -0.041035792583865069 0.046739011105877873 -5.757677407407626e-05 0.044874932581550585 -0.017772952602807767 -0.014959249737075964 0.039773311014891732 0.0492904684593371 -0.048128759996931225 -0.0049676006922374123 -0.039860925991685316 0.047973457264513561 0.068946730007186027 0.038578350109659411 -0.040180445373312335 -0.039752857725946278 -0.039794442248770989 -0.038777986675988585 -0.039172445225527736 -0.038321699609946774 -0.03900498209039438 -0.039184286066504051 -0.038141118404097861 -0.038784119863430437 -0.038448758560825358 -0.038208300466927636 -0.038317599034999733
leaf_weight=40.348234687000513 2.5833496153354636 1.155177567154168 24.278784148395069 2.0839331783354273 11.881166016682984 2.463157868012785 4.0518471356481305 4.3201139699667683 18.437707826495171 44.240439398214221 4.1689936518669128 1.339521609246731 4.103776926174759 8.2307511698454601 14.150782883167269 5.7830177992582339 3.8644065335392943 1.8266420327126969 0.74320998042821873 0.74653561040758987 0.94241180457174722 1.0679892133921374 4.8301364462822685 0.51930255070328613 1.6192323025315993 20.761174296028912 0.57254376262426276 1.4915417321026323 11.854741914197801 3.8234531749039893
leaf_count=1943 10 8 133 22 56 39 29 35 171 227 20 14 34 191 69 20 25 28 11 11 24 21 187 14 34 958 15 50 525 146
internal_value=0.00299034 0.0215555 0.0240314 -0.0169598 0.0270593 0.0193955 -0.00992834 0.0248773 0.00921867 0.0346538 0.0391152 0.0283949 0.0364198 -0.0306929 0.0512084 0.0607125 0.0459581 -0.0435432 -0.0395407 -0.0391997 -0.03859 -0.0386239 -0.0384757 -0.038178 -0.0381724 -0.0382324 -0.0383543 -0.0388316 -0.0382348 -0.0384086
internal_weight=248.284 171.117 164.453 11.3119 153.141 93.6252 14.7458 78.8794 30.3189 48.5606 59.5159 31.5487 28.3826 10.6939 27.9672 9.95201 18.0152 3.16616 6.66425 8.72859 5.50907 6.64466 5.89813 77.1668 76.6475 36.2992 15.5381 3.11077 12.4273 4.76586
internal_count=5070 1531 1342 251 1091 748 259 489 227 262 343 209 167 230 134 40 94 42 189 241 181 219 208 3539 3525 1582 624 84 540 170
is_linear=0
shrinkage=0.05


Tree=120
num_leaves=31
num_cat=0
split_feature=20 34 38 25 20 37 24 38 19 13 9 19 14 19 1 37 9 39 39 40 0 42 18 25 9 40 25 40 25 22
split_gain=197.988 5.93821 3.21049 4.47715 2.85726 3.59531 1.9652 1.75988 0.606412 0.170901 0.0785323 0.0176278 0.00257285 0.00159117 0.00217715 0.00276831 0.00197011 0.00372844 0.000545468 0.000374823 0.000371213 0.000322847 0.000321964 0.000269516 0.000234395 0.00014579 0.000141013 0.000140331 0.000112785 7.10758e-05
threshold=-1.1586838027550448 0.31260912773749516 -1.2162848747009487 0.037213513691020501 -1.2369266643505443 -0.87211658441276096 -0.67715850252549958 -1.1479698628609787 -0.43719547112976037 -1.1594405520567976 -0.00094001544811376625 -0.66040847159655891 -0.26505165128993724 -0.27854517878572921 0.90654859328389648 -0.65107736522906023 -0.16710723501998992 0.44161026945671367 1.2689839915512382 0.37236406924566101 0.2501701438222817 0.33702433475279531 0.7911772135932017 0.2130111217635561 -0.25357365824051709 1.1896858418925891 -1.2809658839935076 0.52561190161696003 0.1899709929938547 -0.5351239349639535
decision_type=2 2 2 2 2 2 2 2 2 2 2 2 2 2 2 2 2 2 2 2 2 2 2 2 2 2 2 2 2 2
left_child=1 4 -3 -4 8 -6 -7 -2 9 10 12 -8 -1 18 15 16 17 -15 22 21 -21 -17 26 -18 -16 -24 -9 -28 29 -20
right_child=7 2 3 -5 5 6 11 13 -10 -11 -12 -13 -14 14 24 19 23 -19 28 20 -22 -23 25 -25 -26 -27 27 -29 -30 -31
leaf_value=0.04179575250653092 -0.0013356123493713928 0.03868799795509878 0.032065768752272024 -0.038530365857488237 -0.029289151328685894 -0.0033076004199768111 0.042555659310291809 -0.039457238507374426 0.017406042808350165 0.032057260390383716 0.050761939580197771 0.047390412956668605 0.043013443915500882 -0.042847267608948233 -0.039595369405733827 -0.03902583362629556 -0.04007805060557515 -0.039707314625814553 -0.039293202069506823 -0.039143684444627569 -0.039455696658963917 -0.039638260424461808 -0.038731469224332182 -0.039297882560492013 -0.03891113454540697 -0.039097298600000607 -0.038874141266572709 -0.039104726594123951 -0.039681861285791854 -0.039071212912369556
leaf_weight=124.64990831911564 3.1317205950617781 4.8027632907032958 3.6416848450899106 5.8593051247298717 3.1771781370043746 2.9601726680994025 4.3899569660425177 1.6077691949903989 2.6219674944877616 4.4606982916593543 2.5133823007345191 3.304504930973053 4.494309462606906 1.6897869333624842 1.2972627952694882 16.411828324198726 1.7123019620776156 2.1461472623050213 6.7823122590780249 13.180073443800209 34.448306616395712 2.4766715466976157 27.234595544636253 3.1315222159028053 35.584722794592381 3.0259854346513739 15.064343893900515 11.740830186754463 1.1884513311088074 7.6987711042165747
leaf_count=1017 19 32 21 39 12 19 32 27 11 30 16 16 31 12 21 344 23 35 120 254 578 39 665 56 765 59 336 230 18 154
internal_value=-0.00354142 0.0361752 0.00537073 -0.0114712 0.0390631 0.0173926 0.031313 -0.0385065 0.0412236 0.0416824 0.0420085 0.044632 0.0418381 -0.0391309 -0.0392499 -0.0394042 -0.040244 -0.0410905 -0.0389515 -0.0392946 -0.0393694 -0.0391061 -0.0388815 -0.0395737 -0.0389352 -0.0387681 -0.0390024 -0.0389751 -0.0392136 -0.0391752
internal_weight=356.429 166.876 14.3038 9.50099 152.572 13.8318 10.6546 189.553 138.74 136.118 131.658 7.69446 129.144 186.422 112.079 75.1966 8.67976 3.83593 74.3431 66.5169 47.6284 18.8885 58.6735 4.84382 36.882 30.2606 28.4129 26.8052 15.6695 14.4811
internal_count=5031 1276 92 60 1184 79 67 3755 1105 1094 1064 48 1048 3736 2127 1341 126 47 1609 1215 832 383 1317 79 786 724 593 566 292 274
is_linear=0
shrinkage=0.05


Tree=121
num_leaves=31
num_cat=0
split_feature=22 1 37 0 39 40 39 0 1 17 40 20 0 25 28 39 23 23 17 31 34 8 20 17 16 34 13 6 34 15
split_gain=120.186 21.7061 5.08392 9.9478 6.29284 6.10285 11.8466 5.44272 4.7738 4.39119 4.31809 4.19857 4.1604 3.63049 5.04334 2.32894 2.90938 3.637 1.98261 1.92709 1.90905 1.84197 1.81002 1.74395 2.20505 1.26353 0.537877 0.493435 0.412418 0.284585
threshold=-0.20861791131079027 -0.089500637312437306 -0.098285831242653582 -1.2472061452249008 -1.2992111867926484 0.576694512407393 0.44161026945671367 3.8467859583836073 0.90654859328389648 -1.267660320970631 -0.3427924818204009 0.15544723326155735 3.8467859583836073 -1.2809658839935076 -1.195823455290739 1.2689839915512382 0.51759752479510424 0.94521836266946269 0.1972423304299524 0.027667354125369061 0.51397063759567507 2.158848035339759 -0.034488040425658499 -0.018562052609697597 1.1909706157854403 0.31260912773749516 -0.21100110339894179 0.37908013978291344 -0.08419149463008975 0.13880556796840862
decision_type=2 2 2 2 2 2 2 2 2 2 2 2 2 2 2 2 2 2 2 2 2 2 2 2 2 2 2 2 2 2
left_child=2 9 3 25 -5 13 -7 -4 15 -2 21 23 18 -6 -15 16 19 -18 -13 20 -3 26 -19 24 -12 -1 -11 -10 -28 -21
right_child=1 8 7 4 5 6 -8 -9 27 10 11 12 -14 14 -16 -17 17 22 -20 29 -22 -23 -24 -25 -26 -27 28 -29 -30 -31
leaf_value=-0.038796732959495865 0.062417136423787593 0.001449106532916552 -0.03915640114204276 0.050114094297432348 0.040056173941584255 0.10109352733575055 -0.039462876576396244 0.04672585141186375 0.021484698317563153 -0.064873645799432875 -0.027878869805656778 -0.034209816415701859 0.051030536625851101 0.012570166730469743 -0.036017391123946293 -0.015999630940373679 -0.022802094997075015 0.046242810266441364 0.011558951188939404 0.047950799095940536 0.048436095069625047 0.014829953315421671 0.010759227353054915 0.039763403992369079 0.036436992426406967 0.0016661181497811433 -0.041196702349460518 0.042381691191963104 -0.010850920748648459 0.065625786481597823
leaf_weight=42.842991482466459 2.3503562211990348 4.6089688688516635 91.15239672921598 4.9034649766981593 2.3957566171884563 3.2317000180482855 2.7961694560945034 1.8829054236412037 2.9018264338374129 2.0257357880473128 2.8450742773711681 10.977350436151029 2.106259584426879 7.0937176607549217 21.613539002835751 3.686674401164054 5.3307267986238029 6.1023617461323747 3.0162772089242926 4.7675881348550302 4.071266271173954 1.6729429587721814 8.743023838847872 7.3544282987713832 2.506968330591917 2.0203333199024192 6.5157568678259841 106.55140546709299 1.3519633412361143 4.3600889444351196
leaf_count=1010 8 28 1990 28 15 19 52 9 14 12 31 123 9 64 387 25 27 32 20 25 19 12 58 36 12 30 99 803 15 19
internal_value=0.000132522 0.0274484 -0.0292957 -0.0205994 -0.00312215 -0.0101525 0.0358931 -0.0374183 0.0363444 -0.00401939 -0.00788709 0.0024745 -0.0144836 -0.0190763 -0.0240111 0.021942 0.0256246 0.0126242 -0.0243445 0.0403539 0.0234873 -0.0336928 0.0253452 0.0239615 0.00224754 -0.0369746 -0.0418979 0.0418277 -0.0359822 0.0563937
internal_weight=373.78 193.847 179.933 86.8977 42.0343 37.1309 6.02787 93.0353 151.124 42.7231 40.3728 28.8064 16.0999 31.103 28.7073 41.6707 37.984 20.1761 13.9936 17.8079 8.68024 11.5664 14.8454 12.7065 5.35204 44.8633 9.89346 109.453 7.86772 9.12768
internal_count=5031 1427 3604 1605 565 537 71 1999 1050 377 369 231 152 466 451 233 208 117 143 91 47 138 90 79 43 1040 126 817 114 44
is_linear=0
shrinkage=0.05


Tree=122
num_leaves=31
num_cat=0
split_feature=21 19 39 9 40 0 13 24 25 40 25 38 0 18 38 17 25 38 40 24 25 28 2 25 25 10 16 9 30 36
split_gain=102.816 21.1037 12.8935 11.9851 13.5233 7.56772 6.54279 6.50752 6.273 6.21633 6.18483 5.99603 6.91599 5.61435 9.40634 4.81317 4.6437 3.75015 3.60312 10.4953 3.45327 5.61767 3.15409 3.14823 3.86123 2.63919 2.61529 2.02153 1.83958 1.6002
threshold=-0.2419175477721858 -0.23873633173692702 0.44161026945671367 0.6279740506999113 0.47452929082652701 0.98429468410543786 1.6323943663608762 -0.6522040873115077 -1.4076012423358437 1.1641445364973724 -1.2355925727046477 0.63559616238479333 0.47724348340784095 0.66505105367954787 0.73702949670526363 -0.81627340725616271 -1.6643028320415276 -0.56077298421834754 0.44898798543131052 -0.29785109438048429 0.27947024803884557 0.30704100260063016 1.248332037924146 0.17481213316711217 -0.058598772150616957 0.85367296220362043 -0.73244678819109998 -1.0223579578578368 0.10939103679133076 -2.1283239239927338
decision_type=2 2 2 2 2 2 2 2 2 2 2 2 2 2 2 2 2 2 2 2 2 2 2 2 2 2 2 2 2 2
left_child=2 9 28 4 20 8 -7 -4 16 13 -10 26 -13 14 18 22 -6 23 -2 -20 27 -22 -14 24 -9 -17 -11 -3 29 -1
right_child=1 3 7 -5 5 6 -8 17 10 11 -12 12 15 -15 -16 25 -18 -19 19 -21 21 -23 -24 -25 -26 -27 -28 -29 -30 -31
leaf_value=-0.0025982961661003118 0.039906690864115246 0.0023631776045014829 -0.032675392857413298 -0.034003296601520967 -0.0034636843955820132 0.041692882333863791 -0.042487980375550391 0.015011864397341416 0.037239759487022815 -0.0068703581172633605 -0.0058025013647372298 -0.047145815239538133 -0.059041450020531183 0.040495128859797162 -0.039686113923988103 0.00066421350042786384 -0.050894977266129508 0.045248343713716915 0.031729922462838102 -0.050207669213231533 -0.036489953782827947 0.029916284695190223 0.0060437024132336085 0.038018757033611281 -0.053520900526506023 0.035103312306458814 0.042197745526263888 0.039332727187747482 0.015922163591150101 -0.039203420219152171
leaf_weight=3.0506568849086753 25.185084044933319 4.123738393187522 10.709471739828588 19.654085099697113 8.7779353111982363 14.683631643652918 2.7387318015098563 4.2614430561661738 9.4089454710483533 3.2269667759537723 73.876057207584381 6.2852117344737044 3.509037300944331 81.492261745035648 5.946811892092227 9.1551640778780001 12.52104829251766 6.970131427049636 16.225418843328956 5.148104488849639 4.9028481021523467 9.0883260071277601 3.9644931331276894 3.5995475053787223 3.9699648544192314 14.177915498614309 17.135464251041412 35.792014822363853 1.574334368109702 139.98237083107233
leaf_count=22 234 25 111 212 60 110 15 30 42 16 387 32 12 840 26 45 72 46 120 25 26 48 30 14 24 105 119 285 9 1889
internal_value=0.000224287 0.0145799 -0.0316846 0.00302771 0.00716504 -0.00204991 0.02846 -0.00156564 -0.00713246 0.0263804 -0.000939894 0.0126212 0.000653322 0.03228 0.0195295 0.0104054 -0.0313472 0.0161551 0.027093 0.0119941 0.028021 0.00664592 -0.0245156 -0.000985006 -0.0180411 0.0215905 0.0344216 0.0355134 -0.037831 -0.0384227
internal_weight=561.137 387.019 174.118 195.567 175.913 122.006 17.4224 29.5106 104.584 191.452 83.285 57.4543 37.0918 133.998 52.5054 30.8066 21.299 18.8011 46.5586 21.3735 53.9069 13.9912 7.47353 11.831 8.23141 23.3331 20.3624 39.9158 144.607 143.033
internal_count=5031 2886 2145 1282 1070 686 125 225 561 1604 429 359 224 1245 405 192 132 114 379 145 384 74 42 68 54 150 135 310 1920 1911
is_linear=0
shrinkage=0.05


Tree=123
num_leaves=31
num_cat=0
split_feature=39 41 25 40 38 24 38 40 21 24 46 39 35 2 24 5 38 1 22 22 17 6 19 1 22 1 32 20 22 5
split_gain=73.8808 9.95376 7.07999 8.40786 5.83185 4.65709 7.24641 5.25121 4.90933 3.3197 2.86962 4.40758 2.67948 3.07602 2.32639 4.14221 1.50067 0.0325972 0.0168451 0.00132382 0.000385485 0.000176934 0.000121719 0.00011735 6.95264e-05 7.53273e-05 9.53752e-05 6.99356e-05 6.05729e-05 2.08549e-05
threshold=0.6954590335867854 1.1397388681411023 -0.45965201522600169 1.1896858418925891 0.98771693108287517 -0.57882197693446613 0.0308214500422502 1.9303836983538674 0.47794464698665501 -0.60762469201355251 -1.0759385399474366 1.3222104675278554 -1.1294960385681392 -1.2207810986950751 -0.71933961393189338 0.62954700122992391 1.0158019965237155 -1.0223370976713291 -0.64853201538657168 -0.62573259603165476 -1.4462278875496855 -0.99851173328254628 2.6108352102486179 0.027469078626358716 -0.38321115807146472 1.1995279153136451 0.66804040482238436 -1.2764843936330272 -0.59795550539100784 3.9360797010048278
decision_type=2 2 2 2 2 2 2 2 2 2 2 2 2 2 2 2 2 2 2 2 2 2 2 2 2 2 2 2 2 2
left_child=21 2 5 12 10 9 17 8 -8 14 -5 -12 -4 -14 16 -16 -2 -7 -15 -19 -3 -1 24 -24 -23 26 27 -26 -22 -30
right_child=1 20 3 4 -6 6 7 -9 -10 -11 11 -13 13 18 15 -17 -18 19 -20 -21 28 22 23 -25 25 -27 -28 -29 29 -31
leaf_value=-0.038997201207818466 0.03855114979611813 -0.039521502538961834 0.051739820219759508 0.069700729703301809 -0.030461060641871315 -0.049662241934378806 0.053257189496254999 -0.032313763214743836 0.020020949920616593 0.077311203036856124 -0.019388539024911396 0.034661498327907249 0.050792582581231517 -0.04407904100326529 0.04105393529045178 -0.031139857312199329 0.06605196612491103 -0.041083419086152428 -0.038788816997972049 -0.038890328223202437 -0.038698116904324745 -0.038069100930767256 -0.03906199531008387 -0.038157729994960338 -0.038070921829831156 -0.038080770989637143 -0.038049527148663886 -0.038340450083338411 -0.038223265466557917 -0.038571841655648351
leaf_weight=0.59360566362738509 37.929421190172434 0.7733805589377879 1.0364548563957203 4.0039312466979053 4.5616513323038808 1.1235391981899736 16.152508065104485 3.5686132684350005 35.594616858288646 5.8243282865732899 4.7053583227098015 19.010782863944769 1.0270022898912401 1.7934794127941085 5.1924624461680633 3.2184007093310356 5.7069867849349967 1.0714654251933096 9.3471860866993701 1.9232114404439919 0.93935949727892865 33.485847277566791 0.68082525953650364 0.75849886424839497 2.9532931353896847 14.394739155657588 5.5244886651635161 13.004882161505522 4.2458807379007331 0.47733514383435238
leaf_count=15 208 13 10 16 30 10 73 34 237 31 72 117 4 12 25 33 21 12 307 50 26 1738 16 35 152 725 301 514 180 14
internal_value=0.00451691 0.0225126 0.0249237 0.00817849 0.0219268 0.0314168 0.0215861 0.0263498 0.0303954 0.0415129 0.0305479 0.0239378 -0.0254338 -0.0320075 0.0375069 0.0134291 0.0421478 -0.0423997 -0.0396405 -0.039675 -0.0384744 -0.0381376 -0.0381304 -0.0385855 -0.0381209 -0.0381693 -0.0382286 -0.0382906 -0.0383314 -0.0382585
internal_weight=240.624 169.227 162.791 45.4858 32.2817 117.306 59.434 55.3157 51.7471 57.8716 27.7201 23.7161 13.2041 12.1677 52.0473 8.41086 43.6364 4.11822 11.1407 2.99468 6.43596 71.3962 70.8026 1.43932 69.3633 35.8774 21.4827 15.9582 5.66258 4.72322
internal_count=5031 1535 1302 568 235 734 416 344 310 318 205 189 333 323 287 58 229 72 319 62 233 3496 3481 51 3430 1692 967 666 220 194
is_linear=0
shrinkage=0.05


Tree=124
num_leaves=31
num_cat=0
split_feature=20 34 20 37 17 17 6 24 20 28 19 21 14 19 0 39 4 19 1 37 9 40 10 40 9 25 17 14 21 18
split_gain=183.41 5.68488 2.86888 3.3156 2.56963 2.70817 3.85658 1.90121 1.36867 2.89453 0.650634 0.346304 0.0825705 0.014032 0.00822627 0.0047572 0.00377263 0.00146764 0.00203176 0.00245579 0.00191235 0.000497146 0.000428362 0.00035861 0.00022153 0.000163311 8.4932e-05 5.08199e-05 1.58464e-05 8.1528e-06
threshold=-1.1586838027550448 0.31260912773749516 -1.2369266643505443 -0.87211658441276096 -0.13801045423308617 -0.074869270288252646 -0.14067453865061227 -0.67715850252549958 -1.0603712108618153 -1.1176721441955244 -0.43148172383769695 -1.0840821030426315 -0.18122372569770409 -0.66040847159655891 -1.184790698480179 -0.39866811831718424 -1.2441395434094749 -0.27854517878572921 0.90654859328389648 -0.65107736522906023 -0.16710723501998992 1.1641445364973724 0.65271579579762884 0.44898798543131052 -0.25357365824051709 -0.81472861407128261 0.050492471930623534 -0.66480636385717484 0.89086353890811798 0.67953613086851106
decision_type=2 2 2 2 2 2 2 2 2 2 2 2 2 2 2 2 2 2 2 2 2 2 2 2 2 2 2 2 2 2
left_child=1 2 10 -4 -3 -6 -7 -5 9 15 11 12 16 -9 -10 -2 -1 21 19 20 -19 22 25 -21 -20 -16 27 -23 -24 -26
right_child=8 4 3 7 5 6 -8 13 14 -11 -12 -13 -14 -15 17 -17 -18 18 24 23 -22 26 28 -25 29 -27 -28 -29 -30 -31
leaf_value=0.041453008572663347 -0.039124699264183889 0.037611245985028172 -0.028080772992650712 -0.0038540386492258681 -0.05040226310149204 0.047278066707737793 -0.027521590746882416 0.042170183640049562 -0.043270146510447666 0.046226586708212052 0.015231613465477661 0.022998917658454028 0.05077961335293877 0.046605823342366418 -0.03951582561255567 -0.043397279212568834 0.042644858200339621 -0.040950304776776435 -0.03948837557363611 -0.03902116117129989 -0.039410106899345626 -0.039270055606698259 -0.038727901507342802 -0.039279530088421402 -0.038799033661435785 -0.038921027812427837 -0.039410081099357737 -0.039008382643087681 -0.038639504640928857 -0.038902537919249608
leaf_weight=115.9265516102314 1.6045377664268015 4.2499017640948287 3.1772762313485137 2.8908473178744307 2.8084097467362872 3.2668214738368979 3.6470106840133667 4.1271405741572371 1.1543981060385693 1.475222349166869 2.4328316524624816 2.5246331393718711 2.4563381820917121 3.1391395106911659 1.2338970340788389 1.0968516767024996 7.0429721549153319 3.7575636170804501 1.2339531444013108 19.474241111427546 4.3467179797589761 2.10952247679234 6.4017664641141918 43.27271606773138 29.911012969911102 17.828321505337954 1.6997752301394928 15.407580778002739 24.368431754410267 2.0317572429776183
leaf_count=1010 32 25 12 19 17 22 28 32 10 10 10 18 15 16 20 13 52 48 21 417 76 38 157 794 694 393 29 319 640 44
internal_value=-0.00366024 0.0356273 0.0385873 0.0164974 0.00517969 -0.00899718 0.00782163 0.030442 -0.0383853 -0.0100998 0.0408465 0.0413335 0.0417026 0.0440864 -0.0390634 -0.0408595 0.0415213 -0.0390353 -0.0391539 -0.0393051 -0.0401242 -0.0388566 -0.0387733 -0.0391993 -0.038831 -0.0389595 -0.0390726 -0.0390399 -0.0386579 -0.0388056
internal_weight=336.098 157.69 143.718 13.3344 13.9721 9.72224 6.91383 10.1571 178.408 4.17661 130.383 127.95 125.426 7.26628 174.232 2.70139 122.97 173.077 104.028 70.8512 8.10428 69.0493 49.8324 62.747 33.1767 19.0622 19.2169 17.5171 30.7702 31.9428
internal_count=5031 1276 1184 79 92 67 50 67 3755 55 1105 1095 1077 48 3700 45 1062 3690 2094 1335 124 1596 1210 1211 759 413 386 357 797 738
is_linear=0
shrinkage=0.05


Tree=125
num_leaves=31
num_cat=0
split_feature=22 42 1 37 41 39 40 39 2 40 39 24 11 28 24 8 27 31 39 24 25 40 34 36 42 23 8 39 13 47
split_gain=110.124 20.1148 5.74732 5.12518 9.60553 5.647 5.58576 10.4386 5.1964 3.67528 4.52575 5.68471 3.67453 3.4972 3.01397 3.00348 2.24952 2.62339 2.41898 3.05029 2.18612 1.88358 1.70302 1.32344 0.847263 0.836004 0.477379 0.920908 0.260654 0.0721631
threshold=-0.20861791131079027 0.75244568302758685 -0.089500637312437306 -0.098285831242653582 -1.2472061452249008 -1.2992111867926484 0.576694512407393 0.44161026945671367 2.9633395865414327 -0.21508595484431844 0.2418042422128481 1.5406684420530381 -0.85419286946963802 -1.1660374838921854 1.8254837773069688 -0.58961980287665938 -0.40359208867025581 2.2370214995605604 0.59561912912395865 0.67898334610341127 0.1899709929938547 -0.64928814656299882 0.709409750105083 0.72528512574632253 -0.38581810816793954 0.9894076294228048 0.98517880861868057 -0.89472970301007171 -0.23952559809541868 1.0863043768880736
decision_type=2 2 2 2 2 2 2 2 2 2 2 2 2 2 2 2 2 2 2 2 2 2 2 2 2 2 2 2 2 2
left_child=3 2 9 4 23 -6 12 -8 29 21 20 24 15 -14 -13 -7 -4 18 22 -20 -11 -2 -18 -1 -12 -23 27 -3 -27 -5
right_child=1 26 16 8 5 6 7 -9 -10 10 11 14 13 -15 -16 -17 17 -19 19 -21 -22 25 -24 -25 -26 28 -28 -29 -30 -31
leaf_value=-0.038702022067934411 0.0058630358015007164 0.043348013526844344 -0.017721137833717062 -0.038924970046344959 0.047220204445503663 -0.016790975280270817 0.093253747638521456 -0.039390655741162663 0.046263992986742608 0.0019016580300109645 -0.046187586907242804 0.056661728802766487 -0.0012546234331216144 -0.038761480321498565 -0.0079688501081066326 0.077618302071922912 0.031335974784299545 -0.0068481948312529356 -0.029354386987208006 0.038029932728264347 0.050730988470142561 0.00071167922545385632 0.063989362447170794 0.0040059337932093547 -0.010949230970337743 -0.061363486368701196 0.04207567262380485 0.0072984502874882621 -0.037981119534752431 -0.05352834783434253
leaf_weight=40.023503873497248 3.5381805859506121 4.4154850766062737 3.3506985530257216 84.980115439742804 4.9747831746935836 1.6740605719387534 3.3411298766732207 2.6672907397150993 1.8218651562929142 3.6492449492216128 6.6434977836906919 3.4093808718025675 9.9381804913282412 16.58931423723698 3.8305505178868771 1.6958154179155815 18.699073322117336 5.446905590593814 3.3596548698842517 3.3580823056399822 6.1639854833483696 1.3428753614425648 5.0772294029593459 1.9000640846788872 2.2950855940580377 1.4001919925212849 98.090170204639435 2.9585960432887068 8.0108035914599878 0.85446303337812324
leaf_count=1012 24 32 33 1983 28 29 19 52 9 38 67 17 111 314 24 12 102 24 27 16 32 14 23 28 22 7 781 16 128 7
internal_value=0.000123939 0.0268337 0.00785537 -0.0288702 -0.01995 -0.00270449 -0.0096216 0.0343695 -0.0372967 -0.00541546 0.00578355 -0.0104657 -0.0184624 -0.02471 0.0224666 0.0307184 0.0214613 0.0251142 0.0308234 0.00432989 0.0325728 -0.0257821 0.0383088 -0.0367664 -0.0371397 -0.0361939 0.0411533 0.0288844 -0.04146 -0.0390703
internal_weight=355.5 185.04 79.5754 170.461 82.8041 40.8806 35.9058 6.00842 87.6564 40.2838 25.9917 16.1785 29.8974 26.5275 7.23993 3.36988 39.2916 35.9409 30.494 6.71774 9.81323 14.2921 23.7763 41.9236 8.93858 10.7539 105.464 7.37408 9.411 85.8346
internal_count=5031 1427 598 3604 1605 565 537 71 1999 373 200 130 466 425 41 41 225 192 168 43 70 173 125 1040 89 149 829 48 135 1990
is_linear=0
shrinkage=0.05


Tree=126
num_leaves=31
num_cat=0
split_feature=37 9 22 40 21 0 38 37 26 21 25 28 9 11 24 6 37 32 11 7 23 15 16 25 27 39 38 42 19 9
split_gain=95.823 29.1958 23.1623 10.8641 7.54409 10.2329 9.04752 9.59885 7.08112 6.1132 5.65211 4.65102 4.27854 3.79264 3.63592 3.5745 3.4722 4.01608 4.46221 2.71836 1.55417 1.40843 2.34606 1.38236 1.26286 1.02403 1.60938 0.17462 0.0808424 0.0050299
threshold=-0.73486658700878771 0.6279740506999113 -0.7564949140667182 0.44898798543131052 0.9698257425393968 1.8346308418990052 0.75594019017965419 0.90781805711203767 -0.029619968945307721 0.410856458939027 0.27947024803884557 0.30704100260063016 -1.1212225276533125 -0.90480988891854508 -0.76861074759179016 0.45779924592292492 0.51916521509121805 0.82450083405536057 0.3785753894161657 0.97954151091350983 -0.043892702547264038 1.2762695935000523 2.1681743924749282 0.51500634504727472 -0.61338223557505422 0.45490165661515586 -0.94512831973980582 0.37266061967312858 0.25801006069797477 -0.56882870901275806
decision_type=2 2 2 2 2 2 2 2 2 2 2 2 2 2 2 2 2 2 2 2 2 2 2 2 2 2 2 2 2 2
left_child=8 2 12 10 6 14 9 -8 25 -5 13 19 28 -4 -6 -15 24 20 -19 -12 -18 27 -23 -13 -14 29 -27 -3 -2 -1
right_child=1 21 3 4 5 -7 7 -9 -10 -11 11 23 16 15 -16 -17 17 18 -20 -21 -22 22 -24 -25 -26 26 -28 -29 -30 -31
leaf_value=-0.042047772127291244 -0.049667885207400772 -0.056810255597138037 -0.024199921321372053 -0.0022807521146230663 0.0048657842068068275 -0.045072697273845115 0.034986916800889015 -0.038854097612412548 0.056828671690380361 0.021358129622822509 -0.044676370357686651 0.0078373540802418526 0.037035382153375832 0.039561483530648735 0.039960988259527506 -0.0039628816978451442 -0.044597665886679627 0.031645239593910766 -0.035170566783688309 0.016207643982915656 -0.014574254744209481 0.024567231270259123 -0.041698178631062011 0.048130043034358395 -0.00055412526994613243 0.00099130934243434792 -0.047981494897920932 -0.040054081844390278 -0.040636888108766547 -0.03975516556304988
leaf_weight=2.4420028515160075 3.7382626980543119 1.6724542826414168 2.543165758252143 42.733363121747971 8.7919240295886976 4.3829786404967299 5.8176913112401989 18.075007863342762 1.9686473309993733 75.974098399281502 5.0861365348100689 3.8219634741544706 4.6185008063912392 103.25408969074488 45.956431061029434 4.9431038424372664 9.9709528684616071 6.8208807408809644 3.9434698447585106 2.866624504327774 7.5926724821329179 2.3538498803973189 3.0879186689853668 4.8046443611383438 4.3284988254308683 3.9261545985937119 2.9292127192020407 22.109217934310436 7.3507063984870911 117.86732330918312
leaf_count=26 19 6 15 250 57 27 47 76 8 480 30 21 23 1022 430 24 79 30 23 17 65 14 32 26 30 30 16 300 83 1725
internal_value=0.000249376 0.0121654 0.0158934 0.0206422 0.0134245 0.0284399 0.00719814 -0.0208744 -0.0372738 0.0128484 0.0320782 0.00485139 -0.0164155 0.0361544 0.0343251 0.037573 -0.0083041 -0.0168803 0.00716758 -0.0227303 -0.0316187 -0.0359817 -0.0130349 0.0302786 0.0188498 -0.0387307 -0.0199342 -0.0412325 -0.0436814 -0.0398017
internal_weight=535.772 406.639 377.415 329.051 201.731 59.1313 142.6 23.8927 129.133 118.707 127.32 16.5794 48.3639 110.74 54.7484 108.197 37.275 28.328 10.7644 7.95276 17.5636 29.2234 5.44177 8.62661 8.947 127.165 6.85537 23.7817 11.089 120.309
internal_count=5031 3226 2874 2522 1367 514 853 123 1805 730 1155 94 352 1061 487 1046 250 197 53 47 144 352 46 47 53 1797 46 306 102 1751
is_linear=0
shrinkage=0.05


Tree=127
num_leaves=31
num_cat=0
split_feature=39 20 25 40 38 34 19 38 13 13 5 20 37 0 46 39 17 11 25 19 20 19 18 22 26 22 17 47 19 1
split_gain=68.3439 9.12679 7.14323 7.81002 5.70283 3.15564 2.95329 4.66533 6.42218 5.49026 4.97367 4.25352 6.81414 2.91414 2.69509 3.93423 0.888928 0.669543 0.522899 1.23721 0.323568 0.224946 0.0343881 0.014921 0.00756347 0.000245447 0.000270872 0.000175868 0.000114063 0.000109753
threshold=0.6954590335867854 1.1502077784534082 -0.45965201522600169 1.1896858418925891 0.98771693108287517 -1.13245582536237 0.18593101696159134 0.75594019017965419 0.6064039477469737 0.55321765034416781 0.77642472388874972 0.82647430278132339 1.9614217879311473 -1.2430451154419193 -1.0759385399474366 1.3222104675278554 -0.55510398360178537 -0.14545329060702225 -0.81472861407128261 0.34385128038555252 -0.22209638886096361 0.2852856882031809 0.39790147967009587 -0.64853201538657168 1.0109251756319197 -0.65578360094895605 -1.4462278875496855 -1.3866788687003904 2.6108352102486179 0.027469078626358716
decision_type=2 2 2 2 2 2 2 2 2 2 2 2 2 2 2 2 2 2 2 2 2 2 2 2 2 2 2 2 2 2
left_child=27 2 6 5 14 -4 7 8 9 -2 -10 17 -13 -7 -5 -16 -6 -9 20 -20 -8 -22 -21 -15 -3 -26 -27 -1 -29 -30
right_child=1 24 3 4 16 13 18 11 10 -11 -12 12 -14 23 15 -17 -18 -19 19 22 21 -23 -24 -25 25 26 -28 28 29 -31
leaf_value=-0.03894006453242075 0.018398699903157265 -0.044774413104552852 0.064196061408545613 0.067407180794452459 -0.051193482233834735 0.049888536299726678 0.031694930276003161 0.0518925455795635 -0.031942970613439294 0.072814330897307253 0.038114734363613831 -0.030207320422889417 0.057772381913654448 -0.043823120433086407 -0.01878695828633619 0.033003375294970293 -0.0077354750200878623 0.075903825629271574 0.010797305775732331 0.038233869301867902 0.056317613754425823 0.044090106942715514 0.045323841501939882 -0.038765929388535431 -0.039294962224126984 -0.039446189126500809 -0.038271251412938842 -0.038083320728059339 -0.039012830963538414 -0.038114740382937849
leaf_weight=0.61823471449315448 29.526896540075541 0.54294702410697837 0.91274236887693305 3.9675373584032121 2.4422086998820305 0.99206541478633603 4.5634044185280791 5.7061309553682804 9.8463637065142375 5.4985970482230178 3.4110547062009564 4.0032941848039609 4.8880592733621597 1.7272011674940557 4.5651399120688465 18.637074152007699 2.270835304632782 5.910561019554736 4.4515229370445004 2.3740818854421359 4.4829708766192224 23.366520315408707 6.1164146959781647 9.3769987765699643 0.9859725534915923 0.56270141713321153 3.8251528292894368 64.883869113400578 0.65374559350311645 0.70925561711192131
leaf_count=16 220 3 10 16 10 4 29 24 82 26 27 54 20 12 74 119 31 21 20 20 18 144 33 328 22 10 158 3429 16 35
internal_value=0.00454031 0.021825 0.0240935 0.00719638 0.020518 -0.0254525 0.0307389 0.0242085 0.0157224 0.0269413 -0.0139175 0.0441878 0.0181599 -0.0322171 0.0293253 0.0228134 -0.0302546 0.0641095 0.0406437 0.0321475 0.0440362 0.0460584 0.0433414 -0.0395525 -0.0391503 -0.0385821 -0.0384219 -0.0381007 -0.0380928 -0.0385455
internal_weight=231.82 164.954 159.038 44.8918 31.8828 13.009 114.146 68.791 48.2829 35.0255 13.2574 20.508 8.89135 12.0963 27.1698 23.2022 4.71304 11.6167 45.3549 12.942 32.4129 27.8495 8.4905 11.1042 5.91677 5.37383 4.38785 66.8651 66.2469 1.363
internal_count=5031 1535 1342 604 250 354 738 474 355 246 109 119 74 344 209 193 41 45 264 73 191 162 53 340 193 190 168 3496 3480 51
is_linear=0
shrinkage=0.05


Tree=128
num_leaves=31
num_cat=0
split_feature=20 38 39 39 0 36 38 5 22 8 36 24 21 1 37 1 39 11 39 22 17 25 16 39 11 9 39 22 6 0
split_gain=170.14 5.59563 5.96212 3.91022 3.20706 1.7484 1.64382 1.07112 0.721974 0.486665 0.284855 0.00454674 0.000912096 0.00140883 0.00214414 0.00158756 0.00258799 0.000856255 0.000730494 0.000418093 0.000333175 0.000368292 0.000151132 0.000137528 0.000132326 9.31269e-05 8.7497e-05 8.10472e-05 7.18258e-05 4.97259e-05
threshold=-1.1586838027550448 -1.2162848747009487 -1.2551262843247548 -0.036305506350934276 -1.2326425409844657 0.55143265421096144 -1.1479698628609787 -1.2085057952819418 -0.34994283340839427 1.0000000180025095e-35 0.72528512574632253 -0.43676604123847612 0.86295960228653812 1.0673779686070748 -0.65107736522906023 0.060272238765407618 0.27204186226388005 -0.34948699303337605 1.1856276624576048 -0.26218071684454686 0.085840869408942033 -0.41833763592926276 -0.79883320159174487 0.2418042422128481 0.40238457659233423 0.27800953755029928 0.92707952421835238 -0.19455246843106319 0.70451226580094539 1.4093141547956864
decision_type=2 2 2 2 2 2 2 2 2 2 2 2 2 2 2 2 2 2 2 2 2 2 2 2 2 2 2 2 2 2
left_child=1 7 4 5 -3 8 -2 9 11 10 17 -4 13 14 15 16 -8 19 24 -1 21 -16 -20 -22 26 -17 -14 -24 -15 -28
right_child=6 2 3 -5 -6 -7 12 -9 -10 -11 -12 -13 18 28 20 25 -18 -19 22 -21 23 -23 27 -25 -26 -27 29 -29 -30 -31
leaf_value=0.041128230435524313 -0.0013528140811565116 0.012032114427554148 0.041691794143558822 -0.016345229181019608 -0.045097263359427583 0.01241796142916547 -0.04185830799575186 0.010852992037381975 0.070122854235873291 0.064851130687544792 0.025759756012521014 0.043943938470780805 -0.038574576379622201 -0.039140510458706861 -0.039110557956239883 -0.039505796883333638 -0.039555384446554848 0.042130901752456928 -0.0394822445601484 0.041790935074856886 -0.039035540898366944 -0.038880551260117302 -0.038957068896761871 -0.03943401255490829 -0.038917357377142671 -0.038985665259800198 -0.038694963233043479 -0.039391905659700438 -0.038707874544614433 -0.039043745140283671
leaf_weight=101.97496559470892 2.9600882194936267 5.0991652458906174 10.17229176312685 3.7454275563359287 4.7401982732117158 4.6999534554779521 1.9443012289702872 2.9871543124318114 2.8113694936037055 2.1319046244025222 3.0878134071826926 2.874250330030919 26.344958510249857 0.99219336546957748 34.519256521016359 1.1730845570564268 3.2746020071208477 2.2436866387724868 2.2069370709359637 2.4368518069386473 3.204248942434786 35.101929413154721 7.4974448569118968 6.6788649521768093 3.9409264698624602 3.2303795143961906 3.078822784125804 1.2502795867621888 28.978397291153669 1.5296237319707868
leaf_count=952 19 29 86 24 28 31 18 20 14 10 25 19 734 20 692 20 58 18 36 20 67 807 160 117 88 68 79 21 720 31
internal_value=-0.00377095 0.035119 0.0173471 0.0306416 -0.0154905 0.0392021 -0.0382831 0.0404017 0.0471404 0.0411907 0.040731 0.042188 -0.0389458 -0.0390188 -0.0391185 -0.0398234 -0.0404133 0.0411645 -0.0387563 0.0411437 -0.0390332 -0.0389946 -0.0391125 -0.0393048 -0.0386445 -0.0391242 -0.0386097 -0.0390192 -0.0387222 -0.0388107
internal_weight=316.911 149.005 34.1427 24.3033 9.83936 20.5579 167.906 114.862 15.8579 111.875 109.743 13.0465 164.946 119.097 89.1267 9.62237 5.2189 106.656 45.849 104.412 79.5043 69.6212 10.9547 9.88311 34.8943 4.40346 30.9534 8.74772 29.9706 4.60845
internal_count=5031 1276 231 174 57 150 3755 1045 119 1025 1015 105 3736 2587 1847 164 76 990 1149 972 1683 1499 217 184 932 88 844 181 740 110
is_linear=0
shrinkage=0.05


Tree=129
num_leaves=31
num_cat=0
split_feature=22 1 37 0 16 16 40 28 0 1 37 16 17 40 20 0 11 39 23 23 8 31 20 17 36 6 13 16 47 19
split_gain=101.02 18.7069 5.20362 9.30456 5.20924 7.40505 5.69431 6.16734 4.83447 4.59174 4.4861 4.39382 3.93459 3.76614 3.6405 3.54729 2.04901 2.00808 2.65478 3.52717 1.85632 1.8084 1.64492 1.43756 1.32841 0.511166 0.473086 0.405565 0.0629202 0.0167797
threshold=-0.20861791131079027 0.90654859328389648 -0.098285831242653582 -1.2472061452249008 -0.63940829689629586 -0.55029385654026686 0.576694512407393 -1.195823455290739 3.8467859583836073 -0.089500637312437306 -0.85638362967944293 -0.17836948540792921 -1.267660320970631 -0.3427924818204009 0.15544723326155735 3.8467859583836073 -0.85419286946963802 1.2689839915512382 0.51759752479510424 0.94521836266946269 2.158848035339759 -0.076055229670042079 -0.034488040425658499 -0.018562052609697597 0.72528512574632253 0.37908013978291344 -0.21100110339894179 -0.098517075383124139 1.0863043768880736 -0.22773945493660522
decision_type=2 2 2 2 2 2 2 2 2 2 2 2 2 2 2 2 2 2 2 2 2 2 2 2 2 2 2 2 2 2
left_child=2 9 3 24 -5 10 7 -7 28 12 -6 -8 -2 20 23 -16 -12 18 21 -20 26 -11 -21 -15 -1 -3 -14 -23 -4 -27
right_child=1 25 8 4 5 6 11 -9 -10 17 16 -13 13 14 15 -17 -18 -19 19 22 -22 27 -24 -25 -26 29 -28 -29 -30 -31
leaf_value=-0.038616398458371497 0.060396940568182927 0.019853669039568055 -0.038842913254819138 -0.038982456878227496 0.1175970889664074 0.014688876734738142 -0.010929263570957564 -0.038909499832725951 0.045560909490511226 0.018338119956028701 0.069406066106643696 0.093604395055213049 -0.063140394227697114 0.0029661746627091231 -0.023230061497267529 0.04907442578630327 -0.002483874389997134 -0.015873093044934224 -0.02415370121932164 0.044954045017162367 0.016714079983723516 0.063889614367172234 0.010016785336280929 0.037934976644337842 0.0045973062245972703 0.044755813168317699 -0.035360588905821222 0.043506698579990705 -0.05273070448531756 0.041534415127132365
leaf_weight=37.312371496111155 2.2660322636365882 2.7614512592554084 80.068824855610728 7.7565176375210276 1.9991491697728632 9.6215617880225235 1.7542646154761312 12.137499962002037 1.7269674092531193 6.8058423213660744 1.6545677483081811 2.3543396517634383 1.9515774324536312 5.12483786419034 13.11662786826491 1.9482764601707465 2.4720582179725201 3.4784250222146502 5.1687562875449684 5.6685223504900923 1.6238083466887463 4.0574615187942991 8.3052190728485566 6.8908675238490122 1.8674017190933216 4.2330312430858603 7.1382367070764294 6.1235883757472012 0.82396773248910804 89.740501441061497
leaf_count=1012 8 14 1983 172 14 66 35 225 9 39 5 10 12 43 143 9 38 25 27 32 12 18 58 36 28 29 114 34 7 774
internal_value=0.000119617 0.0262801 -0.0284462 -0.0192651 -0.00222158 0.00669076 -0.00501516 -0.015209 -0.0372172 0.00833825 0.056122 0.0489713 -0.00359751 -0.00743443 0.00249317 -0.0138792 0.0263403 0.0204104 0.0239036 0.011136 -0.0325282 0.0382915 0.0241893 0.0230204 -0.0365567 0.0410565 -0.0413249 0.0516299 -0.0389844 0.0416795
internal_weight=337.953 176.403 161.549 78.9297 39.75 31.9934 25.8677 21.7591 82.6198 79.6681 6.12578 4.1086 40.0603 37.7942 27.0806 15.0649 4.12663 39.6078 36.1294 19.1425 10.7136 16.9869 13.9737 12.0157 39.1798 96.735 9.08981 10.181 80.8928 93.9735
internal_count=5031 1427 3604 1605 565 393 336 291 1999 610 57 45 377 369 231 152 43 233 208 117 138 91 90 79 1040 817 126 52 1990 803
is_linear=0
shrinkage=0.05


Tree=130
num_leaves=31
num_cat=0
split_feature=37 9 22 40 13 2 20 26 13 25 28 9 11 25 12 24 19 17 39 6 7 15 24 40 7 39 40 42 16 19
split_gain=88.3582 26.557 20.8037 10.3791 7.52221 9.39167 8.65384 6.65035 6.11326 5.27271 4.2193 4.12151 3.93898 3.67556 7.75784 3.40066 3.32847 3.27022 3.48269 2.91195 2.5783 1.41146 2.45529 1.35201 1.34003 1.01838 1.44961 0.142374 0.116877 0.0699481
threshold=-0.73486658700878771 0.6279740506999113 -0.7564949140667182 0.44898798543131052 0.87679238705732743 2.9633395865414327 0.77237329067439819 -0.029619968945307721 0.6064039477469737 0.27947024803884557 0.30704100260063016 -1.1212225276533125 0.050891667326427713 -1.3376848582170384 0.5873803139420859 -0.76861074759179016 0.34385128038555252 -0.44726988784357519 1.3627882152197077 0.45779924592292492 0.97954151091350983 1.2762695935000523 1.8381806813599353 -0.16400334405388545 0.13659696322164558 0.45490165661515586 -0.16400334405388545 0.37266061967312858 -0.69172992135117539 0.25801006069797477
decision_type=2 2 2 2 2 2 2 2 2 2 2 2 2 2 2 2 2 2 2 2 2 2 2 2 2 2 2 2 2 2
left_child=7 2 11 9 6 15 8 25 -5 13 20 29 -8 14 -4 -6 17 18 -13 -15 -11 27 -23 -12 28 -1 -27 -3 -18 -2
right_child=1 21 3 4 5 -7 12 -9 -10 10 23 16 -14 19 -16 -17 24 -19 -20 -21 -22 22 -24 -25 -26 26 -28 -29 -30 -31
leaf_value=-0.039648088918647885 -0.049012488983655289 -0.055250327700292812 -0.058022201110906779 0.0030474831373191046 0.0043437956473377217 -0.044589515976376365 -0.062620405817706185 0.054615351965818952 0.027014107774880058 -0.043776773159910194 0.046625330489955333 -0.013825988937791937 -0.0097365434111985252 0.040301525298358648 0.040999213666159461 0.038551192735753678 -0.040468750687982794 -0.033538362487684104 0.029439578158039961 -0.0020174885469224323 0.016109381762102921 0.027624297556925373 -0.041509246432135272 0.0058547032822309558 0.0038865818378587013 0.0067224606814551661 -0.040109306968415685 -0.039871611674825433 -0.025889899193709716 -0.040404474468310164
leaf_weight=112.55027846246958 3.5927332490682584 1.6232679337263167 3.1554079800844175 81.255569010972977 8.6064631491899473 4.1707799956202498 5.5734340772032729 1.9480249285697926 39.561719171702862 4.8817014582455185 4.8515462279319763 7.7579829618334832 9.5620353743433935 91.9981409907341 5.3008462190628052 46.629434838891029 7.7990066185593561 4.918825849890708 11.61487767845392 4.2528439834713927 2.8445914313197136 2.2299260273575774 3.0285351797938347 3.5005955621600133 2.4063321575522414 2.9397053346037865 3.7733343318104735 20.6536606810987 1.6689271703362489 6.8779884576797485
leaf_count=1751 19 6 12 498 57 27 21 8 274 30 30 38 39 974 55 451 93 31 50 20 17 13 33 17 19 21 25 300 19 83
internal_value=0.000267388 0.0118477 0.0154409 0.0200396 0.012916 0.0277584 0.00643045 -0.0370229 0.0108954 0.0315613 0.00490218 -0.0157335 -0.0292103 0.035655 0.00404988 0.0332212 -0.00773562 0.00286954 0.0121136 0.0384317 -0.0217285 -0.0354922 -0.0121922 0.0295373 -0.029431 -0.0385197 -0.0196012 -0.0409922 -0.0378989 -0.0433581
internal_weight=511.529 390.317 362.782 316.145 195.359 59.4067 135.953 121.211 120.817 120.786 16.0784 46.6367 15.1355 104.707 8.45625 55.2359 36.166 24.2917 19.3729 96.251 7.72629 27.5354 5.25846 8.35214 11.8743 119.263 6.71304 22.2769 9.46793 10.4707
internal_count=5031 3226 2874 2522 1367 535 832 1805 772 1155 94 352 60 1061 67 508 250 119 88 994 47 352 46 47 131 1797 46 306 112 102
is_linear=0
shrinkage=0.05


Tree=131
num_leaves=31
num_cat=0
split_feature=39 20 25 39 37 38 24 38 19 23 5 35 24 24 5 30 37 16 1 46 24 26 22 22 0 17 47 22 19 1
split_gain=63.1888 8.3952 6.57288 6.53993 5.57718 7.05861 5.03888 6.5087 4.64813 4.0422 4.00085 3.09164 2.92466 2.44176 3.68332 1.58214 1.27239 0.999016 0.0303083 0.0128285 0.00875975 0.00674546 0.00157382 0.00105147 0.000245742 0.000252692 0.000145065 0.000108155 0.000104504 9.79985e-05
threshold=0.6954590335867854 1.1502077784534082 -0.45965201522600169 1.0640896638115251 0.043623466047559116 0.98771693108287517 -0.57882197693446613 0.0308214500422502 -0.20865313526502632 0.15941686360292132 0.17256105036632988 -1.0121528093094512 -0.60762469201355251 -0.71933961393189338 0.62954700122992391 1.0620460235873133 2.2825616873050443 -0.87995479027910373 -1.0223370976713291 1.6333297103123912 -0.88732537276129508 1.0109251756319197 -0.57691774373936811 -0.62573259603165476 1.1691632930350424 -1.4462278875496855 -1.3866788687003904 -0.52549195643817959 2.6108352102486179 0.027469078626358716
decision_type=2 2 2 2 2 2 2 2 2 2 2 2 2 2 2 2 2 2 2 2 2 2 2 2 2 2 2 2 2 2
left_child=26 2 6 17 20 11 12 18 10 -10 -9 -6 13 15 -15 -2 -7 -4 -8 22 -5 -3 -19 -20 -23 -26 -1 -22 -28 -30
right_child=1 21 3 4 5 16 7 8 9 -11 -12 -13 -14 14 -16 -17 -18 19 23 -21 27 24 -24 -25 25 -27 28 -29 29 -31
leaf_value=-0.038850485681227842 0.038921018370720678 -0.044472994713220838 0.020899471492604044 -0.04404059396157145 0.073898664821828303 -0.047314028505385908 -0.049347830847653387 0.070210791790239188 -0.012081969512478353 0.037595650713691406 -0.014168799464845547 0.026264479900306489 0.074796657612751463 0.038582310665475551 -0.030815328669273907 0.075483389890831171 0.0064416641876271514 -0.04053303857581278 -0.040865059259619092 -0.046403248234901148 -0.039017901607141213 -0.039512716215285099 -0.03845257420226833 -0.038865696581275866 -0.039283240778407023 -0.038241653545663556 -0.038047458866779939 -0.038300854639242536 -0.038949306799984366 -0.038078926999929354
leaf_weight=0.58131271600723167 36.711654808372259 0.52602140605449577 0.75767150335013855 0.91227649897336993 4.0107802897691753 3.5369999865069977 1.0966189410537484 1.6191583424806584 4.6065618619322768 36.861554250121117 10.611807839944957 22.604153180494908 5.6624764539301387 4.9342915154993516 3.1216235756874084 3.2181802093982688 1.5982127264142034 1.0844187662005413 1.0199547037482264 0.60293351113796223 0.67441969737410579 0.55867166258394707 5.6201836084946981 1.8508954066783179 0.68733549118041937 3.8100898396223788 60.704926354810596 2.3877933714538804 0.62848848849534877 0.666215805336833
leaf_count=16 213 3 7 6 14 47 10 6 24 183 138 160 31 25 36 10 17 18 12 8 14 13 216 50 13 164 3429 97 16 35
internal_value=0.00455891 0.0211589 0.023327 0.00691641 0.0160975 0.0230872 0.0297828 0.0195221 0.024088 0.0320771 -0.00299847 0.0334428 0.040812 0.0368017 0.0116911 0.0418678 -0.0305838 -0.033751 -0.042277 -0.0394173 -0.03974 -0.0390843 -0.0387891 -0.039576 -0.0385237 -0.0384008 -0.0380643 -0.0384588 -0.0380569 -0.0385014
internal_weight=223.268 160.687 155.105 43.7898 35.7246 31.7501 111.315 57.6666 53.6991 41.4681 12.231 26.6149 53.6482 47.9858 8.05592 39.9298 5.13521 8.06521 3.96747 7.30754 3.97449 5.58212 6.7046 2.87085 5.0561 4.49743 62.5809 3.06221 61.9996 1.2947
internal_count=5031 1535 1342 604 355 238 738 423 351 207 144 174 315 284 61 223 64 249 72 242 117 193 234 62 190 177 3496 111 3480 51
is_linear=0
shrinkage=0.05


Tree=132
num_leaves=31
num_cat=0
split_feature=20 38 36 25 17 1 38 16 2 8 36 27 19 1 37 17 40 14 40 21 40 0 40 42 9 25 40 37 25 17
split_gain=157.703 5.486 4.81457 3.28426 2.87098 2.32158 1.60373 0.859495 0.604035 0.447513 0.334956 0.199602 0.0010657 0.00178317 0.0019737 0.00137939 0.00167375 0.000496172 0.000413341 0.000363998 0.00029304 0.000290565 0.000243468 0.000221802 0.000170484 0.000144431 0.000127058 0.000126584 0.000118814 5.88873e-05
threshold=-1.1586838027550448 -1.2162848747009487 0.55143265421096144 0.11290132724361722 0.050492471930623534 -0.47214487688607909 -1.1479698628609787 -0.098517075383124139 -1.2347057828108783 1.0000000180025095e-35 0.72528512574632253 -0.20555759776072041 -0.27854517878572921 0.90654859328389648 -0.65107736522906023 -0.019371411025515279 -0.41941639800605041 -0.24528984971005394 1.1641445364973724 0.74689109995634972 0.44898798543131052 0.2501701438222817 -0.36833378721561738 0.33702433475279531 -0.25357365824051709 0.2130111217635561 0.44898798543131052 -0.20143538216377824 -0.59706038565915642 0.050492471930623534
decision_type=2 2 2 2 2 2 2 2 2 2 2 2 2 2 2 2 2 2 2 2 2 2 2 2 2 2 2 2 2 2
left_child=1 8 4 -4 5 -3 -2 11 9 10 17 -7 18 14 15 16 -14 22 19 26 23 -22 -1 -16 -15 -17 28 -28 -8 -20
right_child=6 2 3 -5 -6 7 12 -9 -10 -11 -12 -13 13 24 20 25 -18 -19 29 -21 21 -23 -24 -25 -26 -27 27 -29 -30 -31
leaf_value=0.040839337549427424 -0.0013873428429572606 -0.0015657358868301512 0.016277186228331408 -0.043493351275630775 -0.0078742569971111519 0.042262411104537573 -0.039146003001240506 0.070743479850145244 0.022947380395989186 0.063844893268361513 0.022964726852333486 0.025960161635348533 -0.041942655289235645 -0.039261337911981796 -0.038777472526480887 -0.039673793002582614 -0.039715025254801785 0.041557439236125066 -0.03887900461300603 -0.038504345228872375 -0.038860805140019862 -0.039173024857096922 0.041383626512681106 -0.039324426813152097 -0.038626831080183735 -0.03903037611595106 -0.039430205184477415 -0.038865439083584308 -0.038622166755979848 -0.039203849973219108
leaf_weight=93.440481036901474 2.9084291718900195 3.2682550102472332 4.5400194786488992 4.6545327752828598 4.3964885398745528 11.272579915821556 1.2296469435095794 2.6385791860520831 4.9283956587314597 2.0760724470019332 2.6834989339113227 2.2528873533010492 1.4003618434071543 1.0990018621087099 15.093938214704396 1.2967115901410573 2.1194405630230904 2.5542087629437438 15.802210975438358 26.89606873318553 10.044589273631571 28.869132731109858 2.1007678508758536 2.1130273565649977 28.829764936119318 2.6642175987362862 1.1894728709012268 5.9811638593673697 9.0438053980469704 1.5302045010030259
leaf_count=934 19 26 30 32 22 92 25 13 37 10 23 16 13 21 379 20 37 22 357 798 232 565 19 39 765 56 20 135 245 29
internal_value=-0.00390024 0.0345841 0.0167541 -0.0139803 0.0286132 0.0368683 -0.0381727 0.0446394 0.0400469 0.0408663 0.0403929 0.039547 -0.038862 -0.0389684 -0.0391182 -0.039881 -0.0406013 0.0408697 -0.0387006 -0.0386197 -0.0390165 -0.0390924 0.0408513 -0.0388446 -0.0386501 -0.039241 -0.0387976 -0.0389591 -0.0386849 -0.0389077
internal_weight=298.918 140.807 33.0233 9.19455 23.8288 19.4323 158.111 16.164 107.783 102.855 100.779 13.5255 155.203 93.5302 63.6014 7.48073 3.5198 98.0955 61.6726 44.3402 56.1207 38.9137 95.5412 17.207 29.9288 3.96093 17.4441 7.17064 10.2735 17.3324
internal_count=5031 1276 231 62 169 147 3755 121 1045 1008 998 108 3736 2127 1341 126 50 975 1609 1223 1215 797 953 418 786 76 425 155 270 386
is_linear=0
shrinkage=0.05


Tree=133
num_leaves=31
num_cat=0
split_feature=22 1 37 0 16 16 0 16 25 1 37 25 37 0 24 29 29 39 23 23 18 31 34 20 36 11 6 1 47 19
split_gain=92.6268 17.803 5.26298 8.95804 4.94068 6.54942 4.49974 4.1331 4.46251 4.12265 3.67613 3.2682 2.5756 3.76865 3.19204 2.7081 2.11629 1.84364 2.46769 3.27797 1.83495 1.74678 1.64819 1.52116 1.34574 0.693097 0.507146 0.249005 0.0577559 0.0150947
threshold=-0.20861791131079027 0.90654859328389648 -0.098285831242653582 -1.2472061452249008 -0.63940829689629586 -0.55029385654026686 3.8467859583836073 -0.36445728518806092 -0.17529061491686107 -0.089500637312437306 -0.85638362967944293 -1.1343059037726935 -0.44760824083449363 3.8467859583836073 -0.55276360408083314 -0.4097561386350555 -0.16837194976701916 1.2689839915512382 0.51759752479510424 0.94521836266946269 0.58034868158067254 0.027667354125369061 0.51397063759567507 -0.034488040425658499 0.72528512574632253 -0.15446601376833261 0.37908013978291344 0.19816484890500916 1.1558500200207382 -0.22773945493660522
decision_type=2 2 2 2 2 2 2 2 2 2 2 2 2 2 2 2 2 2 2 2 2 2 2 2 2 2 2 2 2 2
left_child=2 9 3 24 -5 10 28 25 -9 11 -6 -2 15 14 -14 -13 -17 18 21 -20 -12 22 -11 -21 -1 -7 -3 -23 -4 -28
right_child=1 26 6 4 5 7 -8 8 -10 17 20 12 13 -15 -16 16 -18 -19 19 23 -22 27 -24 -25 -26 -27 29 -29 -30 -31
leaf_value=-0.03853697258550963 0.050503385923601242 0.019413077357068199 -0.038768236550664109 -0.038892767315153641 0.10680239100932348 -0.039536370181494335 0.044927550173810844 -0.033406533758585787 0.024506187483406765 9.4772802127593886e-05 -0.016830455639374162 -0.041745807428700606 0.043058865081606307 0.047955141080284203 -0.041818195925654257 0.047631761252012753 0.0027576641632409515 -0.015547041034890761 -0.023540238989537277 0.043932379734672698 0.052037430401583665 0.063306728102582061 0.04461848714602578 0.0097454948527344858 0.0053219323653086563 0.0060505957709023027 0.044365629415439117 0.045782022119182551 -0.052692904519270146 0.041227965166235558
leaf_weight=34.779705367982388 2.6204597875475875 2.7104970067739478 75.530119653791189 7.2936858907341948 2.0948296040296555 7.0694037191569805 1.6349574774503697 4.5089381225407186 12.682930082082743 4.4428895488381404 1.5814251042902494 2.9019848890602615 1.2294311746954889 1.6071173101663596 11.188795907422898 3.1383079960942331 16.138379886746403 3.3946147523820391 5.1161112040281322 5.4262242168188086 2.4904272817075253 3.5696200095117074 3.905911099165678 8.1274345964193326 1.8415895663201798 0.94526886194944548 4.0161585584282866 4.6902976483106613 0.75208966806530853 84.10221429169178
leaf_count=1012 11 14 1984 172 14 140 9 81 101 28 29 38 6 8 187 26 101 25 27 32 14 17 19 58 28 14 29 27 6 774
internal_value=9.28186e-05 0.0256956 -0.0280369 -0.0186093 -0.00182472 0.0067929 -0.0371464 -0.00450664 0.00931733 0.0080917 0.0529802 -0.00341805 -0.0073209 -0.0240912 -0.0334152 0.00328431 0.0100633 0.0196465 0.0230329 0.0105603 0.0252905 0.0370534 0.0209248 0.0234323 -0.0363314 -0.0341597 0.0407157 0.0533555 -0.0389055 0.041371
internal_weight=321.532 168.326 153.205 75.2882 38.6669 31.3732 77.9172 25.2065 17.1919 77.4976 6.16668 38.8245 36.204 14.0253 12.4182 22.1787 19.2767 38.6731 35.2785 18.6698 4.07185 16.6087 8.3488 13.5537 36.6213 8.01467 90.8289 8.25992 76.2822 88.1184
internal_count=5031 1427 3604 1605 565 393 1999 336 182 610 57 377 366 201 193 165 127 233 208 117 43 91 47 90 1040 154 817 44 1990 803
is_linear=0
shrinkage=0.05


Tree=134
num_leaves=31
num_cat=0
split_feature=37 9 22 40 13 0 20 26 13 14 4 9 39 11 24 19 27 11 5 15 24 7 9 39 24 37 42 16 46 19
split_gain=81.38 24.1805 18.5957 9.96193 7.08006 8.73715 7.70385 6.26601 5.68815 4.31344 4.26281 3.95969 3.84098 3.39911 3.23282 3.16792 2.46957 3.48572 2.35232 1.39206 2.30974 1.256 1.1302 1.0555 1.45334 0.798486 0.118052 0.117583 0.058547 0.0583951
threshold=-0.73486658700878771 0.6279740506999113 -0.7564949140667182 0.44898798543131052 0.87679238705732743 1.8346308418990052 0.77237329067439819 -0.029619968945307721 0.6064039477469737 0.069015071608312314 0.73729483125085815 -1.1212225276533125 1.2824749250822445 -0.90480988891854508 -0.76861074759179016 0.34385128038555252 -0.62971606047636242 0.35672279638649634 0.58821905902430272 1.2762695935000523 1.8381806813599353 0.13659696322164558 -1.5299774921725329 0.45490165661515586 1.3737311017882654 0.849881695607134 0.37266061967312858 -0.69172992135117539 0.49329109015354994 0.25801006069797477
decision_type=2 2 2 2 2 2 2 2 2 2 2 2 2 2 2 2 2 2 2 2 2 2 2 2 2 2 2 2 2 2
left_child=7 2 11 9 6 14 8 23 -5 13 18 29 -8 -4 -6 16 17 -13 -11 26 -21 27 -15 -1 -25 -18 -3 -17 -12 -2
right_child=1 19 3 4 5 -7 12 -9 -10 10 28 15 -14 22 -16 21 25 -19 -20 20 -22 -23 -24 24 -26 -27 -28 -29 -30 -31
leaf_value=-0.039502895139713237 -0.048284674503794353 -0.05394378696913206 -0.022375417545279188 0.0028030990877856818 0.0043146232438738292 -0.044179624466323578 -0.052679385220139818 0.052718325424722358 0.026240413181810935 0.0087978899614307212 0.04257197879526925 0.035314233187555139 -0.0020718176828446342 0.0060190981463452402 0.038082473028834947 -0.040260622582588328 0.0024313988597395812 -0.015129897384769334 -0.037213262035747791 0.026590301996654915 -0.041310780023847485 0.003437428088359621 0.038945143867986226 0.0076634281895551415 -0.039656060248671465 -0.027965462974890033 -0.039698507440911315 -0.025288204466850824 0.052136617066887075 -0.040201210579333603
leaf_weight=105.27221530675888 3.4184966981410962 1.5730425119400084 2.4023843929171553 79.960800051689148 8.4470144137740117 3.9811514765024176 7.5801248401403409 1.9239550009369839 38.28173254430294 15.052111651748424 4.7079384773969641 8.9785216078162211 7.418858602643013 2.6899893134832373 44.050192207098007 7.317870050668712 3.3977806679904443 5.5362782776355735 3.4065403118729582 2.2264204770326605 2.8628450147807598 2.3608249127864829 83.724945522844791 2.8935393728315821 3.6944485753774643 5.932936355471611 19.276269540190697 1.5975605547428156 2.4235925078392029 6.4490510299801826
leaf_count=1751 19 6 15 498 57 27 31 8 274 87 41 42 29 23 451 93 20 26 16 13 33 19 959 21 25 31 300 19 14 83
internal_value=0.000289339 0.011526 0.0149866 0.0194249 0.0123976 0.0272334 0.00610905 -0.0367491 0.0103911 0.031078 0.012991 -0.0150164 -0.0276477 0.0362893 0.0326491 -0.00715385 0.00317252 0.0160737 0.000306542 -0.0350505 -0.0116058 -0.0289907 0.0379202 -0.0382879 -0.0188727 -0.0168964 -0.0407733 -0.0375777 0.0458224 -0.0430016
internal_weight=488.839 375.055 349.117 304.127 189.72 56.4784 133.242 113.784 118.243 114.408 25.5902 44.9893 14.999 88.8173 52.4972 35.1218 23.8455 14.5148 18.4587 25.9386 5.08927 11.2763 86.4149 111.86 6.58799 9.33072 20.8493 8.91543 7.13153 9.86755
internal_count=5031 3226 2874 2522 1367 535 832 1805 772 1155 158 352 60 997 508 250 119 68 103 352 46 131 982 1797 46 51 306 112 55 102
is_linear=0
shrinkage=0.05


Tree=135
num_leaves=31
num_cat=0
split_feature=39 20 24 38 23 21 38 25 40 20 37 19 15 24 24 30 39 30 4 46 0 8 22 12 17 6 8 19 9 22
split_gain=58.5779 7.76557 6.01743 8.72023 5.60845 5.90213 7.95227 4.07797 3.90533 3.7523 3.82202 3.7519 2.92548 2.57861 2.34031 3.39161 1.97329 1.55418 0.54911 0.0474344 0.00595142 0.00566948 0.00166957 0.000253612 0.000165351 0.000154998 0.000110441 9.22043e-05 8.60604e-05 5.4805e-05
threshold=0.6954590335867854 1.1502077784534082 -0.57882197693446613 0.0308214500422502 0.5425041880443896 0.47794464698665501 0.75594019017965419 -0.42833680455501466 1.342933674263888 0.83083728762865594 0.043623466047559116 -0.22773945493660522 -0.51898931838417572 -0.60762469201355251 -0.71933961393189338 0.73616866999177211 1.4820415717977673 1.0435336040413088 1.0679763756894818 -1.6057211928447785 1.0434407503063887 -0.74992771589308871 -0.62573259603165476 -0.16859016885015368 -1.4462278875496855 -1.0643699961557973 -0.70771334131026642 2.6108352102486179 0.21629117315501026 -0.38321115807146472
decision_type=2 2 2 2 2 2 2 2 2 2 2 2 2 2 2 2 2 2 2 2 2 2 2 2 2 2 2 2 2 2
left_child=25 2 7 19 5 8 -7 13 -5 10 21 -6 -12 14 17 -16 -13 -2 -11 -4 -3 -9 -21 -24 -22 -1 -26 29 -29 -27
right_child=1 20 3 4 11 6 -8 9 -10 18 12 16 -14 -15 15 -17 -18 -19 -20 22 24 -23 23 -25 26 27 -28 28 -30 -31
leaf_value=-0.039155745050299541 0.037963256946917871 -0.043673367814852183 -0.052078500500049543 0.054068404477085996 -0.0099956527405775496 -0.035491592202228771 0.020107309392182859 -0.04404235018614501 -0.0096136942260623692 -0.048088880539786695 0.043135949467269057 0.045710715534907673 -0.0073363911751968356 0.072411315166018411 0.037287922671402969 -0.030324108082359996 0.0080369874018449815 0.070296886739338468 -0.0074681365027824444 -0.040759802709507575 -0.039140274540178065 -0.038629179122815688 -0.039014289674341639 -0.038304401187032079 -0.038872516342197669 -0.037964869215468572 -0.038177531986839805 -0.038908393269236841 -0.038066763893909339 -0.038062948945223218
leaf_weight=0.30467691086232562 35.666591357439756 0.6097351685166349 0.78725455701351155 7.9665332352742535 4.3032269086688748 13.183956418186428 12.556522069498895 0.77969393879175219 3.4501050673425198 2.18995763733983 12.646502938121563 23.679457629099492 3.7141576707363084 5.5534378141164771 4.8583411090075961 3.0002224929630756 4.0737544149160376 4.1487840116024008 1.3416560934856532 1.1584447547793386 0.68240071460604657 1.2741714296862543 2.4824637230485673 2.5510409148409958 0.69151716679334629 27.40395894926041 3.2973707551136617 0.56347986310720333 0.65893299970775843 29.656999113038186
leaf_count=7 215 4 5 44 36 185 153 5 38 23 82 124 51 31 32 29 19 13 25 14 14 47 65 106 21 1744 154 15 36 1694
internal_value=0.00462084 0.0205731 0.0226525 0.0127502 0.0181216 0.00490156 -0.00836976 0.0326891 0.0348237 0.0145528 0.0236069 0.0334451 0.0316778 0.0401669 0.0364108 0.0114752 0.0401808 0.0413324 -0.0326571 -0.0405182 -0.0390275 -0.0406841 -0.0390484 -0.0386545 -0.0384211 -0.0380309 -0.038298 -0.0380251 -0.0384547 -0.0380158
internal_weight=215.235 156.647 151.366 76.1928 69.2136 37.1571 25.7405 75.1735 11.4166 21.9461 18.4145 32.0564 16.3607 53.2274 47.6739 7.85856 27.7532 39.8154 3.53161 6.9792 5.28102 2.05387 6.19195 5.0335 4.67129 58.588 3.98889 58.2834 1.22241 57.061
internal_count=5031 1535 1342 789 599 420 338 553 82 233 185 179 133 320 289 61 143 228 48 190 193 52 185 171 189 3496 175 3489 51 3438
is_linear=0
shrinkage=0.05


Tree=136
num_leaves=31
num_cat=0
split_feature=20 36 27 5 39 39 13 20 10 31 22 14 21 0 40 11 23 19 1 37 17 40 14 13 40 40 29 17 8 13
split_gain=146.294 5.23187 4.24813 2.37283 4.60116 2.00943 1.56071 1.31238 2.67014 1.21996 0.228256 0.135466 0.0747551 0.00627602 0.00468358 0.0040737 0.00295732 0.000932778 0.00160306 0.00161412 0.00108786 0.000382062 0.000352019 0.00031442 0.000267991 0.000154119 0.000125884 4.60233e-05 3.54522e-05 1.46259e-05
threshold=-1.1586838027550448 0.55143265421096144 -0.38513674036508061 -1.2085057952819418 -1.3109826500800097 -0.13569891178321034 -1.2242149254300472 -1.0603712108618153 -1.105363885010082 -0.34700289511043775 -0.36536309577023873 -0.13442720815526429 -1.0909096620032308 -1.184790698480179 -0.18954464944910196 -0.23972845533343509 -0.5875832922013281 -0.27854517878572921 0.90654859328389648 -0.65107736522906023 -0.019371411025515279 1.1641445364973724 -0.31347091079868983 0.67236684173257666 0.44898798543131052 0.44898798543131052 -0.21300729559950946 0.050492471930623534 -0.79153239212769855 0.82657739118540441
decision_type=2 2 2 2 2 2 2 2 2 2 2 2 2 2 2 2 2 2 2 2 2 2 2 2 2 2 2 2 2 2
left_child=1 3 6 11 -5 10 -3 8 14 -4 16 12 15 -9 -2 22 -6 21 19 20 -19 23 -1 25 -21 -15 -20 28 -23 -25
right_child=7 2 9 4 5 -7 -8 13 -10 -11 -12 -13 -14 17 -16 -17 -18 18 26 24 -22 27 -24 29 -26 -27 -28 -29 -30 -31
leaf_value=0.040583876779967352 -0.03874147389136387 0.045446776159249531 -0.0037645059278654173 -0.023703812781590033 0.041203235944519273 0.0045100373458203096 0.00066912733003344994 -0.042688711733548539 0.048041576506218715 -0.048116582499866729 0.05910187366359794 0.053794733364197961 0.031102978078667871 -0.038587915653094614 -0.043273430057949841 0.042913374176656666 0.043301387105837773 -0.040401454689278929 -0.039083634677117299 -0.038766942466364654 -0.039150594783378498 -0.039011844598948957 0.040957180476420406 -0.038502730267776342 -0.039011290326537371 -0.038906664876034287 -0.038543527312553477 -0.039100420585214318 -0.038776320561832119 -0.038415620834459624
leaf_weight=85.938385546207428 1.3764755334705117 5.3086213320493689 3.1566374525427818 4.3465345129370716 6.6411469727754584 4.0856275036931011 3.0721544399857512 1.0361291654407967 1.3298637010157097 3.0471026450395575 2.4031661078333864 1.940594121813773 2.0917657986283293 8.9502029400318843 0.97313762456178698 1.9623957276344288 2.2478953227400771 3.3182002175599337 1.1259742416441465 16.154234124347568 3.6503961011767379 1.8181378319859511 6.815994679927825 6.4482434764504459 36.746964173391461 6.5804643612354985 25.760648000985384 1.4439931213855732 13.181839419528842 19.068647660315037
leaf_count=919 35 39 24 18 62 26 24 10 9 20 13 13 20 254 11 15 16 50 24 417 74 38 67 192 794 147 735 29 319 617
internal_value=-0.00402962 0.0340736 0.00581549 0.0375522 0.0217194 0.0345583 0.0290326 -0.0380644 -0.0085743 -0.025549 0.04543 0.0407147 0.0404525 -0.0388112 -0.0406185 0.040659 0.0417338 -0.0387834 -0.0388869 -0.0390309 -0.0397462 -0.0386272 0.0406113 -0.0385456 -0.0389367 -0.038723 -0.0385661 -0.0388308 -0.0388049 -0.0384376
internal_weight=282.022 133.058 14.5845 118.474 19.7244 15.3778 8.38078 148.964 3.67948 6.20374 11.2922 98.7491 96.8085 145.284 2.34961 94.7168 8.88904 144.248 86.7564 59.8698 6.9686 57.4915 92.7544 41.0476 52.9012 15.5307 26.8866 16.444 15 25.5169
internal_count=5031 1276 107 1169 135 117 63 3755 55 44 91 1034 1021 3700 46 1001 78 3690 2094 1335 124 1596 986 1210 1211 401 759 386 357 809
is_linear=0
shrinkage=0.05


Tree=137
num_leaves=31
num_cat=0
split_feature=22 1 37 0 39 16 16 39 0 1 25 11 37 0 24 33 33 33 39 23 23 27 34 34 31 6 34 9 19 19
split_gain=84.8486 16.9347 5.34636 8.67545 4.74734 4.58106 5.42099 6.18446 4.19196 3.68743 2.98553 2.47208 2.43774 3.46868 3.2954 2.7704 3.39268 2.36266 1.71932 2.31818 3.34282 1.72452 1.46064 1.36479 0.622438 0.507336 0.0499325 0.0153143 0.00165172 0.00124755
threshold=-0.20861791131079027 0.90654859328389648 -0.098285831242653582 -1.2472061452249008 0.86366015135609786 -0.63940829689629586 -0.55029385654026686 0.2418042422128481 3.8467859583836073 -0.089500637312437306 -1.1343059037726935 -0.72433987714505343 -0.44760824083449363 3.8467859583836073 -0.57882197693446613 0.027861061436313676 1.1823732605356285 -0.29312858785972634 1.2689839915512382 0.5425041880443896 0.94521836266946269 -0.12040586997946898 0.59096180312968138 0.31260912773749516 -1.0000000180025095e-35 0.37908013978291344 2.4387497759459031 -0.22768931577469295 -0.22773945493660522 -0.27854517878572921
decision_type=2 2 2 2 2 2 2 2 2 2 2 2 2 2 2 2 2 2 2 2 2 2 2 2 2 2 2 2 2 2
left_child=2 9 3 23 5 -5 11 -8 26 10 -2 -7 15 14 -14 17 -17 -12 19 21 -21 -11 -22 -1 -23 -3 29 -27 -29 -4
right_child=1 25 8 4 -6 6 7 -9 -10 18 12 -13 13 -15 -16 16 -18 -19 -20 20 22 24 -24 -25 -26 27 -28 28 -30 -31
leaf_value=-0.038470300478348408 0.048955029620784157 0.01886653846318169 -0.038514806534179151 -0.03877788708532473 -0.039080352007502615 0.098483634404594012 -0.013152138740279385 0.049489183651829166 0.044361383357864659 0.0036781364771755077 -0.0053742867349139854 0.031300830652579353 0.048324329104065318 0.047130227172616113 -0.041682441758157426 -0.04757832138199284 0.0057535581395514292 0.05506762247092209 -0.015424596595125557 -0.026273071174062926 0.035342003236079063 0.03185685694443216 0.00086053466370229032 0.0062931038721503636 0.053659650850303491 0.045774916805123154 -0.051883659795064221 0.042178185563140229 0.040940706576867603 -0.038936811802268913
leaf_weight=32.433277098461986 2.5599656812846652 2.6524546965956679 40.213875195011497 4.6395084559917477 6.8221048675477496 2.2870219498872757 15.160492710769178 5.3238973766565314 1.5467501580715168 3.3538348786532906 2.7514617182314396 3.4121259208768633 1.1245147585868789 1.5227300077676762 10.631167072802784 4.0689070317894211 11.163395479321478 3.9208127763122347 3.3262049332261077 4.7365283407270935 8.3651214838027936 5.9644936360418805 4.8529669214040032 1.7971301302313794 7.2555679827928516 1.7027550488710392 0.72536823526024719 2.792970545589923 78.064181245863438 31.023774484172463
leaf_count=1010 11 14 1241 120 155 15 186 58 9 23 35 31 5 8 188 30 78 22 25 24 52 31 38 30 40 12 7 23 768 742
internal_value=8.15472e-05 0.0251079 -0.0275999 -0.0179033 -0.00133886 0.00701451 0.0151286 0.00312835 -0.037081 0.00788124 -0.00317785 0.0582607 -0.00697112 -0.0238752 -0.0330727 0.00327604 -0.00849264 0.030143 0.0189077 0.022215 0.00976758 0.0356993 0.0226823 -0.0361202 0.0438229 0.0403908 -0.0388315 0.0410823 0.0409835 -0.0386986
internal_weight=306.195 160.81 145.385 71.8756 37.6452 30.823 26.1835 20.4844 73.5098 75.5977 37.743 5.69915 35.183 13.2784 11.7557 21.9046 15.2323 6.67227 37.8547 34.5285 17.9546 16.5739 13.2181 34.2304 13.2201 85.2124 71.963 82.5599 80.8572 71.2376
internal_count=5031 1427 3604 1605 565 410 290 244 1999 610 377 46 366 201 193 165 108 57 233 208 114 94 90 1040 71 817 1990 803 791 1983
is_linear=0
shrinkage=0.05


Tree=138
num_leaves=31
num_cat=0
split_feature=32 9 22 40 22 41 38 39 25 25 4 18 10 25 6 41 39 7 36 38 15 24 11 10 30 15 19 22 42 9
split_gain=73.2547 22.2494 15.2766 9.85648 6.85065 7.8438 6.05973 5.61236 5.43553 4.37323 7.2061 3.61316 3.49732 2.95517 2.82267 2.52857 2.50782 2.8809 2.35114 2.19439 1.37069 2.1744 1.25608 1.13751 0.448177 0.144267 0.106712 0.155547 0.0975928 0.00270387
threshold=-0.41550644837315304 0.6279740506999113 -0.83090017290929874 0.44898798543131052 -0.028276873886959878 1.0782150706355909 1.0000000180025095e-35 0.40100575111340181 0.27947024803884557 -1.3376848582170384 0.59127577282345534 0.44215162400954983 -0.79346654173819486 -0.81472861407128261 0.45779924592292492 0.36697619415883242 0.6954590335867854 0.5219112689110289 1.0000000180025095e-35 -0.43808146020457756 1.2762695935000523 1.8381806813599353 0.33886352304489215 1.6089172775964908 -0.31874539620118814 0.21543224553446091 0.23778565628788331 -0.90495794483215641 0.37266061967312858 1.0850902257024664
decision_type=2 2 2 2 2 2 2 2 2 2 2 2 2 2 2 2 2 2 2 2 2 2 2 2 2 2 2 2 2 2
left_child=7 2 13 8 5 6 -5 24 9 10 -4 18 -9 26 -11 -15 -14 19 -10 -18 28 -22 -17 -7 -1 -6 -2 -28 -3 -30
right_child=1 20 3 4 25 23 -8 12 11 14 -12 -13 16 15 -16 22 17 -19 -20 -21 21 -23 -24 -25 -26 -27 27 -29 29 -31
leaf_value=-0.039327202634229896 -0.046824121300167193 -0.052738486999054361 -0.053169372282652574 0.044548486498177997 -0.045299522660204983 0.037534029078112582 0.005578742926641983 -0.040538582122585008 0.0072369471245018087 0.039889704498995003 0.040608739442650393 0.044682022483237278 0.045443565053402545 -0.041218251656358007 -0.0025197483806669199 0.027668126925109338 0.035600522445968813 -0.052304816369774756 -0.037896479649601959 -0.023655642363041365 0.025637067137977556 -0.041126105287436682 -0.012798468188697704 -0.0027376838101221381 -0.0070791791096028595 -0.030219202689589986 -0.039767867814689099 -0.023194074073483784 -0.041632877955159242 -0.039358771137005533
leaf_weight=96.568180993199348 3.5928210243582752 1.520172968506819 3.6158816739916784 10.723742380738257 3.8271111324429503 30.891213856637478 142.98610150068998 5.7444990202784565 7.3519698418676871 82.31761658936739 4.7258375659584999 3.9340088590979567 3.1220110878348342 3.29537260904908 4.1198722645640364 4.6322708278894424 3.7696962952613831 2.4886697977781296 4.7496560737490654 2.668269429355858 2.2203998267650595 2.7056774497032166 3.2722253277897835 1.8589786142110813 1.0895711667835701 2.7081963941454887 7.6135173738002768 1.7390074431896199 1.4203684031963373 16.388588815927505
leaf_count=1730 23 6 16 68 25 344 911 69 39 977 55 30 14 37 20 21 36 12 30 28 13 33 20 16 13 19 111 18 17 280
internal_value=0.000302251 0.011632 0.0150496 0.0180918 0.0112676 0.0130312 0.00829751 -0.0342618 0.0299769 0.0345318 -4.12208e-05 0.00305507 -0.00843496 -0.0232295 0.0378683 -0.00442351 0.00687126 -0.00661905 -0.0104771 0.0110413 -0.0345777 -0.011033 0.0109162 0.0352481 -0.0389674 -0.0390503 -0.0394998 -0.0366861 -0.0405782 -0.0395401
internal_weight=467.662 352.211 327.955 303.81 192.995 186.46 153.71 115.451 110.815 94.7792 8.34172 16.0356 17.7931 24.1452 86.4375 11.1999 12.0486 8.92664 12.1016 6.43797 24.2552 4.92608 7.9045 32.7502 97.6578 6.53531 12.9453 9.35252 19.3291 17.809
internal_count=5031 3129 2780 2550 1383 1339 979 1902 1167 1068 71 99 159 230 997 78 90 76 69 64 349 46 41 360 1743 44 152 129 303 297
is_linear=0
shrinkage=0.05


Tree=139
num_leaves=31
num_cat=0
split_feature=39 20 24 38 21 17 38 25 20 37 15 24 24 24 5 30 4 3 46 0 14 22 12 6 34 19 1 17 22 1
split_gain=54.3706 7.19904 5.59959 8.17736 5.45307 4.94528 8.55677 3.75837 3.52454 3.56393 2.72813 2.39108 2.21039 2.16606 3.13294 1.41852 0.538145 0.451468 0.0429278 0.00546795 0.00475013 0.00147738 0.000234912 0.000144133 0.000141764 7.96217e-05 7.47233e-05 6.44799e-05 4.92303e-05 6.41241e-05
threshold=0.6954590335867854 1.1502077784534082 -0.57882197693446613 0.0308214500422502 0.29181945271292586 -0.97834703444034221 0.6986189845473435 -0.42833680455501466 0.83083728762865594 0.043623466047559116 -0.51898931838417572 -0.60762469201355251 -0.26450564669738152 -0.71933961393189338 0.62954700122992391 1.0435336040413088 1.0679763756894818 -0.20316388572752656 -1.6057211928447785 1.0434407503063887 -0.67917382215662736 -0.62573259603165476 -0.16859016885015368 -1.0643699961557973 -1.096921441269749 2.6108352102486179 0.027469078626358716 -1.3920717460936121 -0.38321115807146472 0.90654859328389648
decision_type=2 2 2 2 2 2 2 2 2 2 2 2 2 2 2 2 2 2 2 2 2 2 2 2 2 2 2 2 2 2
left_child=23 2 7 18 17 12 -7 11 9 20 -11 13 -6 15 -15 -2 -10 -5 -4 -3 -9 -20 -23 -1 -21 28 -27 -26 -25 -30
right_child=1 19 3 4 5 6 -8 8 16 10 -12 -13 -14 14 -16 -17 -18 -19 21 24 -22 22 -24 25 27 26 -28 -29 29 -31
leaf_value=-0.039106891023352339 0.037020422205286396 -0.043471950460265238 -0.051566147892057462 0.0652678704260167 0.014067959674813802 -0.026922650535649552 0.023002975079183446 -0.043648364697026487 -0.047645509908528838 0.042219209973128467 -0.0067942922086328744 0.070529492808289171 0.044497679642508142 0.03636823384957804 -0.029386387039449333 0.068106397999501717 -0.0070470729000138956 0.0432784211232271 -0.040630597194511633 -0.039018764405179623 -0.038581190529090183 -0.038960595084973751 -0.038260075948803103 -0.037934961330463916 -0.038785643185294649 -0.038812260147977506 -0.038006776828783312 -0.038166241370654157 -0.038096903629595447 -0.037943561915684411
leaf_weight=0.29241115972399612 34.270861815661192 0.59679319709539314 0.766819268465042 4.0486143585294485 11.884527256712319 16.067426282912493 18.42252211086452 0.7493690401315688 2.1207198016345497 12.342341769486671 3.6872059926390603 5.4480691775679579 11.98701862990856 4.7420591507107011 2.931280517950654 4.1099441349506369 1.3269905271008609 5.5122471675276739 1.1142017133533952 0.71018036827445019 1.2081765132024944 2.385134050622582 2.4019367974251504 25.615674215368923 0.48349053878337134 0.56966387853026279 0.58218242973089218 3.2079199180006985 15.869387469254439 11.952896033413706
leaf_count=7 215 4 5 18 84 220 190 5 23 82 51 31 51 25 36 13 25 36 14 20 47 65 106 1744 13 16 35 156 903 791
internal_value=0.00467734 0.0200335 0.022033 0.0124004 0.0175875 0.0118534 -0.000255288 0.031884 0.0142906 0.0231672 0.0309449 0.0392062 0.0293481 0.0355007 0.0112494 0.0403492 -0.0320196 0.05259 -0.0404369 -0.0389808 -0.040521 -0.0389908 -0.0386091 -0.0379998 -0.0383718 -0.0379938 -0.0384051 -0.0382474 -0.037985 -0.038031
internal_weight=207.408 152.526 147.527 74.5904 67.9224 58.3615 34.4899 72.937 21.4348 17.9871 16.0295 51.5022 23.8715 46.0541 7.67334 38.3808 3.44771 9.56086 6.66809 4.99838 1.95755 5.90127 4.78707 54.8822 4.40159 54.5898 1.15185 3.69141 53.438 27.8223
internal_count=5031 1535 1342 789 599 545 410 553 233 185 133 320 135 289 61 228 48 54 190 193 52 185 171 3496 189 3489 51 169 3438 1694
is_linear=0
shrinkage=0.05


Tree=140
num_leaves=19
num_cat=0
split_feature=38 39 42 13 19 25 36 7 21 12 19 19 1 39 13 40 38 9
split_gain=138.966 6.4139 5.75 3.07606 1.76047 3.40059 0.635729 1.25985 0.625414 0.00833129 0.000899795 0.000707547 0.00142613 0.00063305 0.000394107 0.000263048 0.000211506 9.6077e-05
threshold=-1.1479698628609787 0.67671525665394505 0.41778468163674881 -1.2277804872671068 -0.50150183255474701 0.11390313780168093 1.3679814113296385 0.49678165684018361 -1.0840821030426315 -1.1963109105964356 4.0772924754326292 -0.27854517878572921 0.98031893279753557 -0.89472970301007171 0.66434432759919237 1.1641445364973724 -1.0931826343640865 -0.14036718810525298
decision_type=2 2 2 2 2 2 2 2 2 2 2 2 2 2 2 2 2 2
left_child=1 2 4 -2 6 -6 7 8 -1 -5 11 14 13 -13 16 -16 -11 -14
right_child=3 -3 -4 9 5 -7 -8 -9 -10 10 -12 12 17 -15 15 -17 -18 -19
leaf_value=0.040065850954089668 0.017228018215538161 -0.05499169635772079 -0.031734803812178851 -0.042785690613715219 0.046521732712435572 -0.015087265228455049 0.067196392825706067 -0.003019830757938042 0.025725407409953049 -0.039578107200926915 -0.040006095157740389 -0.039796056604584185 -0.038999326024557107 -0.038911998612531265 -0.038385796696026472 -0.038720367535385353 -0.038709975454680662 -0.038467303876012188
leaf_weight=102.01727521419525 2.4965386949479571 1.9920394495129574 3.1077368482947341 1.2775279544293869 4.490114286541937 4.46907689422369 1.9385998621582974 1.8134080171585072 8.2152023836970312 0.72482777386904018 1.3663363326340903 2.1011328659951678 0.88071503490209835 55.857168562710285 24.602237455546856 7.7178742848336688 21.896762039512396 23.267161708325148
leaf_count=1130 39 11 22 11 26 20 8 13 68 12 23 39 20 1332 826 195 576 713
internal_value=-0.00375792 0.0340262 0.035433 -0.0377833 0.0371308 0.0157896 0.0388083 0.0383171 0.0389971 -0.0387664 -0.0387293 -0.0387166 -0.0388095 -0.038944 -0.0385777 -0.0384657 -0.0387378 -0.0384867
internal_weight=270.232 128.043 126.051 142.188 122.944 8.95919 113.984 112.046 110.232 139.692 138.414 137.048 82.1062 57.9583 54.9417 32.3201 22.6216 24.1479
internal_count=5084 1298 1287 3786 1265 46 1219 1211 1198 3747 3736 3713 2104 1371 1609 1021 588 733
is_linear=0
shrinkage=0.05


Tree=141
num_leaves=31
num_cat=0
split_feature=22 42 22 38 42 29 16 25 25 11 16 24 26 31 4 24 31 17 6 39 13 7 12 24 32 42 35 11 9 33
split_gain=80.1399 15.4544 3.96735 4.00863 4.95615 3.94574 5.36451 3.6681 4.33329 4.4686 3.90242 3.48057 2.86235 2.85404 2.575 2.31573 3.20799 3.23077 2.04432 1.46548 1.39678 1.37715 0.928383 0.828572 0.773581 1.12309 0.735563 0.630619 4.11276 0.603162
threshold=-0.20861791131079027 0.8566448352894408 -0.4195007186689606 0.14630452852654693 -0.49368489750136185 -0.45930328704143936 -0.55029385654026686 0.2064142815660325 -1.1343059037726935 -0.85419286946963802 1.7527005137010303 -0.43676604123847612 0.30726207217244045 0.2211396058406975 1.0000000180025095e-35 1.988502169764881 1.5554867103048826 0.1972423304299524 -0.14067453865061227 0.2418042422128481 1.6555705183017639 0.97954151091350983 1.5772438381882912 -0.81520941495202615 0.62425483694002148 2.2474569702424372 0.10428420049463856 -0.90480988891854508 -0.24726913072358822 0.38368564054614723
decision_type=2 2 2 2 2 2 2 2 2 2 2 2 2 2 2 2 2 2 2 2 2 2 2 2 2 2 2 2 2 2
left_child=2 7 22 4 13 19 -7 8 -2 -10 11 -11 21 23 -12 16 17 -14 -8 -6 -5 26 27 -4 -3 -26 -9 28 -1 -29
right_child=1 24 3 20 5 6 18 12 9 10 14 -13 15 -15 -16 -17 -18 -19 -20 -21 -22 -23 -24 -25 25 -27 -28 29 -30 -31
leaf_value=0.060801113085870245 0.045519494451670493 0.040943848127571819 0.010460695949269953 -0.039221700229038453 0.019119155773432695 0.062446148842966502 -0.041458348839590736 0.018303515187123646 0.088736209411400313 0.051586684020901177 0.052645039064368765 -0.029783187547627901 -0.023473605699449434 0.054079155261064341 -0.0056601129920839108 0.040991668521972724 -0.042879056859093934 0.028673321944207117 0.0023157749853995051 0.076147407504983181 0.031856795231717722 0.0093800157870175052 0.023229105992632511 -0.036607218827700461 -0.00344789339765283 0.041177280291051284 0.044785752608544213 -0.037382002640315187 -0.038475001648947793 -0.0048112796568115634
leaf_weight=1.2589264810085294 3.937798496335744 72.464473038911819 1.004033511504528 17.442578131332997 2.0217095818370607 2.5308103952556857 5.0868481900542974 3.3684702292084721 1.1027465797960783 1.4032380953431189 3.0045368969440442 20.713301511481404 4.7663452774286323 0.99663129076361734 5.1217352617532015 3.6128350943326941 3.8937631808221331 7.8819888681173325 5.6072452925145591 2.5441537126898766 0.71969910338520904 5.329337239265441 0.67881717905402084 13.602841921150683 2.4838922768831244 3.2608930468559265 11.834068078547714 77.234891979023814 6.0891447626054278 1.4480595737695683
leaf_count=4 19 748 25 501 20 25 93 26 11 12 14 274 36 12 42 19 25 43 40 21 7 29 7 335 18 31 77 2331 202 37
internal_value=-0.000844702 0.0239419 -0.028484 -0.0175001 -0.00721819 0.0108211 -0.0030146 0.00788022 -0.00391786 -0.0101284 -0.0137334 -0.0246205 0.0181114 -0.0277862 0.0158971 0.00472613 -0.00319436 0.00902249 -0.0185062 0.050896 -0.0364051 0.031251 -0.0350148 -0.0333719 0.0395437 0.0218825 0.038918 -0.0354744 -0.0214663 -0.0367826
internal_weight=292.446 154.179 138.266 51.5566 33.3943 17.7908 13.2249 75.9702 35.2834 31.3456 30.2428 22.1165 40.6868 15.6035 8.12627 20.1549 16.5421 12.6483 10.6941 4.56586 18.1623 20.5319 86.7098 14.6069 78.2093 5.74479 15.2025 86.031 7.34807 78.683
internal_count=5084 1424 3660 1079 571 199 158 627 372 353 342 286 255 372 56 123 104 79 133 41 508 132 2581 360 797 49 103 2574 206 2368
is_linear=0
shrinkage=0.05


Tree=142
num_leaves=31
num_cat=0
split_feature=10 42 22 40 25 24 0 38 39 11 0 24 16 30 1 0 19 39 17 33 25 39 42 8 24 39 29 7 40 30
split_gain=71.4061 19.556 12.7066 7.8937 8.44186 5.82263 6.72146 5.84809 4.7434 3.51143 3.46543 3.46353 4.2477 2.44426 2.53865 2.4256 2.09343 1.94386 1.92928 1.91289 1.18915 2.90976 1.00596 0.725056 0.614899 0.145887 0.17277 0.0843194 0.0465958 0.0243105
threshold=-0.31979867950948432 0.98310154587754295 -0.83090017290929874 0.47452929082652701 0.27947024803884557 0.47186424672832639 1.0782150706355909 0.72889658798430712 0.40100575111340181 -0.87020217059374727 0.43206658862118524 -0.6522040873115077 1.7947621562409264 0.71706855458716434 1.5800662287081975 0.36697619415883242 0.49915869904091809 0.44161026945671367 -1.4462278875496855 2.3892295334998965 0.1899709929938547 1.2824749250822445 -0.3077669908979539 -0.54683468795316659 -0.76861074759179016 0.95476861135718571 -0.21213747410494513 -0.21881275623574431 0.78102495556912499 -0.37780882999082183
decision_type=2 2 2 2 2 2 2 2 2 2 2 2 2 2 2 2 2 2 2 2 2 2 2 2 2 2 2 2 2 2
left_child=8 2 15 4 9 6 7 -5 29 -4 17 23 22 25 -15 28 -17 -6 -11 -12 21 -7 -13 27 -8 26 -3 -10 -2 -1
right_child=1 13 3 5 10 20 24 -9 11 18 19 12 -14 14 -16 16 -18 -19 -20 -21 -22 -23 -24 -25 -26 -27 -28 -29 -30 -31
leaf_value=-0.039200779069359683 -0.049458133339562622 -0.018361697001297663 -0.011832957613043101 0.015409901653901659 -0.037815708729719788 0.023324138355750777 0.019901987083770993 -0.006489884254865433 -0.039997200506909102 0.0011420701117989844 0.0016861099061298323 0.050920269359801255 -0.043442734849174103 0.02388438868475528 -0.039465329431716725 0.0076983698170310332 -0.04023856963887508 0.0051698601447557474 0.037772863467380985 0.049864085031673139 -0.049215701692436248 -0.045401663649485148 0.010436089102981553 -0.011314424006431675 0.039165939602074248 -0.056018022524075332 -0.039608094875174887 -0.054235140706154539 -0.040375665804275443 -0.045762187359911798
leaf_weight=90.390972930938005 1.7305924966931359 1.0148187913000644 3.9661342129111281 105.36159840226173 6.5629417784512061 2.9113272055983526 5.0462852194905308 42.894950024783611 4.5167609602212906 3.7513241022825232 4.8776126205921155 3.5456403195858002 2.5248233079910278 3.6076047755777827 2.8157763555645943 7.3323569521307927 3.3036263845860958 4.3887926489114761 86.004460036754608 3.5670235082507133 3.5892992988228798 3.2700080573558807 2.7051519080996496 2.5438393279910105 23.126822546124458 1.2573586739599694 16.747205380350355 1.3508515097200868 7.6741977073252201 1.4340899474918831
leaf_count=1733 11 10 36 684 57 24 43 271 64 37 30 28 23 21 46 38 41 19 1031 19 22 22 20 25 293 12 295 16 103 10
internal_value=0.000482358 0.0116343 0.0149953 0.017576 0.0279936 0.0112472 0.0133279 0.00907365 -0.034791 0.0342075 -0.00203143 -0.0106832 0.0112916 -0.030553 -0.00388582 -0.0235484 -0.00719125 -0.0205897 0.0362419 0.0220365 -0.0263247 -0.0130327 0.0334 -0.0336094 0.0357154 -0.0395593 -0.0383942 -0.0432751 -0.0420469 -0.0393033
internal_weight=453.814 344.802 319.359 299.319 113.118 186.2 176.43 148.257 109.012 93.7219 19.3964 17.1871 8.77562 25.4428 6.42338 20.0408 10.636 10.9517 89.7558 8.44464 9.77063 6.18134 6.25079 8.41145 28.1731 19.0194 17.762 5.86761 9.40479 91.8251
internal_count=5084 3165 2781 2588 1229 1359 1291 955 1919 1104 125 176 71 384 67 193 79 76 1068 49 68 46 48 105 336 317 305 80 114 1743
is_linear=0
shrinkage=0.05


Tree=143
num_leaves=31
num_cat=0
split_feature=39 24 38 21 38 24 37 0 25 4 37 23 30 24 40 11 42 10 37 40 14 27 38 35 2 37 39 25 25 22
split_gain=53.1649 6.7342 5.53448 5.88515 5.39039 7.11405 6.61528 8.55797 6.12122 3.21759 3.4496 3.19247 2.76864 2.56783 2.52654 2.10032 1.64803 2.47742 1.34458 1.17883 1.12171 1.08015 1.02964 0.844538 0.725138 0.895258 0.427785 0.163593 0.0177082 0.00295618
threshold=0.72205518782103739 -0.57882197693446613 0.0308214500422502 0.43490134049592016 0.71616911438075903 -0.26450564669738152 0.88735153512852161 1.0782150706355909 -0.8497517383995673 0.55174738124916833 0.79451342137174297 -0.7163014935950015 0.54928138695591622 -0.71419145411470919 1.3684749796591047 -0.54026081434051709 -0.31114277732365631 0.85367296220362043 0.39072958114653172 1.6238880336112695 -1.0701763780314619 -1.3205477560960839 0.86543690455643674 -1.1294960385681392 -1.1810809354712959 -0.011592364651285254 1.5618475425978935 -1.1138752228157391 -1.5783044421606205 -0.62573259603165476
decision_type=2 2 2 2 2 2 2 2 2 2 2 2 2 2 2 2 2 2 2 2 2 2 2 2 2 2 2 2 2 2
left_child=20 9 29 14 5 21 28 -8 -7 12 18 19 13 24 26 -15 17 -13 -11 -12 -1 -5 -18 -17 -2 -26 27 -4 -6 -3
right_child=1 2 3 4 6 8 7 -9 -10 10 11 16 -14 15 -16 23 22 -19 -20 -21 -22 -23 -24 -25 25 -27 -28 -29 -30 -31
leaf_value=0.058127856667595804 0.065516225391730853 -0.041382700654666593 0.051912302082148823 0.002274601807628954 -0.048589552709243214 0.035179594190131537 0.041292950014134557 -0.038405113679839412 -0.042057159354833396 0.010101001656072429 -0.051053874944066192 0.03495127986239225 0.072270456280162973 -0.031856356764870107 0.0037618164134317431 0.054836363287205883 0.064791561227596606 -0.013575547771387659 -0.055886817833856878 0.014075097029080672 -0.037992654864489946 -0.041287822777797148 0.03128173492435736 0.013584373919011803 0.018564642609118203 0.0431814509147578 0.066897031683782568 0.038151716900979626 -0.041346082761398832 -0.038475243263987394
leaf_weight=0.30524984002113242 2.904160000383853 1.105294845998287 5.0016753226518613 1.6215447094291437 1.5428624004125597 10.110016852617262 22.574319643899802 3.959073136560618 3.4374468615278593 1.2608881071209936 1.7205248633399635 8.0326419733464771 5.7355588451027861 2.1755641447380185 3.5349737703800193 1.7389120683073995 4.3733528126031107 3.9105468001216641 1.9908383488655088 1.1653549280017612 53.566712885163724 11.620346304960551 4.8175229132175446 4.3305141665041429 4.3963284939527538 23.099104201421145 3.3795185089111319 3.8015032857656479 1.8621249878779078 4.1826850436627856
leaf_count=1 13 12 26 11 7 49 134 167 64 23 28 41 29 31 33 9 22 70 23 23 3588 146 30 47 42 166 12 32 39 166
internal_value=0.00513456 0.0204909 0.0102987 0.0139032 0.0064018 -0.00989174 0.0209815 0.0294011 0.015582 0.0315482 0.0180318 0.0245747 0.039854 0.0350428 0.0409768 0.0102944 0.0313106 0.0190622 -0.0302994 -0.024754 -0.037448 -0.0359534 0.0472269 0.0254032 0.0417551 0.0392454 0.0517752 0.04597 -0.0446282 -0.039083
internal_weight=203.257 149.385 77.7334 72.4454 56.7277 26.7894 29.9384 26.5334 13.5475 71.6518 27.2717 24.0199 44.3801 38.6446 15.7177 8.24499 21.1341 11.9432 3.25173 2.88588 53.872 13.2419 9.19088 6.06943 30.3996 27.4954 12.1827 8.80318 3.40499 5.28798
internal_count=5084 1495 898 720 617 270 347 301 113 597 260 214 337 308 103 87 163 111 46 51 3589 157 52 56 221 208 70 58 46 178
is_linear=0
shrinkage=0.05


Tree=144
num_leaves=20
num_cat=0
split_feature=38 39 42 13 3 5 42 31 36 36 20 19 19 1 37 13 40 40 9
split_gain=128.683 5.96152 5.37918 3.05945 1.9142 1.21074 2.50006 0.993018 0.297798 0.602831 0.00677245 0.00075437 0.000621661 0.00128586 0.000864634 0.000301151 0.000228759 0.00011411 8.90517e-05
threshold=-1.1479698628609787 0.67671525665394505 0.41778468163674881 -1.2277804872671068 0.46191316568329049 -1.2085057952819418 -0.45720040749265523 -0.26278126419619047 1.3679814113296385 0.72528512574632253 -1.1880612340604182 4.0772924754326292 -0.27854517878572921 0.98031893279753557 -0.65107736522906023 0.66434432759919237 1.1641445364973724 0.44898798543131052 -0.14036718810525298
decision_type=2 2 2 2 2 2 2 2 2 2 2 2 2 2 2 2 2 2 2
left_child=1 2 4 -2 5 8 7 -7 9 -1 -5 12 15 14 -14 17 -17 -12 -15
right_child=3 -3 -4 10 -6 6 -8 -9 -10 -11 11 -13 13 18 -16 16 -18 -19 -20
leaf_value=0.040218580556309891 0.017329771477902569 -0.052827777275983492 -0.031074249984968452 -0.042299404900355199 -0.014685559358040001 0.043503474865361089 -0.011072340918419068 0.01520012752939031 0.060332531209216222 0.020993710704832729 -0.0385198243088338 -0.039862549289144941 -0.03943478600287309 -0.038924875503537841 -0.038797290129571296 -0.038334533533813157 -0.038655311726275669 -0.038755225416166793 -0.03839838452901246
leaf_weight=89.591178849339485 2.4828948508948079 1.9667664691805828 3.0076814889907828 1.2897437214851368 1.7874434515833844 10.256714418530464 3.6918262243270865 4.4407378584146509 1.7209602296352375 4.2720813527703276 8.8403403889387864 1.2876329533755768 5.9690192155539981 0.83405710384249943 48.830456396564841 23.184092696756128 7.3103776779025784 12.326202567666767 21.678441356867552
leaf_count=1078 39 11 22 11 8 85 21 30 8 35 277 23 123 20 1250 826 195 309 713
internal_value=-0.00392993 0.033511 0.0349407 -0.0376562 0.0366559 0.0374611 0.025712 0.0349518 0.0397215 0.0393436 -0.038694 -0.0386583 -0.0386463 -0.038736 -0.0388667 -0.038512 -0.0384114 -0.0386569 -0.0384179
internal_weight=254.769 120.735 118.769 134.033 115.761 113.973 18.3893 14.6975 95.5842 93.8633 131.55 130.261 128.973 77.312 54.7995 51.661 30.4945 21.1665 22.5125
internal_count=5084 1298 1287 3786 1265 1257 136 115 1121 1113 3747 3736 3713 2106 1373 1607 1021 586 733
is_linear=0
shrinkage=0.05


Tree=145
num_leaves=31
num_cat=0
split_feature=22 42 37 42 3 25 40 25 25 11 16 24 2 26 38 24 31 21 27 25 24 7 30 6 35 18 36 15 36 42
split_gain=73.5536 14.5418 4.66628 8.01823 4.44278 4.38893 4.88187 3.22394 3.93595 3.87999 3.60332 3.25714 2.92807 2.61728 2.5969 2.35788 2.33629 2.19524 2.35615 1.60873 1.60132 1.3726 0.750568 1.19505 0.722466 0.549977 0.463036 2.73545 0.239515 0.163614
threshold=-0.20861791131079027 0.8566448352894408 -0.098285831242653582 -0.49843844998499237 -0.74097648226374713 -0.18819448531215818 0.576694512407393 0.2064142815660325 -1.1343059037726935 -0.85419286946963802 1.7527005137010303 -0.43676604123847612 2.9633395865414327 0.30726207217244045 -1.2162848747009487 1.7765619118379439 0.2211396058406975 0.24046433531363534 -0.056856715280973316 -1.2809658839935076 -0.52476121593280978 0.97954151091350983 0.71706855458716434 2.2118251712277925 0.10428420049463856 0.58832725052012169 -0.25740027280857958 -0.75076177385687648 1.5833785089243657 0.33702433475279531
decision_type=2 2 2 2 2 2 2 2 2 2 2 2 2 2 2 2 2 2 2 2 2 2 2 2 2 2 2 2 2 2
left_child=2 7 3 16 -5 28 14 8 -2 -10 11 -11 -4 21 -7 -12 19 -15 20 -1 -19 24 -3 -24 -9 -20 27 -21 29 -6
right_child=1 22 12 4 5 6 -8 13 9 10 15 -13 -14 17 -16 -17 -18 18 25 26 -22 -23 23 -25 -26 -27 -28 -29 -30 -31
leaf_value=0.032423105494441128 0.044399936214353501 0.040692440598080748 -0.038697422750631157 0.10103013631801579 -0.038722235663268198 -0.032637827109394967 0.070188181614526113 0.017662148239565363 0.079826364429080532 0.049342823138504958 0.053682723104678122 -0.028898769582198933 0.043703954188066517 -0.02263035442783691 0.012865383495531272 -0.003929770256261649 0.035008907391049976 0.021904912613791256 0.047412396203412255 0.055695613094366575 -0.027773400651055644 0.0083163090987946608 -0.0055719859354681064 0.040787098365961429 0.044254091556566032 0.020807970483832046 -0.038646301731668796 -0.038761826363686989 -0.014162008184852918 -0.063410150565782974
leaf_weight=0.87059872224926849 3.8174012191593638 67.570609427988529 65.426240064203739 1.116086790338161 4.247689142823222 4.3983406387269559 2.9354495257139197 3.302208527922633 1.1698842719197298 1.4251668676734031 2.7074654735624781 19.951548250392079 1.0961470380425442 5.3732526525855091 10.920963296666736 5.161745797842741 1.2386098727583874 2.7865201644599447 3.7089857757091496 0.9208475425839423 3.8819185085594654 5.2032701373100272 2.3471683338284484 3.4093581140041351 11.276213616132734 4.0788551457226276 31.830394219607118 4.5719791203737215 0.86615170165896405 0.79703255742788304
leaf_count=6 19 745 2019 10 116 104 17 26 11 12 19 274 7 28 135 37 15 17 16 18 34 29 17 35 77 28 1057 135 13 8
internal_value=-0.00082501 0.0234437 -0.0280405 -0.0184815 0.00349881 -0.00100566 0.0111195 0.00778192 -0.00345611 -0.00946239 -0.0130341 -0.0236825 -0.0373396 0.0174942 -0.000199089 0.0158923 -0.0325739 0.00465721 0.0147997 -0.0347656 -0.00701448 0.0303621 0.0392159 0.0218846 0.0382307 0.0334784 -0.0363328 -0.0229265 -0.0384523 -0.0426228
internal_weight=278.408 147.172 131.237 64.7141 25.2817 24.1656 18.2548 73.8444 34.2332 30.4158 29.2459 21.3767 66.5224 39.6112 15.3193 7.86921 39.4324 19.8295 14.4563 38.1938 6.66844 19.7817 73.3271 5.75653 14.5784 7.78784 37.3232 5.49283 5.91087 5.04472
internal_count=5084 1424 3660 1634 403 393 256 627 372 353 342 286 2026 255 239 56 1231 123 95 1216 51 132 797 52 103 44 1210 153 137 124
is_linear=0
shrinkage=0.05


Tree=146
num_leaves=31
num_cat=0
split_feature=10 1 22 40 25 24 0 38 39 0 11 24 24 0 7 19 17 31 15 25 39 26 8 24 7 37 47 30 19 4
split_gain=65.811 17.7509 12.1398 7.66477 7.86901 5.49803 6.61167 5.04761 4.5331 4.05983 3.28912 3.18777 3.82601 2.34043 2.0731 2.04331 1.95161 1.7495 1.22728 1.04758 3.04187 0.736648 0.715268 0.649575 0.0836547 0.0381737 0.0325883 0.0197599 0.00361483 0.00184172
threshold=-0.31979867950948432 1.2641949932054872 -0.83090017290929874 0.47452929082652701 0.27947024803884557 0.47186424672832639 1.0782150706355909 0.72889658798430712 0.40100575111340181 0.43206658862118524 -0.87020217059374727 -0.6522040873115077 1.4763369159200419 0.36697619415883242 0.97954151091350983 0.49915869904091809 -1.4462278875496855 -0.40393654130479212 1.0299557974293603 0.1899709929938547 1.2689839915512382 -0.55507306471332429 -0.54683468795316659 -0.76861074759179016 -0.05654736920458775 0.24312514968328938 0.56284254685725232 -0.37780882999082183 0.34385128038555252 -1.2565290392760424
decision_type=2 2 2 2 2 2 2 2 2 2 2 2 2 2 2 2 2 2 2 2 2 2 2 2 2 2 2 2 2 2
left_child=8 2 13 4 10 6 7 -5 27 14 -4 22 21 25 -6 -15 -12 -3 -11 20 -7 -13 24 -8 -10 -2 -19 29 -27 -1
right_child=1 17 3 5 9 19 23 -9 11 18 16 12 -14 15 -16 -17 -18 26 -20 -21 -22 -23 -24 -25 -26 28 -28 -29 -30 -31
leaf_value=-0.038887636812493388 -0.048156529474157647 0.028229050066848206 -0.011250988922002391 0.014278869420908353 -0.033109956633403631 0.025065517512963927 0.018799801243012129 -0.0060485637384716734 -0.039814333029992738 0.00050633147830500904 0.0011983105129742223 0.017888674301362924 -0.032966233501401467 0.0075552345399968884 0.016465895055750877 -0.040012678073439251 0.037210053854481374 -0.048551140889929907 0.039407502248208853 -0.048492417087679943 -0.045534681140117522 0.055211104703812575 -0.010909076194019587 0.038968771174401035 -0.05456233694573201 -0.041563019430321896 -0.039169151899728347 -0.045170800617580165 -0.039289522968712194 -0.039360201097043336
leaf_weight=48.716091588139534 1.8166864104568974 1.0018888600170637 3.9264087341725817 104.36345081031322 8.5445220805704611 2.7538741454482061 4.8783899322152164 43.1729371920228 4.2704682536423206 3.2658549025654775 3.9440408796071997 2.5968194715678692 3.1137974821031094 7.2043957710266096 2.7996670082211486 3.287903718650341 81.61573589220643 0.97987721860409038 5.3469105288386345 3.4357787296175957 3.4209981039166451 2.6932885199785215 2.5042280480265635 21.973759289830923 1.2409412823617456 2.7052498757839203 16.701717082411051 1.3563870340585698 4.943127479404211 35.746514350175858
leaf_count=1068 13 8 36 690 71 24 43 275 65 22 40 27 28 38 18 44 1034 5 31 22 23 16 25 295 15 25 321 10 87 665
internal_value=0.000498991 0.0112983 0.0141208 0.0166872 0.0271651 0.010455 0.012484 0.00833054 -0.0345786 -0.00122502 0.0334965 -0.0105088 0.0110071 -0.0236135 -0.020875 -0.00735081 0.03555 -0.036047 0.0246567 -0.026362 -0.0140484 0.0368902 -0.033067 0.0353046 -0.043135 -0.0416412 -0.0396891 -0.0391838 -0.0400937 -0.0390876
internal_weight=434.322 332.083 313.4 293.442 109.443 183.999 174.389 147.536 102.239 19.957 89.4862 16.4195 8.40391 19.9574 11.3442 10.4923 85.5598 18.6835 8.61277 9.61065 6.17487 5.29011 8.01564 26.8521 5.51141 9.46506 17.6816 85.819 7.64838 84.4626
internal_count=5084 3165 2831 2624 1252 1372 1303 965 1919 142 1110 176 71 207 89 82 1074 334 53 69 47 43 105 338 80 125 326 1743 112 1733
is_linear=0
shrinkage=0.05


Tree=147
num_leaves=31
num_cat=0
split_feature=39 24 20 38 40 18 38 4 20 23 8 28 32 1 24 3 15 40 16 28 37 12 25 5 22 2 6 4 19 42
split_gain=49.3581 6.26756 5.61904 6.1676 5.04124 5.56686 5.4029 3.12589 3.50647 3.39924 2.68934 2.42593 1.99618 3.75235 1.75605 2.67225 1.68343 1.12071 0.695975 0.611711 0.951235 0.514253 0.129515 0.0454055 0.00235798 0.000852623 0.000254536 0.000135725 7.6865e-05 6.88531e-05
threshold=0.7085912603143959 -0.57882197693446613 1.0926163784686167 0.0308214500422502 1.9303836983538674 0.4229265113989954 0.75594019017965419 0.55174738124916833 0.72292612907129439 -0.7163014935950015 -0.39159213268256909 0.54237966770999313 0.85106407857066058 -0.54527662105061281 -0.71419145411470919 0.040431485029873072 -0.66278622581871971 1.6238880336112695 -0.19142017918164633 -1.1560105232233655 -0.011592364651285254 -0.18208964175715789 -0.80624606062899573 1.0466916265139981 -0.62573259603165476 1.0918027874025291 -0.93872733723526947 -0.10902573163443235 2.6108352102486179 -0.2804187934473174
decision_type=2 2 2 2 2 2 2 2 2 2 2 2 2 2 2 2 2 2 2 2 2 2 2 2 2 2 2 2 2 2
left_child=26 7 3 24 5 21 -7 11 10 17 22 14 -11 -14 19 16 -16 -10 -6 -2 -21 -5 -9 -4 -3 -25 -1 -26 -28 -30
right_child=1 2 23 4 18 6 -8 8 9 12 -12 -13 13 -15 15 -17 -18 -19 -20 20 -22 -23 -24 25 27 -27 28 -29 29 -31
leaf_value=-0.038873805792226497 0.062810936915868809 -0.040975058034011545 -0.049820850759009133 0.066004950043700883 -0.048386931488836139 -0.002475473258753717 0.031728126889898484 -0.061866525507697306 -0.04986959369788356 0.055457862163563458 0.029683105393118515 0.076174678654141237 0.038424389957186313 -0.0213811453204884 0.035164252558018992 0.05928816271993164 -0.01979338187531253 0.013557288823331471 -0.0098336622320339059 0.017279647085773713 0.04282706811955149 0.043149350861968014 -0.040804942523673574 -0.040707488087334105 -0.038724880592387996 -0.03830364369113292 -0.037933257625731784 -0.03814298509367791 -0.038768776757229645 -0.038014122474114072
leaf_weight=0.74632799904793401 2.9147516787052146 1.1746932305395601 1.1657515168189991 3.0963587015867242 2.7304529901593924 25.677618192508817 20.97872278932482 1.467063248157501 1.7705471953377157 6.5397481918334988 1.5746481418609644 3.9964379630982867 9.3084404785186106 3.6516847079619685 2.0771786905825138 2.5104446075856686 4.2329711886122805 1.1480174157768486 2.0491074789315453 4.3466292498633292 22.528297515586022 11.99612384755164 1.4526982773095372 0.41309415549039874 1.9631201894953845 3.4463854022324085 47.549198127351701 2.0470393989235154 0.52230099122971296 0.71740900259464868
leaf_count=24 14 14 5 12 22 263 164 7 32 26 18 20 54 69 19 14 58 23 23 42 171 85 33 6 63 159 3478 106 15 45
internal_value=0.0051799 0.0197898 0.00993822 0.0135198 0.0176133 0.0214425 0.012904 0.0306644 0.0173242 0.0254051 -0.0229839 0.0390908 0.0329374 0.0215734 0.0352524 0.0156562 -0.0017024 -0.0249206 -0.0318583 0.0410547 0.0386951 0.0478384 -0.0513875 -0.041173 -0.0390049 -0.0385609 -0.0379574 -0.0384278 -0.0379434 -0.0383321
internal_weight=195.793 146.258 76.7385 71.7132 66.5284 61.7488 46.6563 69.5196 26.9128 22.4184 4.49441 42.6067 19.4999 12.9601 38.6103 8.82059 6.31015 2.91856 4.77956 29.7897 26.8749 15.0925 2.91976 5.02523 5.18485 3.85948 49.5352 4.01016 48.7889 1.23971
internal_count=5084 1522 922 752 569 524 427 600 262 204 58 338 149 123 318 91 77 55 45 227 213 97 40 170 183 165 3562 169 3538 60
is_linear=0
shrinkage=0.05


Tree=148
num_leaves=31
num_cat=0
split_feature=20 46 40 42 13 23 36 6 33 6 31 25 2 23 19 0 2 0 10 19 1 37 9 25 40 19 40 25 0 7
split_gain=118.86 7.30545 4.54268 2.5777 4.8367 2.21755 2.07091 2.03245 1.38092 1.61686 0.398807 0.784916 1.81761 0.194942 0.0748587 0.0147886 0.00668294 0.00243388 0.00114859 0.000674294 0.00129964 0.00113538 0.000910596 0.00117052 0.000269952 0.000277624 0.000264557 0.000192432 0.000163049 0.000143998
threshold=-1.0603712108618153 0.73471103324601095 0.16803362608392899 -0.45720040749265523 -1.2242149254300472 -0.68420805393806783 -0.41754452558043159 -0.24159326883152915 -0.43509348362023453 -0.073569092808141237 -0.26278126419619047 0.17481213316711217 -1.2347057828108783 0.33318882483188333 -0.37829968887783832 -1.2094596607649977 -1.2207810986950751 -1.184790698480179 -1.227829546419851 -0.27854517878572921 0.98031893279753557 -0.65107736522906023 -0.26675145670019401 -0.24191048821836406 0.44898798543131052 0.49915869904091809 0.50007059622174355 0.45254538774249314 0.6680564205988474 1.0250692795490755
decision_type=2 2 2 2 2 2 2 2 2 2 2 2 2 2 2 2 2 2 2 2 2 2 2 2 2 2 2 2 2 2
left_child=1 2 3 10 8 -6 -3 -7 -5 -10 14 15 -13 -8 16 -12 -1 -2 -15 26 21 22 23 -21 27 -26 -19 -23 -28 -24
right_child=17 6 -4 4 5 7 13 -9 9 -11 11 12 -14 18 -16 -17 -18 19 -20 20 -22 24 29 -25 25 -27 28 -29 -30 -31
leaf_value=0.039968512202839229 -0.041691541995293652 0.033948669804583886 -0.043858105442112813 0.073020161916505955 -0.041120489381418275 0.04168145808248807 -0.063998731965186323 -0.019475143312884354 0.044198294177668906 -0.0033935433515793196 0.040068450383715128 0.040088247839599501 -0.022003408893481465 -0.040868660585967755 0.049799330165370304 0.045217879172979925 0.041612125356325108 -0.038311027039657705 -0.038596335471469498 -0.039123281523899836 -0.038355415014107191 -0.038456389683467006 -0.038651341674489977 -0.041187031702298607 -0.038879654125692074 -0.038503615116593067 -0.038681870720586091 -0.03894920552153943 -0.038438120111725149 -0.03924882474961857
leaf_weight=70.731844991445541 0.63735567778348823 0.97818319126963604 1.8326340429484833 2.5527826547622672 3.2898482382297516 2.6984361782670021 1.2603121921420091 2.7359888255596143 6.6326630413532248 2.4415642768144634 4.68419349193573 2.947803407907486 1.9638062343001363 0.94334707036614451 2.0469862371683112 1.9851741790771464 6.7771276757121077 20.349136188626289 1.354762405157089 1.4138751775026324 20.953039636835456 11.122542923316358 2.0423648916184893 1.3365911804139612 26.472781490534544 6.0254792086780062 12.53765492886305 2.4100390933454028 15.151830347254871 1.9919840302318332
leaf_count=919 8 11 13 19 23 25 6 22 67 16 59 37 13 11 9 13 65 762 39 32 731 369 57 14 637 183 333 57 495 39
internal_value=-0.00410999 0.0317326 0.0342233 0.0355068 0.0194181 -0.00872155 -0.0304837 0.0108919 0.0405325 0.031393 0.0390995 0.0304306 0.0152622 -0.0481957 0.0403615 0.0416012 0.0401122 -0.0386098 -0.0395291 -0.0385937 -0.0386886 -0.0388208 -0.0394246 -0.0401262 -0.0387318 -0.0388099 -0.0384479 -0.0385442 -0.0385485 -0.0389464
internal_weight=240.302 117.857 113.321 111.488 20.3513 8.72427 4.5366 5.43443 11.627 9.07423 91.1369 11.581 4.91161 3.55842 79.556 6.66937 77.509 122.445 2.29811 121.807 73.7687 52.8157 6.78482 2.75047 46.0308 32.4983 48.0386 13.5326 27.6895 4.03435
internal_count=5084 1367 1300 1287 172 70 67 47 102 83 1115 122 50 56 993 72 984 3717 50 3709 2119 1388 142 46 1246 820 1590 426 828 96
is_linear=0
shrinkage=0.05


Tree=149
num_leaves=31
num_cat=0
split_feature=24 1 37 42 31 23 34 31 39 33 4 42 27 25 31 17 19 24 29 35 6 36 40 16 37 38 2 25 24 37
split_gain=66.8854 9.44463 10.5015 9.12401 4.37045 4.13583 5.3812 3.99917 2.80037 2.39603 2.36509 2.82707 2.07381 2.61082 1.97676 1.75344 1.5631 3.64074 1.4234 1.10191 1.11398 1.07272 0.994098 0.922566 1.74038 3.86091 3.7187 3.43282 1.13465 0.983193
threshold=0.53650529478440689 -0.21379229554496179 -0.011592364651285254 0.75244568302758685 -0.40393654130479212 -0.68420805393806783 0.62057378987353162 1.6591780047105471 0.2418042422128481 -0.36728327942190647 -0.075397099996606237 -0.52634033561064364 -0.41589493511149972 -0.6357010584108741 -0.3420412349939469 -1.0702436681783232 -0.6456312936831875 -0.065406806335974191 -0.52163242591938597 -0.22762950512279459 -0.16172701876232062 -1.4572240259369462 -0.52158161958691629 -0.63940829689629586 -0.12741427314891079 0.11112126474082475 0.29779952292694539 -0.48833491123807204 -0.81049474126817567 3.3753004101216635
decision_type=2 2 2 2 2 2 2 2 2 2 2 2 2 2 2 2 2 2 2 2 2 2 2 2 2 2 2 2 2 2
left_child=1 23 5 4 15 9 16 12 14 22 -9 -12 13 -6 -8 -2 17 -7 -5 -14 -21 -13 -3 -1 25 28 -27 -28 -25 -26
right_child=3 2 -4 18 7 6 8 10 -10 -11 11 21 19 -15 -16 -17 -18 -19 -20 20 -22 -23 -24 24 29 26 27 -29 -30 -31
leaf_value=-0.038429653479231017 0.027215711838796942 -0.03855429746015198 -0.03832785022661462 -0.0033988416326951399 0.046202064761765194 -0.039236400477377087 -0.023168012027171388 0.029600754821666117 0.051304781570445872 0.045710851901497658 0.028972645616108406 -0.0080612508455209422 0.069931979462369315 -0.025580339900306934 0.030805720604525546 -0.040478119669853499 -0.034307703602543357 0.06779734128328728 0.039829989042200101 0.0033655709928883601 0.037926886596693195 -0.040688499605785113 0.035962004041699767 0.034361371652672418 -0.038520092074247968 0.10990646376377862 0.052657926299111257 -0.040297964933305515 -0.031709912877013177 0.024438381476710444
leaf_weight=43.225319871678948 1.1713855471462009 1.3783984724432232 17.57900246232748 1.9591090530157078 2.0397411976009607 1.8961356747895481 3.6920157894492149 4.4538268670439747 4.8534857742488384 8.8913647178560478 3.134564310312272 4.7478155456483364 2.2078279834240702 3.3424427360296276 3.1384434327483159 5.2172713410109273 9.8642147146165389 1.3674659281969059 67.981289274990559 2.7712948825210395 14.69186076894402 5.3669556528329814 0.662787776440381 0.67555512674153462 26.298853008076552 0.9447571374475946 1.7448214832693336 2.3056348357349634 17.041528899222612 0.63508765026926894
leaf_count=1506 10 43 486 15 12 44 33 26 32 70 23 26 22 69 20 127 107 6 790 33 97 41 14 17 867 6 13 60 462 7
internal_value=-0.000799895 -0.0234592 -0.00668741 0.0270177 0.0105073 0.00887332 -0.00241632 0.016271 0.0222658 0.0344955 -0.00192019 -0.0125161 0.0291253 0.00162377 0.00163171 -0.0280662 -0.0243838 0.00561129 0.0386191 0.03665 0.0324422 -0.0253735 -0.0143583 -0.0330889 -0.0284389 -0.0182444 0.0205799 -0.000255208 -0.0291906 -0.0370356
internal_weight=265.28 146.195 53.3233 119.085 49.145 35.7443 24.8118 42.7563 11.6839 10.9326 17.7032 13.2493 25.0532 5.38218 6.83046 6.38866 13.1278 3.2636 69.9404 19.671 17.4632 10.1148 2.04119 92.8716 49.6462 22.7123 4.99521 4.05046 17.7171 26.9339
internal_count=5084 3793 855 1291 486 369 242 349 85 127 116 90 233 81 53 137 157 50 805 152 130 67 57 2938 1432 558 79 73 479 874
is_linear=0
shrinkage=0.05


Tree=150
num_leaves=31
num_cat=0
split_feature=10 42 22 19 39 39 38 5 39 0 25 38 0 16 24 24 25 38 0 0 19 13 16 14 8 33 7 39 27 30
split_gain=60.6776 16.283 10.5038 5.88136 6.10611 4.34244 4.09722 6.19036 4.4275 3.50916 7.55606 3.16496 4.86143 3.2545 2.90893 3.49885 2.77108 2.43679 2.41067 2.24535 1.92149 1.01807 0.914928 0.867012 0.707247 0.690041 0.078274 0.0333661 0.0220635 0.0160339
threshold=-0.31979867950948432 1.3928293566102685 -0.83090017290929874 -0.2964363649534279 1.2254093300896811 0.40100575111340181 -0.11470899715482819 0.30041008021105681 0.74884520346110872 0.58661912341763911 -1.2809658839935076 0.644125821483026 0.47724348340784095 -0.71445642765287654 -0.6522040873115077 1.4763369159200419 0.2130111217635561 0.14630452852654693 0.21628747273228979 0.36697619415883242 0.49915869904091809 1.6098124747261655 1.2461055564105574 1.0000000180025095e-35 -0.54683468795316659 -0.27583443820127812 -0.05654736920458775 0.99490220068492685 -0.03195797623057399 -0.37780882999082183
decision_type=2 2 2 2 2 2 2 2 2 2 2 2 2 2 2 2 2 2 2 2 2 2 2 2 2 2 2 2 2 2
left_child=5 2 19 4 9 29 16 17 -9 10 -4 13 -13 -6 24 25 22 -8 -18 27 -21 -11 -5 -3 26 -16 -7 -2 -25 -1
right_child=1 23 3 6 11 14 7 8 -10 21 -12 12 -14 -15 15 -17 18 -19 -20 20 -22 -23 -24 28 -26 -27 -28 -29 -30 -31
leaf_value=-0.038984306934652539 -0.048235304544735569 0.0052089530597748089 -0.056629460809052026 0.044458000124144616 -0.015434273154199049 -0.039656218734149054 -0.0044686083310056706 0.021281066903188574 0.0016921866555512897 0.039031036574461733 0.025555251136207026 -0.04578770860376212 0.0084073456641779853 0.042365686383328334 0.017922889003825031 -0.03235225860591142 -0.031260565078502077 -0.040314786060874387 0.032983816780275482 0.0075325785640381476 -0.039883642924048529 -0.0052058968073059528 0.017574123609738257 -0.046807317729195663 -0.010421385305078712 0.054674699981782621 -0.054290185130854686 -0.040056596622970314 -0.039053221817744996 -0.044622503331734203
leaf_weight=78.912406772375107 1.5152468904852883 1.1618931852281118 3.1093980818986919 14.024320799857383 3.3489721938967696 3.9913004264235488 11.014957059174778 53.17312066629529 63.048439875245094 58.345817945897579 27.814412828534842 5.5043140426278141 16.66935633122921 8.9276155605912191 2.651769895106554 3.0049494914710522 3.1160089634358874 8.3237132057547552 2.7478319332003593 7.0981177166104299 3.0567059963941574 1.3302691429853428 4.0870812088251105 0.97726970911026079 2.4549881778657436 2.4639094993472082 1.1850706860423086 7.0447790771722794 14.970726970583197 1.2814282290637482
leaf_count=1733 13 12 12 115 17 65 92 496 328 878 326 31 125 82 27 28 24 62 16 38 43 16 18 6 25 16 15 106 309 10
internal_value=0.000521179 0.0109662 0.0136434 0.0160295 0.0241483 -0.0343601 0.00966573 0.00629595 0.0106544 0.0309613 0.0172916 0.00623074 -0.00504584 0.0265982 -0.0103592 0.0104701 0.028719 -0.0198975 -0.00115525 -0.022641 -0.00674019 0.0380449 0.0383913 -0.0364904 -0.032524 0.035624 -0.0430065 -0.0415043 -0.0395284 -0.0390744
internal_weight=416.356 320.41 303.3 284.586 125.05 95.9458 159.535 135.56 116.222 90.5999 30.9238 34.4503 22.1737 12.2766 15.752 8.12063 23.9752 19.3387 5.86384 18.7148 10.1548 59.6761 18.1114 17.1099 7.63136 5.11568 5.17637 8.56003 15.948 80.1938
internal_count=5084 3165 2838 2638 1487 1919 1151 978 824 1232 338 255 156 99 176 71 173 154 40 200 81 894 133 327 105 43 80 119 315 1743
is_linear=0
shrinkage=0.05


Tree=151
num_leaves=31
num_cat=0
split_feature=39 24 20 25 38 39 15 21 24 40 38 10 20 23 30 24 32 1 11 24 24 40 23 35 2 37 8 5 31 26
split_gain=45.7476 5.81797 5.22504 5.9238 7.53957 5.407 4.17455 3.91377 3.14881 6.89875 4.68689 2.98823 4.05517 3.16602 2.27915 2.34753 1.9213 3.48763 1.83511 1.2065 1.12641 1.06511 1.03712 0.824216 0.566098 0.993067 0.411124 0.0388541 0.0148218 0.000735833
threshold=0.7085912603143959 -0.57882197693446613 1.0926163784686167 -0.81472861407128261 0.6986189845473435 1.0640896638115251 -0.8025410506540479 0.84455487813187891 -0.26450564669738152 1.5472641174256199 0.79451251526912869 0.60253560924507388 0.72292612907129439 -0.7163014935950015 0.54928138695591622 -0.71419145411470919 0.85106407857066058 -0.54527662105061281 -0.54026081434051709 0.24852509495242223 -0.64996298537531227 1.6238880336112695 0.61613697015396063 -1.1294960385681392 -1.1810809354712959 -0.011592364651285254 0.1802794876098596 1.0466916265139981 -0.78439619482708134 1.0855247137353226
decision_type=2 2 2 2 2 2 2 2 2 2 2 2 2 2 2 2 2 2 2 2 2 2 2 2 2 2 2 2 2 2
left_child=-1 11 3 8 6 28 -5 -7 9 10 -3 14 20 21 15 24 -15 -18 -17 22 -13 -14 -10 -20 -2 -26 -8 -4 -6 -29
right_child=1 2 27 4 5 7 26 -9 19 -11 -12 12 13 16 -16 18 17 -19 23 -21 -22 -23 -24 -25 25 -27 -28 29 -30 -31
leaf_value=-0.037931214250061962 0.061978557791660949 0.00071195850714830561 -0.049130694060786968 0.047824468372023587 -0.047268623746215682 0.052798594690804196 -0.039377229138036235 -0.011294565990290772 0.025492037678717383 -0.057515952058303968 0.054756352343254433 -0.053610719142781094 -0.049482339140584218 0.054090938188616357 0.066849781024358235 -0.030924606912459015 0.036943863607184269 -0.021171103167333852 0.054065460519514157 0.018605984850054037 0.0027540326465390684 0.013053665511184002 0.055070063695927818 0.012036396060773181 0.016052978714492551 0.042470463151753388 -0.017321151753975878 -0.040465705297814042 -0.039056683937800755 -0.038252014009982856
leaf_weight=46.403960871510208 2.7101148888468769 9.0929454779252463 1.1292442083358754 1.6779204811900879 0.76024469174444709 9.2170580858364684 11.945139131508769 3.2118213502690187 4.0678086467087295 3.0386722497642031 7.1788444537669411 2.2775706192478542 1.7106700967997341 6.4942245036363628 5.9524426981806746 2.0827357629314065 9.2432183027267509 3.5821200199425141 1.6204221770167349 4.9664781037718049 1.4511324856430317 1.1310904454439876 10.918613303452728 4.1640975885093203 4.2983184000477221 20.638546464964747 2.5667899977415791 0.42518613487482104 1.9819791819900263 3.2054324839264154
leaf_count=3562 13 75 5 16 8 46 270 36 27 19 38 25 32 27 33 32 54 69 9 35 27 23 53 48 42 166 68 7 61 158
internal_value=0.00519623 0.0192166 0.00967479 0.0130922 -0.00311069 0.022215 -0.0268428 0.0362359 0.026034 0.0116408 0.0245555 0.0298956 0.0165675 0.0246844 0.0382172 0.0334182 0.0319325 0.0207123 0.00931987 0.0399637 -0.0316747 -0.0245915 0.0470416 0.02381 0.0402756 0.0379169 -0.0354761 -0.0410306 -0.0413333 -0.0385113
internal_weight=189.145 142.741 75.3842 70.6243 31.361 15.1711 16.1898 12.4289 39.2634 19.3105 16.2718 67.3567 25.89 22.1613 41.4667 35.5142 19.3196 12.8253 7.86726 19.9529 3.7287 2.84176 14.9864 5.78452 27.647 24.9369 14.5119 4.75986 2.74222 3.63062
internal_count=5084 1522 922 752 505 151 354 82 247 132 113 600 257 205 343 310 150 123 89 115 52 55 80 57 221 208 338 170 69 165
is_linear=0
shrinkage=0.05


Tree=152
num_leaves=23
num_cat=0
split_feature=38 39 46 42 13 5 42 31 36 36 20 9 37 1 39 40 21 11 6 1 32 14
split_gain=110.377 6.86164 5.77242 2.59479 1.90279 1.33177 2.34081 1.03215 0.3941 0.640309 0.00468455 0.000541533 0.00106027 0.000905499 0.00119788 0.000598696 0.000317566 0.000230244 7.67615e-05 7.54559e-06 4.18598e-06 2.58869e-07
threshold=-1.1186715576134809 0.80857471943477044 0.73471103324601095 0.41778468163674881 -1.2277804872671068 -1.2085057952819418 -0.45720040749265523 -0.26278126419619047 1.3679814113296385 0.72528512574632253 -1.1880612340604182 1.0850902257024664 -0.65107736522906023 0.0087579316423621687 0.27204186226388005 0.44898798543131052 0.86295960228653812 0.24060602805498296 0.30844082595299677 0.98031893279753557 0.6765056146129742 1.3631953950306517
decision_type=2 2 2 2 2 2 2 2 2 2 2 2 2 2 2 2 2 2 2 2 2 2
left_child=1 2 3 5 -2 8 7 -7 9 -1 -6 12 13 14 -12 17 -17 -14 -15 -13 21 -21
right_child=4 -3 -4 -5 10 6 -8 -9 -10 -11 11 19 15 18 -16 16 -18 -19 -20 20 -22 -23
leaf_value=0.039837016786906973 0.014198023377168143 -0.068363308331612527 -0.04095857798661872 -0.012594044588762799 -0.04191601897742675 0.042779265456739074 -0.011557123761594752 0.012926919908266535 0.061480045037457146 0.019456787006276142 -0.040708557802208722 -0.038448775675234227 -0.038278136562539949 -0.039005789229888066 -0.038926680191103152 -0.038705276820958409 -0.038459717356499314 -0.038614425853151724 -0.038494734721915114 -0.038286281409612898 -0.038372428052029284 -0.03826351383432755
leaf_weight=78.333907842636108 1.7345430515706528 1.6734893582761277 2.5297103878110638 2.7332736253738394 1.0308667421340931 9.4427162483334541 3.6308393701910964 4.1760566011071214 1.9670775681734074 4.0534272119402877 1.6312526948750012 0.62126501649618404 24.261404879391197 0.95667466707527626 2.2360982466489077 38.508680356666446 20.006493741646409 6.4410981480032197 3.1676554083824158 1.362365435808903 0.96813673339784045 14.937181074172257
leaf_count=1078 33 11 23 20 9 87 21 30 9 36 19 20 955 22 56 1041 663 194 100 51 33 573
internal_value=-0.00428191 0.0320979 0.0336711 0.0354805 -0.037784 0.0367738 0.024115 0.0336254 0.0393624 0.0388343 -0.0385604 -0.0385304 -0.0385769 -0.0391287 -0.0396783 -0.0385275 -0.0386213 -0.0383487 -0.0386133 -0.0382776 -0.0382714 -0.0382654
internal_weight=226.404 108.54 106.867 104.337 117.864 101.604 17.2496 13.6188 84.3544 82.3873 116.129 115.098 97.2094 7.99168 3.86735 89.2177 58.5152 30.7025 4.12433 17.8889 17.2677 16.2995
internal_count=5084 1315 1304 1281 3769 1261 138 117 1123 1114 3736 3727 3050 197 75 2853 1704 1149 122 677 657 624
is_linear=0
shrinkage=0.05


Tree=153
num_leaves=31
num_cat=0
split_feature=22 42 37 42 3 33 39 25 25 25 39 33 22 40 15 0 22 35 33 31 6 8 25 6 32 6 24 31 15 3
split_gain=62.0067 12.8704 4.78095 7.43481 3.77021 4.19318 4.70691 2.73181 4.36543 4.2237 3.00681 3.06043 2.90419 2.84418 3.46443 2.73074 2.61274 2.51328 2.47675 2.29083 1.79726 1.96304 1.4203 1.37714 0.837499 1.34485 0.523107 0.497797 2.33672 0.278136
threshold=-0.20861791131079027 0.8566448352894408 -0.098285831242653582 -0.49843844998499237 -0.74097648226374713 -0.2811418974364161 0.42802052377877892 0.047650781698693266 0.074515607580570284 -1.1343059037726935 0.28430924722021483 2.3892295334998965 2.0499220982884179 -0.16400334405388545 0.40855301168765296 3.8467859583836073 1.0906380796827129 0.75134829326397357 -0.22406036348034428 0.2211396058406975 -0.14067453865061227 0.2060327384766108 -1.2809658839935076 -0.073569092808141237 0.62425483694002148 2.164634837101167 0.97490285903999763 -0.26278126419619047 -0.76209358371213576 -0.47774189413931217
decision_type=2 2 2 2 2 2 2 2 2 2 2 2 2 2 2 2 2 2 2 2 2 2 2 2 2 2 2 2 2 2
left_child=2 7 3 19 -5 17 18 9 -9 -2 11 12 -10 26 -15 -4 -16 23 -7 22 29 -22 -1 -6 -3 -26 -11 -24 -29 -12
right_child=1 24 15 4 5 6 -8 8 10 13 20 -13 -14 14 16 -17 -18 -19 -20 -21 21 -23 27 -25 25 -27 -28 28 -30 -31
leaf_value=0.030235214461027178 0.042347035884615705 0.040252702782738584 -0.038590277629874797 0.094091654312161113 -0.032401605933405103 0.098364577909999196 -0.039339338659926962 0.083440815416692973 0.021778475534197862 -0.080205210864151111 -0.020412911825833185 -0.019423697191711366 0.078190020764778573 -0.040418959037359599 0.033901434400609692 0.043352540079336095 -0.031137417459165279 0.040134800993354876 0.029384207268686454 0.035517133992554482 0.022120942988687747 -0.016381437474533543 -0.038465583501534562 0.007405431154565191 -0.012734552828187605 0.040363450727020717 -0.038885576095052277 0.04675152676771932 -0.038929253638013944 -0.045437967846413463
leaf_weight=0.83228511735796828 3.5889910981059101 59.478796452283859 58.35656251385808 1.1152648106217409 10.094516670331359 1.8227331116795538 1.9684846010059116 2.1758524719625703 22.037116158753641 0.90046881884337082 2.2548192627727985 4.023161467164754 2.5450328066945067 4.0615484267473168 5.7538864519447088 1.0347406864166249 2.1105627715587616 1.7436312455683953 4.5486460607498849 1.2186620458960522 7.0343829505145532 6.2535290867090225 27.949560681357976 2.7685900181531915 2.0052306577563277 2.9421908780932426 5.128638768568635 1.0052707605063913 3.8180830217897919 2.1874677576124695
leaf_count=6 19 748 2019 10 247 18 47 12 176 12 26 36 12 73 46 7 21 12 53 15 46 29 1073 16 15 34 101 19 118 18
internal_value=-0.000746033 0.0224789 -0.0271529 -0.0170573 0.0043161 -4.72317e-05 0.0282393 0.00764537 0.0142252 -0.00717065 0.010975 0.0210026 0.0276189 -0.0170686 -0.00291934 -0.0371626 0.0164471 -0.0161977 0.0491182 -0.0318255 -0.00520333 0.00400103 -0.0342676 -0.0238337 0.0386086 0.0188424 -0.0450568 -0.0359057 -0.0210719 -0.0327357
internal_weight=252.759 134.482 118.277 58.8857 24.0619 22.9466 8.33986 70.0555 48.5114 21.5441 46.3355 28.6053 24.5821 17.9551 11.926 59.3913 7.86445 14.6067 6.37138 34.8239 17.7302 13.2879 33.6052 12.8631 64.4262 4.94742 6.02911 32.7729 4.82335 4.44229
internal_count=5084 1424 3660 1634 403 393 118 627 355 272 343 224 188 253 140 2026 67 275 71 1231 119 75 1216 263 797 49 113 1210 137 44
is_linear=0
shrinkage=0.05


Tree=154
num_leaves=31
num_cat=0
split_feature=10 42 22 40 25 37 38 39 37 39 28 40 11 24 24 15 7 0 24 19 14 26 8 7 37 31 30 19 4 24
split_gain=55.8175 14.8638 9.52075 6.43436 7.57926 5.18657 7.82898 6.40313 4.34941 4.27178 3.5931 3.4735 3.00037 2.72733 3.23726 2.54042 2.47562 2.17228 1.93898 1.8094 0.839594 0.733027 0.696986 0.0770632 0.0332288 0.0185368 0.0133026 0.00238801 0.00150375 0.00228914
threshold=-0.31979867950948432 1.3928293566102685 -0.83090017290929874 0.47452929082652701 0.27947024803884557 -0.25442319194386703 0.0308214500422502 0.86366015135609786 -0.011592364651285254 0.40100575111340181 0.30704100260063016 2.0070076145395173 -0.87020217059374727 -0.6522040873115077 1.4763369159200419 0.94122125905950449 0.97954151091350983 0.36697619415883242 1.4390128466240413 0.49915869904091809 1.0000000180025095e-35 -0.55507306471332429 -0.54683468795316659 0.13659696322164558 0.22782998151646375 0.14576128913341543 -0.37780882999082183 0.34385128038555252 -1.2565290392760424 0.58936442678402667
decision_type=2 2 2 2 2 2 2 2 2 2 2 2 2 2 2 2 2 2 2 2 2 2 2 2 2 2 2 2 2 2
left_child=9 2 17 4 12 6 -5 8 -7 26 16 -9 -4 22 21 -12 -6 24 -14 -19 -3 -15 23 -11 -2 -22 28 -26 -1 -30
right_child=1 20 3 5 10 7 -8 11 -10 13 15 -13 18 14 -16 -17 -18 19 -20 -21 25 -23 -24 -25 27 -27 -28 -29 29 -31
leaf_value=-0.038692794675942999 -0.047957636041767226 0.0052468767010026389 -0.011696655351647768 0.026830032240504866 -0.041071188815322332 -0.0054260051615395164 -0.060336913673685544 0.0035561198825317802 0.034804441531521728 -0.039486933189614971 -0.008312624886565893 0.04075800881509628 0.03880185611314832 0.015513348397955373 -0.031491246517306878 0.041738937354028449 0.014441174131309104 0.0074306470597191414 0.02013651291503931 -0.039739200066900709 -0.046336608175703287 0.053886183217222688 -0.010013184497123384 -0.054581391325707745 -0.041027641172537654 -0.038942617778924903 -0.044162117776153587 -0.039046542038730349 -0.039670257116363544 -0.038800155101523306
leaf_weight=42.255745496600866 1.5331229083240048 1.1336548775434518 3.6942208372056475 4.4025332108139974 6.6501092128455657 8.1637875884771329 6.2088484615087509 110.13258082419634 37.944062333554029 3.7582902908325195 4.7486247681081277 6.6535316184163085 59.337498389184475 2.4537926986813545 2.8981819972395897 5.4389056116342545 2.8773574233055115 6.9698491469025594 18.175486631691456 2.8702580630779266 0.90234589949250121 2.5254334360361081 2.4163773246109486 1.0910490639507768 2.4116928167641163 13.983731698244808 1.2151250652968872 4.1192225925624371 12.626909945160152 18.834426414221525
leaf_count=1068 11 12 36 28 70 52 28 758 461 66 32 44 907 27 28 32 20 38 170 43 6 16 25 14 25 309 10 83 216 449
internal_value=0.000547606 0.0106625 0.0132323 0.0155371 0.0255757 0.00969798 -0.0241724 0.0119044 0.0276813 -0.0340783 -0.00223357 0.00567558 0.032327 -0.00985694 0.0105219 0.0184088 -0.0243061 -0.0220945 0.0344251 -0.00632831 -0.036232 0.0349758 -0.0319514 -0.042883 -0.0413332 -0.0393908 -0.0389732 -0.0397781 -0.0388877 -0.0391494
internal_weight=398.427 308.351 292.332 274.428 100.922 173.505 10.6114 162.894 46.1078 90.0753 19.715 116.786 81.2072 15.1431 7.87741 10.1875 9.52747 17.9041 77.513 9.84011 16.0197 4.97923 7.26572 4.84934 8.06404 14.8861 74.9322 6.53092 73.7171 31.4613
internal_count=5084 3165 2838 2638 1267 1371 56 1315 513 1919 154 802 1113 176 71 64 90 200 1077 81 327 43 105 80 119 315 1743 108 1733 665
is_linear=0
shrinkage=0.05


Tree=155
num_leaves=31
num_cat=0
split_feature=39 20 24 38 21 38 24 34 40 3 12 18 37 0 6 28 0 39 19 11 24 22 6 30 37 22 19 42 22 42
split_gain=42.363 5.444 5.53036 4.97256 4.40957 5.5763 5.00759 3.24327 2.28178 2.27629 3.50106 3.66082 2.26756 4.68671 1.7958 1.73115 0.896152 0.34306 0.309609 0.0381324 0.00548663 0.00175494 0.000186444 0.000124157 0.000100443 7.76951e-05 5.75061e-05 5.04048e-05 3.26669e-05 4.88712e-05
threshold=0.7085912603143959 1.1502077784534082 -0.57882197693446613 0.0308214500422502 0.43490134049592016 0.75594019017965419 -0.38055577969134541 -1.13245582536237 1.3684749796591047 0.18185576442648196 0.82890349225653204 1.1640796275676031 -0.011592364651285254 -0.8400196593188588 -0.89292119579164919 0.78745038288026936 0.45019678981846151 1.5618475425978935 0.23778565628788331 -0.10462639767410421 -0.94689758255064949 -0.62573259603165476 -0.93872733723526947 -0.74746952505231035 0.054235881476368729 -0.64853201538657168 2.6108352102486179 -0.2804187934473174 -0.38321115807146472 0.8566448352894408
decision_type=2 2 2 2 2 2 2 2 2 2 2 2 2 2 2 2 2 2 2 2 2 2 2 2 2 2 2 2 2 2
left_child=22 2 9 21 8 6 -6 -7 17 10 12 19 13 -2 16 -14 18 -5 -11 -12 -3 -4 -1 -23 -25 -22 28 -28 -24 -30
right_child=1 20 3 4 5 7 -8 -9 -10 14 11 -13 15 -15 -16 -17 -18 -19 -20 -21 25 23 26 24 -26 -27 27 -29 29 -31
leaf_value=-0.038732282953913441 0.071306206549097736 -0.043435651664059771 -0.040649493668827377 0.043850377485321376 -0.037775199837639106 0.052930985420129396 0.0068439937900639878 0.012681954800552273 0.0013030708224318972 0.05937208470125236 -0.040668548263327525 0.042160275411254285 0.03048055165128993 -0.040335370645531901 0.078153870296701997 0.068885643694307719 0.022795230615705792 0.063142457917755856 0.041186083380043197 -0.051541371556139304 -0.038721944062754747 -0.039200104654739214 -0.037837803850463071 -0.038079190307205628 -0.038700808386332858 -0.03808950482905514 -0.038642723172661139 -0.037958932788228511 -0.037989039164948925 -0.037835834945096937
leaf_weight=0.67210095748305221 1.3872227892279623 0.58675128966569934 1.0816162899136541 7.9791456554084998 8.9461404765024763 7.6717442888766554 21.164792040362958 14.399230552837251 3.1569192353636018 3.3735659718513542 1.5280056167393923 1.8247487386688588 30.241089724004269 2.9163439283147445 3.3812666200101367 3.2495440570637575 6.0433024540543547 3.2401055991649628 7.6413736939430237 1.7075536884367457 0.58735200669616494 0.38720974884927306 20.148257734254003 2.3290291111916299 0.90134125389158715 2.80372530221939 0.46844874043017626 0.6345935845747579 12.727235103026034 8.8076389115303737
leaf_count=24 7 4 14 59 102 42 207 167 33 15 33 23 235 69 16 18 32 12 75 9 19 9 1789 136 24 162 15 45 917 772
internal_value=0.00516424 0.0186759 0.0203802 0.0108265 0.0143361 0.00758103 -0.00641264 0.0266723 0.0388553 0.0311358 0.0245873 -0.0144694 0.0298167 -0.00434854 0.0448656 0.0342069 0.0382673 0.0494219 0.0467559 -0.0464066 -0.0389715 -0.0388824 -0.037906 -0.038354 -0.0382526 -0.038199 -0.037893 -0.0382493 -0.0378836 -0.0379264
internal_weight=181.987 138.529 134.551 71.2573 66.5581 52.1819 30.1109 22.071 14.3762 63.294 42.8545 5.06031 37.7942 4.30357 20.4395 33.4906 17.0582 11.2193 11.0149 3.23556 3.97783 4.6992 43.4583 3.61758 3.23037 3.39108 42.7862 1.10304 41.6831 21.5349
internal_count=5084 1522 1337 805 622 518 309 209 104 532 394 65 329 76 138 253 122 71 90 42 185 183 3562 169 160 181 3538 60 3478 1689
is_linear=0
shrinkage=0.05


Tree=156
num_leaves=23
num_cat=0
split_feature=38 39 46 42 13 5 42 31 36 36 20 9 19 37 9 39 39 13 14 42 32 14
split_gain=102.523 6.38172 5.33245 2.42265 1.85826 1.37763 2.2008 1.03039 0.337275 0.665943 0.00393911 0.000501565 0.0010249 0.000544317 0.000756495 0.000190667 0.000189309 0.000121826 3.41924e-05 5.34331e-06 3.96327e-06 2.15051e-07
threshold=-1.1186715576134809 0.80857471943477044 0.73471103324601095 0.41778468163674881 -1.2277804872671068 -1.2085057952819418 -0.45720040749265523 -0.26278126419619047 1.3679814113296385 0.72528512574632253 -1.1880612340604182 1.0850902257024664 -0.27854517878572921 -0.65107736522906023 -0.26675145670019401 1.1444250533633491 0.2418042422128481 0.66434432759919237 -0.67917382215662736 0.91658850498424493 0.6765056146129742 1.3631953950306517
decision_type=2 2 2 2 2 2 2 2 2 2 2 2 2 2 2 2 2 2 2 2 2 2
left_child=1 2 3 5 -2 8 7 -7 9 -1 -6 12 15 14 -14 17 -15 -12 -17 -13 21 -21
right_child=4 -3 -4 -5 10 6 -8 -9 -10 -11 11 19 13 16 -16 18 -18 -19 -20 20 -22 -23
leaf_value=0.039668665665136937 0.013715362527912368 -0.06710186552929466 -0.039606145794196274 -0.011867048934643921 -0.041660270414088936 0.042430920098919016 -0.01120788779500783 0.012049228680254362 0.059817777920083706 0.018568884446615554 -0.038411208498630764 -0.038351768066510063 -0.039759002748761575 -0.038408167709723225 -0.038678113260581362 -0.038752355083940433 -0.03866529832215438 -0.038203069996463272 -0.038481365643894573 -0.038230650139706363 -0.0383174444727526 -0.038208102367006197
leaf_weight=73.214177064597607 1.7306516170501698 1.6102401819080103 2.4517960213124743 2.6770861707627764 0.97912169992923637 8.8824305906891823 3.6211291700601569 4.0691927522420892 1.9178614914417256 3.940853349864482 10.83319789171219 0.75891738384962337 2.6135367807000875 9.1467995531856996 4.2529332097619763 1.3056795746088017 32.924911167472601 20.027341222390532 10.72976599819958 1.1449371818453045 0.9072547126561411 13.844851193949578
leaf_count=1078 33 11 23 20 9 87 21 30 9 36 377 27 51 328 124 33 944 853 340 46 33 571
internal_value=-0.00445046 0.0316514 0.0332293 0.0350456 -0.0376904 0.0363586 0.0232511 0.0328855 0.0391058 0.038591 -0.0385031 -0.0384746 -0.0385204 -0.0386768 -0.0390895 -0.038342 -0.0386094 -0.0382761 -0.0385108 -0.0382222 -0.038216 -0.0382098
internal_weight=213.585 102.385 100.775 98.3227 111.2 95.6456 16.5728 12.9516 79.0729 77.155 109.469 108.49 91.8342 48.9382 6.86647 42.896 42.0717 30.8605 12.0354 16.656 15.897 14.9898
internal_count=5084 1315 1304 1281 3769 1261 138 117 1123 1114 3736 3727 3050 1447 175 1603 1272 1230 373 677 650 617
is_linear=0
shrinkage=0.05


Tree=157
num_leaves=31
num_cat=0
split_feature=22 1 37 42 11 22 29 29 33 0 39 3 39 13 0 38 40 17 31 17 25 18 15 30 25 31 15 38 47 40
split_gain=56.8466 12.2416 4.79692 7.05663 3.55923 3.59139 4.82012 3.00403 2.95778 2.60628 2.54039 2.49058 2.35432 5.09375 3.17507 3.49876 2.35697 2.25403 2.17336 2.12955 1.35905 1.18411 1.15182 1.03594 0.612916 0.510404 2.23429 0.0663764 0.0329478 0.0244595
threshold=-0.20861791131079027 1.2641949932054872 -0.098285831242653582 -0.49843844998499237 -0.8270852818386637 -0.45077268242967294 -0.45930328704143936 -0.4097561386350555 -0.37956589277663849 3.8467859583836073 -0.13569891178321034 -0.85003968803524821 0.28430924722021483 0.74308381816759206 1.8346308418990052 0.26483696430407672 -0.26616856563475139 -0.25777431465001305 0.2211396058406975 -0.15981460321444835 -1.2809658839935076 0.32559385858047535 0.96819070880165192 -0.27966362160406727 -0.59706038565915642 -0.26278126419619047 -0.76209358371213576 0.65330867640023682 1.0863043768880736 -0.59820553577256586
decision_type=2 2 2 2 2 2 2 2 2 2 2 2 2 2 2 2 2 2 2 2 2 2 2 2 2 2 2 2 2 2
left_child=2 7 3 18 -5 -6 10 11 -8 28 -7 -2 13 16 15 17 19 -14 20 -9 -1 -18 -15 -13 -25 -22 -27 -17 -4 -26
right_child=1 -3 9 4 5 6 8 12 -10 -11 -12 23 14 22 -16 27 21 -19 -20 -21 25 -23 -24 24 29 26 -28 -29 -30 -31
leaf_value=0.029486714740088838 0.051956619447197198 0.040092826960447324 -0.03841484336093124 0.090705289963911306 -0.039738513428200589 0.0087993619973887483 -0.036744775352978508 -0.020293352352186298 0.013024656629719689 0.043069783386968624 0.078313245464133485 0.02431264303280083 0.040753863975133114 0.0010113717041011598 0.045972419295609884 -0.035728889749670582 0.03296883200976862 -0.0036635111268634082 0.03354151237258475 0.022842302800281725 -0.038402857373885206 0.064772217713863198 -0.053961315163217949 0.0022486356750732813 -0.04897203570271963 0.045044082956500843 -0.038874919324115027 -0.047194172861934718 -0.05084022119305668 -0.040062327876748828
leaf_weight=0.82127388194203632 1.0856507029384372 53.895050257444382 54.593512695282698 1.1389434840530182 4.5158082637935903 2.242998618632555 4.9936276096850696 3.4355568233877412 7.4225111790001277 0.99607719480991264 3.1743438150733772 0.81259770691394795 3.5185901820659717 1.5457500405609597 3.4557001143693915 2.2976958975195876 10.271938662976028 15.172972071915865 1.2383151985704888 17.115852238610387 26.051589356735352 4.0929345376789561 2.4842720050364733 0.93014782667159934 0.91359322145581234 1.0177282914519308 3.5944789797067633 2.8015331067144871 0.53878112696111102 4.9111999273300162
leaf_count=6 12 720 2014 13 148 32 91 30 89 7 30 7 22 31 19 34 75 97 15 154 1073 23 39 11 5 19 118 37 5 108
internal_value=-0.000756869 0.0219235 -0.0267484 -0.0164241 0.00448619 9.23766e-05 0.0101784 0.00884008 -0.00699203 -0.0370881 0.0495317 -0.0188647 0.0124618 0.020349 0.00118792 -0.0053172 0.0264922 0.00469783 -0.0314331 0.0156314 -0.0339885 0.0420305 -0.0328761 -0.0290248 -0.0354412 -0.0356886 -0.0203574 -0.042028 -0.0385363 -0.0414598
internal_weight=241.081 128.741 112.34 56.2116 23.4882 22.3493 17.8335 74.846 12.4161 56.1284 5.41734 8.65319 66.1928 38.9463 27.2465 23.7908 34.9163 18.6916 32.7234 20.5514 31.4851 14.3649 4.03002 7.56754 6.75494 30.6638 4.61221 5.09923 55.1323 5.82479
internal_count=5084 1424 3660 1634 403 390 242 704 180 2026 62 143 561 352 209 190 282 119 1231 184 1216 98 70 131 124 1210 137 71 2019 113
is_linear=0
shrinkage=0.05


Tree=158
num_leaves=31
num_cat=0
split_feature=10 42 22 13 0 38 12 37 17 38 46 39 39 24 24 0 7 19 9 14 26 8 7 37 31 30 19 4 1 22
split_gain=51.459 13.5581 8.60911 5.30161 7.14359 6.6131 11.1756 10.5182 6.58572 5.78992 4.2961 4.10633 4.07318 2.51179 2.93003 2.06735 1.9759 1.69186 1.36348 0.825084 0.72284 0.663434 0.0718173 0.0270023 0.0152674 0.0111826 0.00188881 0.00135869 0.00206452 0.00108388
threshold=-0.31979867950948432 1.3928293566102685 -0.83090017290929874 0.87679238705732743 1.8346308418990052 0.73702949670526363 0.57798937626764835 0.79451342137174297 -1.5954576653870092 0.45312775106249165 -1.1362935257205511 0.40100575111340181 1.2254093300896811 -0.6522040873115077 1.4763369159200419 0.36697619415883242 -0.33315205277776067 0.49915869904091809 0.27800953755029928 -1.0000000180025095e-35 -0.55507306471332429 -0.54683468795316659 0.23205457423920475 0.22782998151646375 0.14576128913341543 -0.37780882999082183 0.34385128038555252 -1.2565290392760424 0.90654859328389648 -0.38321115807146472
decision_type=2 2 2 2 2 2 2 2 2 2 2 2 2 2 2 2 2 2 2 2 2 2 2 2 2 2 2 2 2 2
left_child=11 2 15 5 10 8 16 -8 -4 -10 12 25 -5 21 20 23 -7 -17 -12 -3 -15 22 -13 -2 -21 27 -25 -1 29 -29
right_child=1 19 3 4 -6 6 7 -9 9 -11 18 13 -14 14 -16 17 -18 -19 -20 24 -22 -23 -24 26 -26 -27 -28 28 -30 -31
leaf_value=-0.038605778521799507 -0.047203246765218393 0.0055573055670498934 -0.036731562963146051 0.031115034980380315 -0.043131978744138946 -0.026581181491795731 0.032983137315964688 -0.020848726970984 0.009359198445091867 0.029497727973512085 0.037631135813790732 -0.039344927283666481 -0.033414010227352998 0.014317721911273949 -0.030455971192072162 0.0070924203420788664 -0.074755605126072724 -0.039596572710850514 -0.0043832478323028654 -0.045717642080335685 0.053098162847844667 -0.0099093734997848602 -0.05471426335840595 -0.040764542013820744 -0.038841589217449866 -0.043757890459860019 -0.038944298746350012 -0.03901291472149318 -0.038682305511270401 -0.039930331054840534
leaf_weight=39.337480671703815 1.4509975276887441 1.108449891209603 5.7300957366824141 5.1027892380952817 3.4492473825812331 3.4883689060807228 18.381781917065382 17.920544736087322 84.029258321970701 62.04331761598587 53.320236206054688 3.6042538322508335 4.6959912404417992 2.3861558586359024 2.8056616745889187 6.8659240379929525 5.4599946364760381 2.7046743184328079 2.0036054477095595 0.86053668335079869 2.4204519875347597 2.3538208045065403 0.96320263668894757 2.2598920427262783 13.045744616538284 1.1555723510682572 3.8585313260555267 5.7757413648068905 16.465535745024681 7.2744219973683375
leaf_count=1068 11 12 35 70 27 27 240 85 696 588 809 68 21 27 28 38 24 43 16 6 16 25 12 25 309 10 83 126 429 110
internal_value=0.000567507 0.0103416 0.0128001 0.0150162 0.0269908 0.0108493 -0.00592746 0.00640918 0.0158502 0.0179129 0.0307048 -0.0338593 0.000189979 -0.00967405 0.0101463 -0.0215451 -0.0559756 -0.006102 0.0361095 -0.035958 0.0338463 -0.0314732 -0.0425861 -0.0410709 -0.0392671 -0.03888 -0.0396166 -0.0387982 -0.0390546 -0.0395243
internal_weight=382.322 297.78 282.765 265.625 68.5719 197.053 45.2507 36.3023 151.803 146.073 65.1226 84.5423 9.79878 14.5335 7.61227 17.14 8.94836 9.5706 55.3238 15.0147 4.80661 6.92128 4.56746 7.56942 13.9063 70.0088 6.11842 68.8532 29.5157 13.0502
internal_count=5084 3165 2838 2638 943 1695 376 325 1319 1284 916 1919 91 176 71 200 51 81 825 327 43 105 80 119 315 1743 108 1733 665 236
is_linear=0
shrinkage=0.05


Tree=159
num_leaves=31
num_cat=0
split_feature=39 20 16 34 4 38 37 39 3 32 37 0 19 32 38 40 37 25 32 33 14 0 6 19 42 25 22 1 38 0
split_gain=39.2666 5.09538 4.68963 4.77429 2.67394 4.38674 3.5365 5.39949 2.31478 4.45413 3.97266 7.37065 2.11194 2.9076 1.61433 1.42108 2.68395 1.35834 1.14915 1.10897 0.0254245 0.00436609 0.000152997 5.01866e-05 4.2534e-05 3.62395e-05 2.98069e-05 4.55159e-05 4.06038e-05 4.4904e-05
threshold=0.7085912603143959 1.1502077784534082 -0.36847805792082272 -1.2805157590816154 0.36443000326654046 0.22498043074080692 0.9948085931592402 1.348514492363085 0.18185576442648196 0.85106407857066058 0.39072958114653172 -0.8400196593188588 0.34385128038555252 1.1701149165401439 0.75594019017965419 0.75548365017390851 0.4981944567945093 -1.2809658839935076 1.1397569228083724 -0.72374990046468002 -0.71133975363040325 1.1183392864000548 -0.93872733723526947 2.6108352102486179 -0.2804187934473174 -1.3315527694120151 -0.38321115807146472 0.90654859328389648 0.26483696430407672 -1.2472061452249008
decision_type=2 2 2 2 2 2 2 2 2 2 2 2 2 2 2 2 2 2 2 2 2 2 2 2 2 2 2 2 2 2
left_child=22 2 8 19 5 17 20 -8 9 10 11 -2 13 -11 -12 -10 -17 -5 -18 -4 -6 -3 -1 26 -25 -23 -24 28 29 -28
right_child=1 21 3 4 6 -7 7 -9 15 12 14 -13 -14 -15 -16 16 18 -19 -20 -21 -22 25 23 24 -26 -27 27 -29 -30 -31
leaf_value=-0.038654831072085442 0.054192546766849696 -0.042461642553075794 0.060563238622511222 0.028511560544106675 -0.047800036885318739 0.041972122970250034 0.029299303772988936 -0.028823249290212821 0.0606852093742195 -0.037568806824980427 0.027941014301396234 -0.038386562302168165 0.041993591052861746 0.026797979286228391 0.050825559902273831 -0.016733247569766276 0.032661354361048354 -0.038586303229700442 0.062616549963586648 0.024883281418049824 -0.04060971444390641 -0.038428631750787152 -0.037815501697578274 -0.038582765856809503 -0.037937657031775887 -0.038015236191080271 -0.037811965151282441 -0.037812798966640832 -0.037857817494823566 -0.038114581433987896
leaf_weight=0.63075538631528516 3.489756777882576 0.70660597085952703 3.4186175614595413 0.98678021505475033 1.6072592511773107 6.9680592678487301 8.1115443771705014 7.8751378748565903 5.6581670073792365 6.1281433720141631 30.616492460481822 5.5996334915980679 1.6909100767225016 2.4582992168143392 10.29849226772785 2.4511355906724956 15.809297967702152 3.2013174183666688 4.0146681796759358 5.9998672381043416 5.2294683745130923 0.67906369734555516 18.788486279547215 0.4444070877507329 0.60113195795565733 2.4173354608938098 1.595719209872186 8.2658250639215094 5.054340691305697 5.2888443451374787
leaf_count=24 22 7 20 9 8 39 98 70 36 88 230 165 13 41 56 16 130 126 16 37 117 27 1789 15 45 151 152 778 450 309
internal_value=0.00520228 0.0181418 0.0197905 0.0063342 -0.00239694 0.0176649 -0.0122032 0.000667777 0.0264105 0.020897 0.0270586 -0.00284198 -0.00908232 -0.0191406 0.0337012 0.0383088 0.0326249 -0.022777 0.0387278 0.037834 -0.0423001 -0.0389152 -0.0378822 -0.03787 -0.0382119 -0.0381059 -0.0378608 -0.037903 -0.0379654 -0.0380444
internal_weight=176.086 135.416 131.613 43.3981 33.9796 11.1562 22.8234 15.9867 88.215 60.2817 50.0044 9.08939 10.2774 8.58644 40.915 27.9333 22.2751 4.1881 19.824 9.41848 6.83673 3.80301 40.6695 40.0388 1.04554 3.0964 38.9932 20.2047 11.9389 6.88456
internal_count=5084 1522 1337 524 467 174 293 168 813 615 473 187 142 129 286 198 162 135 146 57 125 185 3562 3538 60 178 3478 1689 911 461
is_linear=0
shrinkage=0.05


Tree=160
num_leaves=31
num_cat=0
split_feature=12 39 1 17 19 25 4 21 39 33 36 19 47 9 37 1 39 19 42 32 40 40 0 5 21 6 25 22 36 1
split_gain=89.2961 7.04941 6.26442 2.67161 5.4796 2.51222 0.533132 0.519601 1.42533 0.440048 0.312771 0.053753 0.00111176 0.000465732 0.000901223 0.000775446 0.000878583 0.000523875 0.000293497 0.000223609 0.000223576 0.000185283 0.000206404 0.000128492 8.89516e-05 7.59378e-05 4.39796e-05 2.78234e-05 2.1958e-05 7.61565e-06
threshold=-1.1211834092009336 0.80857471943477044 0.24712114971514343 0.036889959303141824 -0.53864465857083277 0.11290132724361722 -1.0730465052521139 -1.0840821030426315 -0.45075634517293239 -0.38576436326309338 0.72528512574632253 -0.38381329981791812 -0.1221446478687903 1.0850902257024664 -0.65107736522906023 0.027469078626358716 0.27204186226388005 -0.26891226612156288 -0.55973515484905856 -0.5331436740837675 0.44898798543131052 0.47452929082652701 0.24006478577789811 0.661063273703275 0.40551315192638399 0.30844082595299677 -1.3376848582170384 -0.42061425454763351 -0.75023396167004019 0.98031893279753557
decision_type=2 2 2 2 2 2 2 2 2 2 2 2 2 2 2 2 2 2 2 2 2 2 2 2 2 2 2 2 2 2
left_child=1 2 3 7 12 -4 -2 10 18 -7 11 -1 27 14 15 16 -8 20 -9 -18 26 24 -23 -22 -19 -17 -16 -5 -27 -15
right_child=6 -3 5 4 -6 9 13 8 -10 -11 -12 -13 -14 29 17 25 19 21 -20 -21 23 22 -24 -25 -26 28 -28 -29 -30 -31
leaf_value=0.039577997910071883 -0.0061110964210304257 -0.058238520261526761 0.020166916565822965 0.039437827833355636 -0.036904386271300611 -0.019609924302285846 -0.040580474790957964 0.040049370703944695 -0.013128438883950534 -0.050463743264448774 0.022440529432928125 0.046817149971270837 0.040951565484811124 -0.038342603931552734 -0.038498169586540912 -0.038910839095547378 -0.039506795423990243 -0.038517537219901886 0.04092445739799306 -0.0385151684036679 -0.038510533603489515 -0.038373259974928152 -0.038705531477061787 -0.03828536992046308 -0.038245927763465623 -0.038605944511360693 -0.038128175774125035 0.039736610454325076 -0.038285566519544872 -0.038170077816895326
leaf_weight=64.911469675600529 1.2926159426569928 2.2744055893272153 3.6910027097910625 1.6803555674850943 3.7768828868865949 2.2941389642655849 1.2722899541258805 2.3305776491761208 1.8125512488186348 2.3286700118333101 2.6777747720479956 2.6697608083486548 2.7681102976202965 0.66700862906873482 0.84902575984597106 0.82960755005478892 1.0032781399786475 6.5087328702211362 1.6271240264177325 1.3118602782487867 11.626754097640516 6.091781364753845 20.079495931044221 13.924155868589876 5.6148584820330143 0.71641284599900323 14.867437645792959 1.4528941512107847 2.1099348850548263 15.590358238667248
leaf_count=1010 26 19 24 27 16 16 15 30 18 24 29 14 31 24 30 21 17 213 17 44 360 217 555 543 237 20 699 21 82 681
internal_value=-0.00598118 0.028742 0.0308461 0.0348657 0.0101235 -0.0105926 -0.0380225 0.0380153 0.0235919 -0.0351521 0.0391999 0.039864 0.0402214 -0.0384228 -0.0384688 -0.0390027 -0.039525 -0.0384201 0.0404091 -0.0389449 -0.0382966 -0.0385533 -0.0386282 -0.0383878 -0.0383917 -0.0384902 -0.0381482 0.0395764 -0.0383668 -0.0381772
internal_weight=200.651 96.2957 94.0213 85.7075 9.67824 8.31381 104.356 76.0293 5.77025 4.62281 70.259 67.5812 5.90136 103.063 86.8056 7.24338 3.58743 79.5622 3.9577 2.31514 41.2674 38.2949 26.1713 25.5509 12.1236 3.65596 15.7165 3.13325 2.82635 16.2574
internal_count=5080 1296 1277 1213 95 64 3784 1118 65 40 1053 1024 79 3758 3053 199 76 2854 47 61 1632 1222 772 903 450 123 729 48 102 705
is_linear=0
shrinkage=0.05


Tree=161
num_leaves=31
num_cat=0
split_feature=22 42 22 10 38 39 39 36 15 31 11 39 39 39 1 0 4 32 29 40 11 7 22 47 36 19 1 42 34 13
split_gain=50.5518 10.3403 6.15584 5.6507 6.44175 3.6008 5.9506 3.88518 2.91376 2.60729 2.09033 2.00064 1.88834 3.32429 1.82541 1.34491 1.10014 0.955717 1.3712 0.741745 0.598798 2.88414 0.705251 1.79454 1.7528 0.0644287 0.0448873 0.0258016 0.0200952 0.0200925
threshold=-0.20861791131079027 0.8566448352894408 -0.4195007186689606 0.24991488725150157 -1.2194896795209071 0.87399825946647047 0.13432753749975621 0.0075083384848429651 -1.0134813926108299 -0.41013144227825138 -0.72735624908354801 1.3222104675278554 0.74884520346110872 0.59561912912395865 0.27888289787048604 4.129141550800207 1.5889251780789635 0.62425483694002148 1.9266394908561362 1.5728054228208366 -0.90480988891854508 -0.55498518404199049 -0.45077268242967294 -0.55886137463736374 0.72528512574632253 -0.27854517878572921 0.3469917986042419 1.1726569858833213 1.9768027827418473 -0.053224992109054133
decision_type=2 2 2 2 2 2 2 2 2 2 2 2 2 2 2 2 2 2 2 2 2 2 2 2 2 2 2 2 2 2
left_child=2 9 15 4 26 6 7 -6 -5 14 -11 12 13 -12 25 20 27 -3 -19 -13 21 -1 28 -24 -25 -2 -4 -10 -22 -27
right_child=1 17 3 8 5 -7 -8 -9 16 10 11 19 -14 -15 -16 -17 -18 18 -20 -21 22 -23 23 24 -26 29 -28 -29 -30 -31
leaf_value=-0.038201471362847933 -0.026002724770973835 0.039895740589094814 -0.038235460040112711 0.044246382443110299 -0.0312108948703698 -0.038913018816952055 0.079832987256864579 0.02778170334700646 -0.038605047966416756 0.054684519868107434 0.013266845520799445 -0.044304178193817351 0.041180628158123143 -0.03748638442529497 0.023919136640446398 0.042716708052368782 0.030541649003256718 -0.014828010760378492 0.040037464569146447 0.0015703878741083475 -0.038317023427849844 0.053382480853195136 0.028946067729936298 -0.038234287878470385 0.055597268661728254 -0.047686287537182015 -0.05385431643524774 -0.049371561665136163 -0.047015414474058624 -0.039000808379270481
leaf_weight=3.8811015803366899 0.8777644708752631 53.779939524829388 5.671274775639179 1.1950852274894739 3.9141595084220233 2.3741242326796046 4.0562569051980963 9.7262108922004682 15.658328482881192 2.7816385813057414 45.389348978176713 2.1546191014349456 5.263022903352975 3.4732351265847674 1.6046520210802553 0.56817401945590873 0.58958315849304099 2.0113034993410102 2.6251124516129494 1.4908494297415016 48.084639525972307 1.1042221635580052 1.3866431266069401 7.9892887920141202 0.53077216446399678 0.87732086330652226 0.50061316788196553 0.57696626707911569 0.67327693663537402 2.7626611515879627
leaf_count=184 26 770 241 7 75 67 33 86 559 25 370 24 37 36 14 4 7 15 34 18 1934 4 39 354 17 7 2 6 12 73
internal_value=0.000998235 0.0226598 -0.0239802 -0.00963364 0.00517025 0.0189074 0.0266644 0.0108535 -0.0311927 0.00920403 0.012348 0.0103095 0.0127243 0.00965922 -0.0218909 -0.0338686 -0.0365512 0.0380179 0.0162365 -0.0255433 -0.0345523 -0.0179161 -0.035966 -0.0238038 -0.0323889 -0.038162 -0.0395023 -0.0389877 -0.0384371 -0.0410942
internal_weight=233.572 125.091 108.481 44.2626 26.2426 20.0708 17.6966 13.6404 18.02 66.6751 60.5527 57.7711 54.1256 48.8626 6.1224 64.2181 16.8249 58.4164 4.63642 3.64547 63.6499 4.98532 58.6646 9.9067 8.52006 4.51775 6.17189 16.2353 48.7579 3.63998
internal_count=5080 1449 3631 1083 504 261 194 161 579 630 510 485 443 406 120 2548 572 819 49 42 2544 188 2356 410 371 106 243 565 1946 80
is_linear=0
shrinkage=0.05


Tree=162
num_leaves=31
num_cat=0
split_feature=37 9 40 5 38 34 19 24 25 39 39 13 38 20 40 37 20 25 2 22 9 37 15 23 37 25 36 5 0 1
split_gain=48.6945 15.0444 7.77196 6.9764 12.34 5.36946 4.78287 4.74256 4.59841 5.38497 3.97756 3.15982 6.08565 3.10554 2.98445 2.89294 2.84379 2.70156 4.53677 2.37494 2.18948 2.13886 1.9836 2.16033 1.50968 1.31722 1.02148 0.244769 1.0337 0.0551767
threshold=-0.77094098184948112 0.6279740506999113 0.44898798543131052 0.27840815414475489 0.095731318274349719 -1.0080854810382027 0.49915869904091809 -0.79052025983181617 0.43740017677329873 0.90179937341028771 1.5221449237418858 0.74308381816759206 0.77385930120414814 1.1502077784534082 1.9303836983538674 0.029035792242654176 0.32647623927699831 -1.3376848582170384 0.59693333985437624 -0.7564949140667182 -0.26772358385051287 -0.15796552139626804 1.0299557974293603 0.94521836266946269 -0.31793351455428936 0.31820076278111276 -3.0824630515477232 -0.49849769465587668 -0.36893164460274447 0.53542482458374774
decision_type=2 2 2 2 2 2 2 2 2 2 2 2 2 2 2 2 2 2 2 2 2 2 2 2 2 2 2 2 2 2
left_child=26 2 6 4 7 10 17 15 9 -7 13 12 16 -5 24 -4 -8 18 -2 -19 -9 -10 29 -24 -6 -21 -1 -28 -29 -3
right_child=1 22 3 5 14 8 11 20 21 -11 -12 -13 -14 -15 -16 -17 -18 19 -20 25 -22 -23 23 -25 -26 -27 27 28 -30 -31
leaf_value=0.027780282509447415 -0.054875480294609424 -0.049738555903800052 0.036802100517455798 -0.015554569856481945 -0.080845867581547645 0.03618301626067634 -0.00016215954368390867 0.041640901656892305 -0.039174980468942432 0.012192535081520607 0.046498593784240629 0.042869040439405121 -0.061366008759433321 0.038605866805327488 0.010917772045209287 -0.039703032823377844 0.043109769411453509 -0.034231105598802845 0.03940726186228502 0.039421628480250576 0.00044496053517826747 0.015066451064617582 0.026685450106658543 -0.040869450565183818 -0.042043708621448725 0.0024438612040704288 -0.038897620079923895 0.012746779025894559 -0.042765569040664038 -0.038907392028513316
leaf_weight=0.59314396232366462 2.2570854946970931 1.2774422168731749 1.6294506043195749 28.996139843016866 3.1172960028052357 34.305910527706146 15.049860224127778 10.628706566989422 5.0619433373212814 73.516922879964113 3.3709843531250945 5.3415102548897258 3.4223427996039382 2.912612158805131 2.3324295133352271 5.1129322089254856 5.0779613368213168 1.1729833185672749 2.9351324774324894 51.304184127599001 4.6304387636482689 2.8354880139231673 2.6808765530586234 2.1187176220118999 12.799349460750816 2.526961274445056 62.27271924726665 1.1973767392337324 2.7987732142209998 14.782649919390677
leaf_count=4 11 7 12 189 11 445 113 87 30 585 15 66 15 36 21 91 45 5 51 912 40 19 27 33 124 13 1635 14 53 371
internal_value=0.00105682 0.00962551 0.0126737 0.00699169 -0.0115047 0.0119221 0.0248716 0.0137089 0.0171281 0.0198256 -0.00515402 0.00814903 0.000274042 -0.0106108 -0.0419028 -0.0212138 0.0107547 0.0328978 -0.00157796 0.0361522 0.0291399 -0.0197002 -0.03134 -0.00313577 -0.0496432 0.0376858 -0.0375432 -0.0381278 -0.0261323 -0.0397689
internal_weight=368.06 301.198 280.339 191.251 40.2506 151 89.088 22.0015 115.72 107.823 35.2797 28.8917 23.5502 31.9088 18.2491 6.74238 20.1278 60.1963 5.19222 55.0041 15.2591 7.89743 20.8597 4.79959 15.9166 53.8311 66.862 66.2689 3.99615 16.0601
internal_count=5080 3374 2936 1705 386 1319 1231 230 1079 1030 240 239 173 225 156 103 158 992 62 930 127 49 438 60 135 925 1706 1702 67 378
is_linear=0
shrinkage=0.05


Tree=163
num_leaves=31
num_cat=0
split_feature=39 24 38 18 40 37 38 39 38 22 16 37 37 38 34 6 34 36 33 3 47 39 9 0 14 0 12 5 6 22
split_gain=32.9867 4.74714 4.7116 5.38193 3.88856 3.64498 5.32985 5.31199 5.36153 3.37736 3.29396 3.14102 2.77872 6.75033 2.8162 0.465298 0.425058 0.420675 0.316831 0.226905 0.153067 0.106335 0.0363954 0.00298674 0.00112508 0.000675357 0.000247693 7.62859e-05 4.86562e-05 3.81328e-05
threshold=0.6954590335867854 -0.58037045701957612 0.0308214500422502 0.4229265113989954 1.7260532551921355 0.88735153512852161 0.11924129063536505 1.4556558042501138 0.55977299922662316 -0.44240496050209271 -0.41851840594026241 2.6292182894116363 1.9143870936936278 0.98013613535030875 -1.1028438386185202 -0.56071879610977393 -0.5639056798804557 -0.25740027280857958 -0.47832280695169288 -0.23472600899136398 -1.7119730059338287 1.3883919161620708 -1.5299774921725329 1.0434407503063887 -0.87417278320437208 1.1397388681411023 -0.16859016885015368 -0.52495947060048287 -0.99851173328254628 -0.38075026303442855
decision_type=2 2 2 2 2 2 2 2 2 2 2 2 2 2 2 2 2 2 2 2 2 2 2 2 2 2 2 2 2 2
left_child=28 10 22 4 18 6 -5 8 -7 -9 11 12 13 14 -2 -6 -14 -13 19 -4 -8 -15 -3 -19 -24 -25 27 -26 -1 -30
right_child=1 2 3 5 15 7 20 9 -10 -11 -12 17 16 21 -16 -17 -18 23 -20 -21 -22 -23 24 25 26 -27 -28 -29 29 -31
leaf_value=-0.038471884003007994 0.043759978329716544 -0.053405461135557303 0.060179540694446913 0.0302820678385608 -0.040809800011018256 -0.045762380439087286 -0.019264451242130661 -0.045703762106783001 0.029348250401245099 0.014033567920609658 0.081586031312108453 0.0073747402028267479 0.061622350832835932 -0.035535784286174675 0.01723337442364135 0.0018533525955484556 0.038609446045504224 -0.043147371628969367 0.034118192282677491 0.044514501869628791 -0.043061894318934861 -0.053132037760445519 -0.040885634827346751 -0.040342400307977276 -0.039125624021438252 -0.037964459283932751 -0.03802948708217254 -0.038549260965859346 -0.037793568660229614 -0.037894952226823903
leaf_weight=0.3149226913228621 15.02741475030779 0.46771731227636326 4.639444047585128 3.6406633611768475 1.3105783853679898 2.6417566277086761 0.73416608572006126 5.8043308202177286 23.607736962847412 3.9942754041403514 2.4974839901551595 0.57805854920297894 4.8955390984192491 1.4791823569685214 29.940276239998646 1.2473607100546349 3.4001367064192873 0.85443332046270315 3.1986984666436902 4.607228048145771 8.4867295008152706 2.0463393777608871 0.5514248851686715 0.67184026911854722 1.077987873926759 0.53744437079876661 1.7477553049102414 1.2282240847125647 17.34845008328557 19.929337799083441
leaf_count=12 112 3 21 19 18 27 5 47 311 50 14 8 23 42 316 22 31 6 32 34 159 8 7 9 26 35 112 49 1774 1748
internal_value=0.0034301 0.0152848 0.00626374 0.00994516 0.036142 0.00190915 -0.0209423 0.0100623 0.0217891 -0.0213526 0.0253339 0.02297 0.0254492 0.0208747 0.0260981 -0.0200054 0.0521901 -0.0303247 0.0476821 0.0523743 -0.0411671 -0.0457493 -0.0401163 -0.0408845 -0.0387667 -0.0392856 -0.0384784 -0.0388187 -0.037853 -0.0378478
internal_weight=168.507 130.914 68.9861 63.913 15.0033 48.9097 12.8616 36.0481 26.2495 9.79861 61.9281 59.4307 56.7889 48.4932 44.9677 2.55794 8.29568 2.64178 12.4454 9.24667 9.2209 3.52552 5.07311 2.06372 4.60539 1.20928 4.05397 2.30621 37.5927 37.2778
internal_count=5080 1546 942 745 127 618 183 435 338 97 604 590 532 478 428 40 54 58 87 55 164 50 197 50 194 44 187 75 3534 3522
is_linear=0
shrinkage=0.05


Tree=164
num_leaves=31
num_cat=0
split_feature=20 38 39 14 25 29 42 25 25 38 3 24 38 42 6 13 1 19 37 1 39 40 40 0 0 1 30 21 40 1
split_gain=84.1264 7.25611 4.52145 4.91289 3.9164 1.57608 1.45274 1.02428 0.405183 0.188737 0.129616 0.00873868 0.00298312 0.0012068 0.000998841 0.00100436 0.000386195 0.000727036 0.000340852 0.000804986 0.000746454 0.00017958 0.00016021 0.000187218 0.000115317 0.000101839 8.17327e-05 8.12237e-05 6.35054e-05 4.2363e-05
threshold=-1.0929481643885659 -1.2194896795209071 0.13432753749975621 -0.30665220311507663 0.11290132724361722 -0.22425098336241939 -0.11525792013232121 0.25257403869087697 -0.18621566815575122 -1.195297546507287 0.05181107686819026 -0.28240873669880012 -1.184785962692849 -0.42766313400098105 -0.17332773171168783 -1.1748913200173894 1.3382307738600283 -0.26891226612156288 -0.65107736522906023 0.027469078626358716 0.27204186226388005 0.44898798543131052 0.47452929082652701 0.24006478577789811 0.61455746624622887 -0.089500637312437306 -0.31874539620118814 0.44469740335243219 1.1641445364973724 0.53542482458374774
decision_type=2 2 2 2 2 2 2 2 2 2 2 2 2 2 2 2 2 2 2 2 2 2 2 2 2 2 2 2 2 2
left_child=1 8 3 7 5 -5 -6 11 -1 -8 14 13 -2 -3 15 25 17 21 19 20 -19 26 27 -24 -23 -10 -14 -20 -26 -21
right_child=12 2 -4 4 6 -7 9 -9 10 -11 -12 -13 16 -15 -16 -17 -18 18 22 29 -22 24 23 -25 28 -27 -28 -29 -30 -31
leaf_value=0.018605844451234196 -0.041634579141999098 0.039758173441686528 -0.047594196978992337 0.0049888312045777141 -0.0057735818315186793 0.05886606181696178 -0.058949500283754078 0.002607501032467706 0.039292648212723713 -0.037814372346363589 0.056092255559077764 0.043636054545807129 -0.038817033406333259 0.04115705562401778 0.040626631998196015 0.040802882799070933 -0.038135818482588006 -0.040428875185315856 -0.03845269508217284 -0.038597916702637208 -0.038858121286836245 -0.038465926644626863 -0.038318237526743487 -0.03864353006848692 -0.038155041166692091 0.039740294056955998 -0.038102913704433576 -0.038184653289244481 -0.038374922291352691 -0.038229576784991955
leaf_weight=2.3669357970356932 0.70553780347108741 9.3949196338653529 3.1345556303858748 3.2281028870493174 4.5089112296700469 2.3423418570309886 1.7337087988853443 2.0603664554655561 51.069207444787018 2.7034275513142347 1.1839894577860821 1.9220328517258156 0.41195109300315458 1.8444275781512267 1.5417343229055394 1.1416573710739673 14.73329342715442 1.2189807780086988 6.8929560668766481 1.1867890823632481 1.992943989112973 10.609830634668471 5.772245645523074 18.926546830683947 7.9549824800342304 1.302942320704459 14.639917910099026 4.7905525472015142 5.5922363866120577 2.2807437274605036
leaf_count=36 7 139 22 26 26 21 7 17 881 48 7 17 12 18 17 13 685 15 241 35 54 344 219 552 362 19 730 220 195 95
internal_value=-0.00613386 0.0283246 0.00952211 0.0155424 -0.00526803 0.0276439 -0.0257613 0.0353887 0.038871 -0.0460724 0.0397239 0.0405205 -0.0383951 0.0399877 0.0393719 0.0393358 -0.0383716 -0.0384138 -0.0385556 -0.0388839 -0.0394542 -0.038258 -0.0384953 -0.0385675 -0.0383425 0.0393038 -0.0381225 -0.0383428 -0.0382458 -0.0383556
internal_weight=189.189 91.4793 32.8728 29.7382 14.5165 5.57044 8.94605 15.2217 58.6065 4.43714 56.2395 13.1614 97.7095 11.2393 55.0555 53.5138 97.004 82.2707 43.0618 6.67946 3.21192 39.2089 36.3823 24.6988 24.157 52.3721 15.0519 11.6835 13.5472 3.46753
internal_count=5080 1314 341 319 128 47 81 191 973 55 937 174 3766 157 930 913 3759 3074 1431 199 69 1643 1232 771 901 900 742 461 557 130
is_linear=0
shrinkage=0.05


Tree=165
num_leaves=31
num_cat=0
split_feature=22 42 37 38 25 42 25 24 25 39 0 38 38 38 38 5 25 1 23 25 24 23 24 12 33 23 25 32 1 28
split_gain=46.214 9.97701 6.67879 7.91218 4.82634 3.27218 2.8019 3.19884 3.6012 2.83444 2.66748 2.60203 3.52986 2.64003 2.33881 6.01721 4.27328 2.53494 1.95371 1.87588 1.71775 2.42815 1.66866 3.94418 1.65365 1.30001 1.16114 0.946135 1.39696 0.643373
threshold=-0.20861791131079027 0.8566448352894408 -0.098285831242653582 -1.2194896795209071 0.051979306459481796 -0.65125886139025113 0.051979306459481796 -0.29785109438048429 -1.1343059037726935 0.35597152236780749 3.8467859583836073 0.86543690455643674 0.77385930120414814 0.48709306519422957 0.11112126474082475 0.2349989486625918 -0.88223281310727197 0.39261458200416638 1.7942561306566196 0.45254538774249314 -0.38055577969134541 -0.98555237258961303 1.4390128466240413 -0.082310928966256774 -0.2732944249190003 1.4078568064950412 -0.18621566815575122 0.62425483694002148 1.9258524411923936 -0.38334473050841528
decision_type=2 2 2 2 2 2 2 2 2 2 2 2 2 2 2 2 2 2 2 2 2 2 2 2 2 2 2 2 2 2
left_child=2 6 3 26 14 -6 7 -2 -9 11 -4 12 13 -8 17 -16 -17 -5 19 24 21 -7 29 -24 -11 -13 -1 -3 -29 -10
right_child=1 27 10 4 5 20 9 8 22 18 -12 25 -14 -15 15 16 -18 -19 -20 -21 -22 -23 23 -25 -26 -27 -28 28 -30 -31
leaf_value=0.021353187990757163 0.057939880303954583 0.039735339622731417 -0.038440339489864341 -0.039014669187429234 -0.026235098866540692 0.062346034375799636 0.029826640729829098 0.039296916001823813 -0.079178810784355819 0.0092154657753554369 0.042418934959827286 0.016461147917822768 0.079162039699188114 -0.023191265252813936 0.11465602902069008 0.064482196946026388 -0.038672663044380502 0.016092544150790446 0.027816258408746065 0.0072420446975008162 0.053276548211776013 -0.0061151107365555787 0.063757075748650263 -0.025316404736394876 -0.049031366555825573 -0.042569356170470189 -0.038768317508610796 -0.016597548558498189 0.039956002292340059 -0.034769215666753506
leaf_weight=0.83842724375427025 1.716763231903317 50.267353694885969 48.844430189579725 9.2726376224309224 2.6067529767751685 1.9122461341321457 19.674217633903037 2.7199159003794238 0.93776183202862728 1.7366402335464961 1.0417078807950009 1.8029149901121848 3.2643417790532103 2.6662354059517375 1.1458278894424427 1.3563355207443231 3.8645383492112164 2.692896641790866 4.4006087966263285 6.6307107359170914 6.4424335584044448 4.0136132184416056 1.5654889531433616 6.0292227733880246 4.0844249334186324 1.9323094543069599 19.056115010753274 1.911951221525668 2.5460434481501579 6.2577741928398574
leaf_count=36 14 770 2004 276 71 26 150 16 5 14 8 15 14 29 4 5 139 12 24 35 37 88 10 114 39 33 925 14 35 118
internal_value=0.000950835 0.022024 -0.0236091 -0.0112853 0.00361692 0.0246757 0.0088457 -0.00719318 -0.0135791 0.0155217 -0.0367519 0.0249085 0.0305956 0.0234992 -0.0135853 0.0108979 -0.011874 -0.0266125 -0.00082081 -0.0109415 0.0354057 0.015977 -0.0233029 -0.00695579 -0.0316542 -0.0140766 -0.0362346 0.0377775 0.0157012 -0.0405569
internal_weight=223.233 120.145 103.088 53.2018 33.3073 14.975 65.4193 19.2269 17.5102 46.1924 49.8861 29.34 25.6048 22.3405 18.3322 6.3667 5.22087 11.9655 16.8524 12.4518 12.3683 5.92586 14.7902 7.59471 5.82107 3.73522 19.8945 54.7253 4.45799 7.19554
internal_count=5080 1449 3631 1619 658 222 630 277 263 353 2012 241 193 179 436 148 144 288 112 88 151 114 247 124 53 48 961 819 49 123
is_linear=0
shrinkage=0.05


Tree=166
num_leaves=31
num_cat=0
split_feature=37 9 40 13 38 34 22 19 24 4 39 13 38 12 20 37 25 4 22 15 8 40 9 25 47 37 19 1 42 30
split_gain=44.9967 13.6436 7.2434 6.31746 12.4815 5.18872 4.98463 4.62021 4.19444 3.64019 3.60328 3.02698 5.44652 3.00026 2.7287 2.71466 2.55738 4.19729 2.21886 1.98427 2.08727 1.98355 1.90626 1.30967 1.11807 1.08154 0.724731 0.04784 0.0359238 0.0259345
threshold=-0.77094098184948112 0.6279740506999113 0.44898798543131052 0.29976562975984727 0.095731318274349719 -1.0080854810382027 -0.080744964743492964 0.49915869904091809 -0.79052025983181617 0.85057022203090404 1.5221449237418858 0.74308381816759206 0.77385930120414814 1.1285330974315619 0.32647623927699831 0.029035792242654176 -1.3376848582170384 0.59127577282345534 -0.7564949140667182 1.0299557974293603 2.3070041979530735 1.8793010875634344 -0.26772358385051287 0.31820076278111276 0.60771070371703051 -0.29174840554596715 2.7762738079660569 0.53542482458374774 -0.11525792013232121 -0.47330940701386137
decision_type=2 2 2 2 2 2 2 2 2 2 2 2 2 2 2 2 2 2 2 2 2 2 2 2 2 2 2 2 2 2
left_child=26 2 7 4 8 10 9 16 15 -7 13 12 14 -5 -9 -4 17 -2 -18 27 -21 25 -10 -20 -8 -6 29 -3 -13 -1
right_child=1 19 3 5 21 6 24 11 22 -11 -12 28 -14 -15 -16 -17 18 -19 23 20 -22 -23 -24 -25 -26 -27 -28 -29 -30 -31
leaf_value=-0.038736867887414199 -0.053878540310932747 -0.049078900743126049 0.036116407951899597 -0.016129810173209354 -0.073128997530536796 0.013126839652246309 -0.0067825740779547273 -0.00020167240782723389 0.041193293257214381 0.033233658698795826 0.044448144735188773 0.039985710969040529 -0.057102271247450292 0.030769388913283083 0.042897398291565893 -0.039449614649670485 -0.032445034802568183 0.039265544237263084 0.03927296994354558 0.026598662674060192 -0.040824252647420074 0.0017648461997943306 0.00436952086092316 0.002170175326744159 -0.049494093111585591 -0.041649532837497297 -0.014241816007721484 -0.038815146988657734 0.049175444879076359 -0.029271368331111339
leaf_weight=58.65903508849442 2.1675005331635466 1.2372069731354738 1.5932789780199552 27.930930521339182 3.5609449446201351 72.703171499073505 3.2422278150916091 14.867595627903947 9.9967292733490467 32.605262402445078 3.3050292804837218 3.6178776137530804 3.5157640725374213 3.8843448944389811 4.8772095069289199 4.6782549023628235 1.1618323028087605 2.7364169061183929 48.15709375217557 2.6701509393751612 2.0135115832090378 2.2016163729131213 5.4200318939983818 2.5019975751638404 2.9051014631986618 11.672345677390693 3.2136326283216468 13.786317635327576 1.506178531795739 0.73269134014844794
leaf_count=1656 11 7 12 186 13 599 27 113 86 440 15 54 15 44 45 90 5 51 912 28 32 21 44 13 16 112 30 371 12 20
internal_value=0.00107964 0.00936516 0.0122882 0.0067522 -0.0110983 0.0115167 0.0167975 0.024367 0.0142228 0.0193522 -0.00524196 0.00789841 0.000234865 -0.0104039 0.0104443 -0.0202521 0.0326078 -0.00190355 0.0358737 -0.0308018 -0.00238652 -0.0425968 0.0282473 0.0374405 -0.0269672 -0.0490082 -0.0373687 -0.0396604 0.042687 -0.0386201
internal_weight=353.121 290.516 270.809 185.699 39.1232 146.576 111.456 85.1095 21.6883 105.308 35.1203 28.3846 23.2606 31.8153 19.7448 6.27153 56.7248 4.90392 51.8209 19.7072 4.68366 17.4349 15.4168 50.6591 6.14733 15.2333 62.6054 15.0235 5.12406 59.3917
internal_count=5080 3374 2936 1705 378 1327 1082 1231 232 1039 245 239 173 230 158 102 992 62 930 438 60 146 130 925 43 125 1706 378 66 1676
is_linear=0
shrinkage=0.05


Tree=167
num_leaves=31
num_cat=0
split_feature=39 20 24 38 21 38 25 37 16 0 37 38 40 14 38 38 22 9 0 14 5 25 6 22 1 38 0 9 14 6
split_gain=30.6113 4.46703 4.47312 4.64164 4.44846 4.91636 6.34191 6.1673 2.99213 2.08795 3.54692 4.50139 1.6276 0.944762 0.546126 0.398871 0.205176 0.0302024 0.00468337 0.000896804 0.000208139 5.47974e-05 3.95681e-05 3.44568e-05 5.43778e-05 4.46558e-05 4.49476e-05 3.7468e-05 9.52054e-06 8.44979e-06
threshold=0.6954590335867854 1.1502077784534082 -0.58037045701957612 0.0308214500422502 0.37167220751297864 0.65330867640023682 -1.4963929276914476 0.88735153512852161 -0.41851840594026241 -0.31691877231547633 1.7904544072900055 0.98013613535030875 1.5472641174256199 -0.52535502507792831 -0.5173552778782381 -0.37122010623678031 -0.64069108745892178 -1.5299774921725329 1.1183392864000548 -0.87417278320437208 -0.52495947060048287 -1.3315527694120151 -0.99851173328254628 -0.38075026303442855 0.90654859328389648 0.26483696430407672 -1.2382896528327978 -0.30125088655630161 0.11523212543097332 0.45779924592292492
decision_type=2 2 2 2 2 2 2 2 2 2 2 2 2 2 2 2 2 2 2 2 2 2 2 2 2 2 2 2 2 2
left_child=22 2 8 17 12 6 -6 -7 9 14 11 -11 16 -12 -2 -16 -5 -4 -3 -19 -21 -20 -1 -24 25 26 -25 -28 -26 -27
right_child=1 18 3 4 5 7 -8 -9 -10 10 13 -13 -14 -15 15 -17 -18 19 21 20 -22 -23 23 24 28 29 27 -29 -30 -31
leaf_value=-0.038409283938106553 0.061894147852603054 -0.042142797900759754 -0.052307309146287596 0.043940994170596159 0.027218775940263312 -0.043612371932859627 -0.034673789472492708 0.02550884489216855 0.080673456396732998 0.016685011113091106 0.054171759565666312 -0.045496956379974002 0.0053321977598078394 0.024641294148859159 0.018106874804673316 0.041993726399958888 0.059755560823812615 -0.040639243360742823 -0.038492708254585423 -0.039031753608761287 -0.038195880948373 -0.037953504640460017 -0.037774516069796954 -0.037783194892239837 -0.038039791728291569 -0.037785333266365045 -0.038381566943413617 -0.038032154243743121 -0.037759547652459674 -0.037959827281041886
leaf_weight=0.29519430827349324 2.7109737917780867 0.94643754418939297 0.44900791347026814 4.6368260383605948 6.0648917201906469 3.6633160123601582 13.033127323724328 27.100957539863884 2.4437514310702673 28.710496581159536 7.0459646955132484 3.2387485662475219 2.5586193818598977 4.399689310230313 2.2588758245110503 7.7220535948872557 3.6775822024792424 0.5161952506750821 0.60137254651635919 1.0151481600478294 2.7960662413388482 2.1766000827774405 16.171882506459951 1.4906934294849641 0.31620939075946708 3.4893853752873838 0.93329632841050703 4.311716194730252 7.2879010108299553 0.86596116144210089
leaf_count=12 14 10 3 34 37 67 197 238 13 286 40 43 29 36 33 75 22 7 24 26 161 151 1774 160 19 378 43 281 808 59
internal_value=0.00347977 0.0148493 0.0164693 0.00749453 0.0112268 0.0049079 -0.0150188 0.0172781 0.0265145 0.0241547 0.0189374 0.0103815 0.0402046 0.0428203 0.0419931 0.0365877 0.050936 -0.0399641 -0.0391051 -0.0386834 -0.0384185 -0.0380702 -0.0378328 -0.037828 -0.0378742 -0.0379448 -0.0380255 -0.0380943 -0.0377712 -0.03782
internal_weight=162.929 127.767 124.042 65.5117 60.7353 49.8623 19.098 30.7643 58.5306 56.0868 43.3949 31.9492 10.873 11.4457 12.6919 9.98093 8.31441 4.77642 3.72441 4.32741 3.81121 2.77797 35.1622 34.867 18.6952 11.0911 6.73571 5.24501 7.60411 4.35535
internal_count=5080 1546 1361 821 624 539 234 305 540 527 405 329 85 76 122 108 56 197 185 194 187 175 3534 3522 1748 921 484 324 827 437
is_linear=0
shrinkage=0.05


Tree=168
num_leaves=31
num_cat=0
split_feature=4 38 39 39 36 24 17 36 25 25 8 27 14 13 9 19 37 1 39 40 1 19 39 0 25 32 4 47 40 37
split_gain=76.8852 7.56904 4.89976 4.53132 3.16018 2.62245 1.86674 1.24733 0.415037 0.323806 0.115397 0.0348652 0.00095954 0.000827093 0.000389198 0.000682309 0.000367843 0.000683955 0.000585165 0.000221289 0.000177719 0.000135193 0.000151841 0.000131563 0.000128115 0.000124578 7.41602e-05 6.80829e-05 5.8219e-05 3.75388e-05
threshold=-1.0730465052521139 -1.2194896795209071 0.13432753749975621 -1.2834461488491959 0.40476214080878464 -0.38055577969134541 -0.13801045423308617 0.018230716803437848 -0.18621566815575122 -0.055622987220023491 1.0000000180025095e-35 -0.14953103412103361 -0.19274198348355684 -1.1748913200173894 1.0850902257024664 -0.17220915466450512 -0.65107736522906023 0.027469078626358716 0.27204186226388005 0.44898798543131052 -0.089500637312437306 0.49915869904091809 0.2418042422128481 0.69183373364445588 0.3229737771719729 -0.5062885257825851 -0.3258419092993638 0.51348757431148984 1.1641445364973724 -0.24195018360746531
decision_type=2 2 2 2 2 2 2 2 2 2 2 2 2 2 2 2 2 2 2 2 2 2 2 2 2 2 2 2 2 2
left_child=1 8 3 5 9 -3 -6 -7 -1 -5 12 -11 13 20 15 19 17 18 -17 26 -10 22 -18 29 -24 -20 -2 -23 -25 -21
right_child=14 2 -4 4 6 7 -8 -9 10 11 -12 -13 -14 -15 -16 16 21 -19 25 23 -22 27 24 28 -26 -27 -28 -29 -30 -31
leaf_value=0.01783387279749454 -0.038660748782972938 0.028051643834580822 -0.045095048608161784 0.062746851969395931 0.03547328886713319 -0.0016936989013836012 -0.021436268158617114 -0.047150060427768425 0.039159559641462012 0.040884350562007947 0.056002980658479452 0.0325181732617272 0.040736925395390366 0.040581672559374261 -0.038084957501774236 -0.040335832546326666 -0.038149261726415723 -0.03834097596302162 -0.039289169971209958 -0.038685062626471207 0.039693941240182502 -0.038191802432197261 -0.038539152990459208 -0.038109809166213947 -0.039012249439975479 -0.038473651194441849 -0.038063288115514647 -0.03846979438632131 -0.038328907235975221 -0.038402445679033406
leaf_weight=2.2915176376700392 0.53798758424818593 2.6816284134984016 3.8113709203898898 1.7846468407660747 2.2853474337607622 2.3671252131462115 3.9000057708472005 4.1636542119085789 47.698516137897961 9.8929832689464092 1.0473252087831486 1.4246431961655588 1.0459214821457852 1.070700541138655 14.086657719686626 1.1064381599426263 2.3082451839000049 2.8528992161154747 0.94636483117938042 1.2984937848523266 1.6083200871944416 5.5995074491947872 16.733968231827024 7.0397351402789337 1.5648144967854012 0.92698504589498021 15.023238391615447 3.6304946951568127 5.3257938679307699 12.350443960167468
leaf_count=36 18 31 34 20 24 19 38 34 883 130 6 19 11 13 705 14 112 110 18 38 24 247 539 344 36 32 801 123 197 424
internal_value=-0.00627734 0.0273394 0.00814782 0.0152681 0.0290468 -0.0135797 -0.00040948 -0.0306741 0.0386629 0.0429525 0.0395726 0.0398312 0.039238 0.0392068 -0.0383267 -0.0383707 -0.0385312 -0.0388943 -0.0394241 -0.0382331 0.039177 -0.0384602 -0.0385314 -0.0383223 -0.0385796 -0.0388856 -0.0380839 -0.0383011 -0.0382042 -0.0384293
internal_weight=178.406 87.0737 32.3114 28.5 19.2876 9.21241 6.18535 6.53078 54.7623 13.1023 52.4708 11.3176 51.4235 50.3775 91.3321 77.2454 35.6697 5.83269 2.97979 41.5757 49.3068 29.837 20.607 26.0145 18.2988 1.87335 15.5612 9.23 12.3655 13.6489
internal_count=5080 1322 349 315 231 84 62 53 973 169 937 149 931 920 3758 3053 1231 174 64 1822 907 1057 687 1003 575 50 819 370 541 462
is_linear=0
shrinkage=0.05


Tree=169
num_leaves=31
num_cat=0
split_feature=22 1 37 38 25 42 34 25 25 25 17 40 0 39 2 42 7 12 8 38 5 22 27 25 27 1 1 35 29 14
split_gain=42.2594 9.6174 6.53104 7.42471 4.36736 2.9693 2.69981 2.6366 2.61167 3.21122 2.7742 2.613 2.59404 2.55695 2.18438 2.57584 2.25173 1.89244 1.76462 1.57706 3.97623 2.28749 1.51392 1.14911 0.55867 0.0714823 0.0708764 0.0214011 0.0153423 0.0165846
threshold=-0.20861791131079027 1.2641949932054872 -0.098285831242653582 -1.2194896795209071 0.051979306459481796 -0.65125886139025113 0.92261605466080054 -1.2809658839935076 0.050691092549636746 0.074515607580570284 -0.73032810019011773 0.80656626096434147 3.8467859583836073 1.1586652080804056 0.39981511648456697 -0.34821125034292455 3.5641458475787169 -0.082310928966256774 -0.75566811321838889 -1.2076217502336177 -1.2085057952819418 -0.34243561016185914 0.34802052084948848 -0.18621566815575122 -0.31177205533112379 0.3469917986042419 0.39261458200416638 2.2097569997648123 -0.45308122060776823 0.17129391845379885
decision_type=2 2 2 2 2 2 2 2 2 2 2 2 2 2 2 2 2 2 2 2 2 2 2 2 2 2 2 2 2 2
left_child=2 8 3 23 6 24 7 -5 10 -10 11 -2 27 14 15 -11 -16 -12 -9 20 -7 -21 25 -1 -6 -19 -25 -4 -3 -30
right_child=1 28 12 4 5 19 -8 18 9 13 17 -13 -14 -15 16 -17 -18 22 -20 21 -22 -23 -24 26 -26 -27 -28 -29 29 -31
leaf_value=0.021073118278157416 -0.0056321978230783297 0.033997541415274946 -0.038288276785960744 0.033850421327096702 -0.040204826243291386 0.016957660199830277 0.029034673864756801 0.018758112996271604 0.076797850375212792 0.0056075818520108537 0.018085006285690382 0.064879440205897004 0.042286769829238097 -0.036560140215037215 -0.005297548457439522 0.036948276611009349 0.042305235205660721 -0.039818172336201045 -0.037655976202420061 -0.02183791765807034 0.11504447545677887 0.037574401489539389 0.0029075827811311083 -0.038112636421532148 0.01247947505818244 -0.025651703780529035 -0.055783757832124192 -0.049385330193751249 0.045255674279208902 0.039417698153071008
leaf_weight=0.84232511557638901 3.0206628795713213 1.2643064707517613 45.665800540708005 1.821815937757491 1.8265928216278555 2.4337208941578865 3.1084851771593085 1.586908877827226 2.0723802596330634 10.724223138764502 2.9980225786566761 2.325321152806282 1.0182769671082486 2.4472543075680724 15.248366594314577 16.86788123473525 2.9677286855876437 7.0836805254220909 10.958092416636648 2.2543261153623444 1.7954590339213599 5.7587488275021315 3.1296005956828585 17.146480908617381 0.69451734516769548 1.0184918604791162 0.58685234189033408 0.43864447996020217 1.252245858311652 42.647059146314859
leaf_count=36 34 15 2000 16 58 42 23 46 12 67 24 11 8 28 134 169 16 180 351 52 17 40 25 923 13 11 2 4 9 714
internal_value=0.000897774 0.0214442 -0.0232424 -0.0108084 0.00369934 0.0237215 -0.0132156 -0.0223571 0.00982519 0.0158527 -0.00567098 0.025038 -0.0366504 0.0132353 0.0158956 0.0247671 0.0024578 -0.017208 -0.0305197 0.0338973 0.0585995 0.0208599 -0.0266285 -0.0359871 -0.0256913 -0.0380374 -0.0386974 -0.0383939 0.0394278 0.0395842
internal_weight=213.004 115.067 97.937 50.8143 32.2387 14.7634 17.4753 14.3668 69.9036 50.3278 19.5758 5.34598 47.1227 48.2555 45.8082 27.5921 18.2161 14.2298 12.545 12.2423 4.22918 8.01307 11.2318 18.5757 2.52111 8.10217 17.7333 46.1044 45.1636 43.8993
internal_count=5080 1449 3631 1619 658 222 436 413 711 426 285 45 2012 414 386 236 150 240 397 151 59 92 216 961 71 191 925 2004 738 723
is_linear=0
shrinkage=0.05


Tree=170
num_leaves=31
num_cat=0
split_feature=37 9 40 5 38 1 32 38 24 22 39 39 9 17 20 37 40 12 24 15 8 9 37 19 1 30 39 39 11 9
split_gain=41.6038 12.28 6.79101 5.6756 10.3136 4.65473 4.44206 6.32489 3.9871 3.74445 3.66491 3.38532 3.19763 4.26181 3.14466 2.62013 2.56666 2.56146 2.38226 1.99821 1.99325 1.97732 1.01604 0.737712 0.0373572 0.0265299 0.0199027 0.00660573 0.00375066 0.00193106
threshold=-0.77094098184948112 0.6279740506999113 0.44898798543131052 0.27840815414475489 0.095731318274349719 -0.73664788940027781 0.65986709881767636 0.73702949670526363 -0.79052025983181617 -0.16436721355820297 1.4689419337297975 0.90179937341028771 -1.0005755447568745 0.050492471930623534 0.57458464426198341 0.029035792242654176 1.9303836983538674 1.1285330974315619 -0.24326973810013527 1.0299557974293603 2.3070041979530735 -0.26772358385051287 -0.31793351455428936 2.7762738079660569 0.53542482458374774 -0.47330940701386137 -0.78062719503848033 0.80857471943477044 0.48980575938019694 1.0850902257024664
decision_type=2 2 2 2 2 2 2 2 2 2 2 2 2 2 2 2 2 2 2 2 2 2 2 2 2 2 2 2 2 2
left_child=23 2 6 4 8 10 7 12 15 11 17 -7 -2 -14 -9 -4 22 -5 -11 24 -21 -10 -6 25 -3 27 -8 -1 -28 -26
right_child=1 19 3 5 16 9 26 14 21 18 -12 -13 13 -15 -16 -17 -18 -19 -20 20 -22 -23 -24 -25 29 -27 28 -29 -30 -31
leaf_value=-0.038595723581096988 -0.033190753168889801 -0.048059443837585598 0.035738034104018955 -0.014873613112610496 -0.072676164551059991 0.03548710905156708 0.046999283737757191 -0.061340607046899955 0.040732321921339361 -0.026496816764957694 0.032269881277616055 0.014133981278576489 0.036131665959393953 0.0016754401664755836 0.0051085587060606804 -0.039473906468868399 0.010710179461146234 0.027552071379167632 0.013114338773779675 0.026383458940339125 -0.04063071530558076 0.0005361658697657281 -0.04035469298034941 -0.013612512858690987 -0.0405970706971596 -0.028817726598677314 0.038862045574486484 -0.042961612041734626 0.040738728501795281 -0.038528979620351567
leaf_weight=53.927806183695793 2.4731216970831147 1.1707521937787557 1.5508443452417875 29.966000031679869 3.0649092271924046 26.622993171215057 0.81024004146456974 3.6269930675625792 9.5929077826440334 7.4387559443712234 6.093949243426322 61.301110044121742 28.614568833261728 13.07486269623041 3.497240137308836 4.5707029551267624 2.2112800851464263 4.0369866639375678 7.7505473047494871 2.6725895181298247 1.8973420001566408 4.492175601422784 11.764525925740598 3.1349365264177314 1.2503571920096863 0.69250143691897292 26.020251289010051 0.88054117187857528 2.965811774134635 11.605558769777415
leaf_count=1649 27 7 12 203 11 410 7 17 87 44 36 525 415 91 27 91 21 50 51 28 32 40 124 30 22 20 607 7 40 349
internal_value=0.0010888 0.00910517 0.0118966 0.00649599 -0.0108911 0.0110182 0.0239162 0.014996 0.0132704 0.0166394 -0.00343728 0.0205996 0.0220484 0.0253253 -0.0287211 -0.0204196 -0.0395416 -0.00983665 -0.00628469 -0.0301536 -0.00143945 0.0279125 -0.0470348 -0.0372101 -0.0395088 -0.038543 0.0392701 -0.0386659 0.0390541 -0.0387301
internal_weight=338.773 280.137 261.541 180.458 37.2473 143.21 81.0831 51.2868 20.2066 103.113 40.0969 87.9241 44.1626 41.6894 7.12423 6.12155 17.0407 34.003 15.1893 18.5966 4.56993 14.0851 14.8294 58.6358 14.0267 55.5008 29.7963 54.8083 28.9861 12.8559
internal_count=5080 3374 2936 1705 386 1319 1231 577 230 1030 289 935 533 506 44 103 156 253 95 438 60 127 135 1706 378 1676 654 1656 647 371
is_linear=0
shrinkage=0.05


Tree=171
num_leaves=31
num_cat=0
split_feature=39 20 24 38 30 38 17 37 16 40 19 37 38 17 28 1 0 13 37 22 5 17 6 36 22 1 38 0 14 40
split_gain=28.4838 4.12931 4.09554 4.30735 4.08497 3.74882 6.80515 4.96069 2.832 2.29875 2.09455 3.00202 4.6665 1.43486 0.136048 0.0286231 0.0038828 0.00177845 0.000869122 0.000717288 0.000210078 5.42728e-05 3.2153e-05 3.25704e-05 2.50618e-05 4.1443e-05 3.39023e-05 3.41346e-05 8.28779e-06 6.36854e-06
threshold=0.6954590335867854 1.1502077784534082 -0.58037045701957612 0.0308214500422502 0.3438816843740557 0.72889658798430712 -1.0322757633655082 0.88735153512852161 -0.41851840594026241 1.6238880336112695 0.34385128038555252 1.8301718117732959 0.98013613535030875 -0.20024777314526468 0.2020528261859271 -1.2000166143764806 1.1183392864000548 0.6064039477469737 0.65227187534803144 -0.62573259603165476 -0.81752562261725348 -1.4462278875496855 -0.99851173328254628 -3.447754560400575 -0.38075026303442855 0.90654859328389648 0.26483696430407672 -1.2382896528327978 0.11523212543097332 0.67885973398825905
decision_type=2 2 2 2 2 2 2 2 2 2 2 2 2 2 2 2 2 2 2 2 2 2 2 2 2 2 2 2 2 2
left_child=22 2 8 15 9 6 -6 -7 10 14 11 12 -2 -13 -5 -4 -3 18 -12 -17 -21 -18 -1 -24 29 26 27 -26 -27 -25
right_child=1 16 3 4 5 7 -8 -9 -10 -11 17 13 -14 -15 -16 19 21 -19 -20 20 -22 -23 23 24 25 28 -28 -29 -30 -31
leaf_value=-0.03835132564718504 0.016966471017486617 -0.041850164759533841 -0.05342173463164164 0.053186605503404698 0.016638720091188556 -0.043230669739579598 -0.03675966468189143 0.026981447395027502 0.07881493446017121 -0.0046815202345868159 0.041004893101405329 0.057937266824670486 -0.047443857832405872 0.015657458648741185 0.041194873069703958 -0.039843994110987643 -0.038583466986706692 0.041709886142617572 0.040014364689855336 -0.039501318103601663 -0.03815263545082262 -0.037941794696837519 -0.038219324579087721 -0.037747102875619887 -0.037765434026251411 -0.038011056307566703 -0.037794116985536405 -0.038046712916174508 -0.037741424039433924 -0.037864377360922935
leaf_weight=0.27667420823126931 29.168388415127993 0.89704095572233145 0.35626930370926846 5.4405460515990836 12.096953846514223 2.8646454941481378 11.773514220491053 20.651994447223842 2.4104643650352946 2.6417025811970225 3.1854264438152295 5.88271314650774 3.1120584588497868 3.0456396508961898 4.1842634230852127 0.96795984543859948 0.38688804209232364 2.9312982857227317 7.2659796699881554 0.32125206477940116 2.8526774551719418 2.2227545785717666 0.47894481755792995 13.806536689400671 1.3923903596587486 0.29750017635524173 3.8383508785627782 4.7860928042791793 6.7793193091638386 1.263585585169493
leaf_count=12 278 10 3 37 76 51 205 187 13 37 33 26 44 27 31 17 12 25 94 6 171 163 27 1661 160 19 419 317 808 111
internal_value=0.00355267 0.0144766 0.0160248 0.00735923 0.0109169 0.00425997 -0.0096987 0.0184287 0.0257773 0.0366337 0.0234355 0.0178542 0.0107569 0.0435148 0.0479734 -0.0398223 -0.0390124 0.0406215 0.0403163 -0.0386525 -0.0382891 -0.0380369 -0.0378146 -0.03781 -0.0378039 -0.0378454 -0.0379108 -0.0379833 -0.0377528 -0.0377569
internal_weight=157.58 124.66 121.154 64.1518 59.6536 47.3871 23.8705 23.5166 57.002 12.2665 54.5915 41.2088 32.2804 8.92835 9.62481 4.49816 3.50668 13.3827 10.4514 4.14189 3.17393 2.60964 32.9194 32.6427 32.1638 17.0937 10.0168 6.17848 7.07682 15.0701
internal_count=5080 1546 1361 821 624 519 281 238 540 105 527 375 322 53 68 197 185 152 127 194 177 175 3534 3522 3495 1723 896 477 827 1772
is_linear=0
shrinkage=0.05


Tree=172
num_leaves=31
num_cat=0
split_feature=20 38 34 17 21 12 46 37 23 34 25 23 22 8 0 27 14 13 9 19 37 42 24 40 34 19 0 40 36 12
split_gain=72.572 6.7127 3.58553 2.88048 3.13883 2.72359 1.06406 0.609094 1.69831 0.599151 0.424686 0.285551 0.146703 0.0916526 0.0018764 0.00104451 0.000951138 0.000678776 0.000358147 0.000596542 0.000302707 0.000531068 0.000345614 0.000199502 0.000130043 0.000123534 0.000118503 0.000116162 7.95364e-05 6.92271e-05
threshold=-1.0929481643885659 -1.2194896795209071 0.83970249177801881 0.036889959303141824 -1.0840821030426315 -1.2139189187360062 0.50670330921424755 -0.86964621735898284 -0.27132263804111434 0.081635631135466166 -0.18621566815575122 -0.70921050234588912 -0.33919144970949933 1.0000000180025095e-35 -1.2026236832643853 -0.03195797623057399 -0.19274198348355684 -1.1748913200173894 1.0850902257024664 -0.17220915466450512 -0.64459265171289271 -0.22136222616211668 1.4763369159200419 0.44898798543131052 0.29484193569118361 0.49915869904091809 0.68291724125235265 0.44898798543131052 -0.83027844041889443 -0.34701798466447104
decision_type=2 2 2 2 2 2 2 2 2 2 2 2 2 2 2 2 2 2 2 2 2 2 2 2 2 2 2 2 2 2
left_child=1 10 3 4 7 -6 -4 8 -3 -9 -1 -7 -8 16 -2 -14 17 24 19 23 21 22 -21 29 -12 27 -25 -22 -23 -16
right_child=14 2 6 -5 5 11 12 9 -10 -11 13 -13 15 -15 18 -17 -18 -19 -20 20 25 28 -24 26 -26 -27 -28 -29 -30 -31
leaf_value=0.017073557833534533 -0.041446963338033493 0.041220475422983571 0.0005981921142302933 -0.014179507017385152 -0.03838493711748605 0.039870538446175198 -0.061832499469523877 0.040340735541228266 -0.016797456947975891 0.078018078136951219 0.039036942261191483 0.0099562838243189844 -0.041038149236387648 0.054348826732609656 -0.038630573180404887 -0.038588100530388907 0.040628346459842132 0.04036706852255989 -0.038043521507091831 -0.039804991674072976 -0.038228144606770313 -0.038753432871483702 -0.038600448196460052 -0.038386997089465816 0.039522095415492849 -0.038257187260920748 -0.03816777226435545 -0.038542182170975499 -0.038210458777520682 -0.038027150105327534
leaf_weight=2.2213245071470729 0.47157979011535545 7.4047143571078831 1.7168561704456795 5.9853253290057173 2.9871021769940853 1.9365452937781813 1.2406021654605863 2.9705978631973258 1.5203159749507902 1.6364014241844413 44.497294295579188 1.3565963860601211 0.71552277356386174 1.0078096836805333 0.49198735132813531 1.1096412912011149 1.0134046673774708 1.0026546493172706 13.087875474244354 1.5840150658041241 3.6147213010117474 0.98007058165967498 0.95425702072679985 12.776763718575241 1.4254932515323151 8.6763282567262632 11.911202176474033 15.886548277921973 2.1628058347851029 14.017476461827751
leaf_count=36 5 102 10 39 26 28 4 39 14 13 884 20 9 6 17 37 11 13 704 27 171 28 29 454 23 370 550 514 96 801
internal_value=-0.00641039 0.0273797 0.00884615 0.0162179 0.025401 -0.00381227 -0.0309172 0.0389589 0.0313375 0.0537237 0.0384561 0.0275475 -0.0485661 0.0394265 -0.0383016 -0.0395486 0.0391128 0.0390801 -0.0382844 -0.0383275 -0.0384813 -0.0388142 -0.0393521 -0.0381948 0.039052 -0.0384141 -0.0382812 -0.038484 -0.0383798 -0.0380476
internal_weight=168.364 81.7482 30.5802 25.7976 19.8123 6.28024 4.78262 13.532 8.92503 4.607 51.168 3.29314 3.06577 48.9467 86.6156 1.82516 47.9388 46.9254 86.1441 73.0562 33.8587 5.68115 2.53827 39.1974 45.9228 28.1776 24.688 19.5013 3.14288 14.5095
internal_count=5080 1314 341 281 242 74 60 168 116 52 973 48 50 937 3766 46 931 920 3761 3057 1235 180 56 1822 907 1055 1004 685 124 818
is_linear=0
shrinkage=0.05


Tree=173
num_leaves=31
num_cat=0
split_feature=22 1 37 38 25 16 0 34 25 25 24 25 39 13 40 1 6 24 12 15 16 8 36 21 18 25 25 7 1 17
split_gain=38.6339 9.26901 6.41536 6.95472 3.95216 2.84834 2.50728 2.49888 2.38369 2.2806 2.61584 3.39369 2.57091 4.95108 2.43486 3.1411 2.02589 1.91036 3.6032 1.74696 4.21686 1.68506 1.43488 1.25283 1.17435 1.13606 0.840276 0.627977 0.0557424 0.0186739
threshold=-0.20861791131079027 1.2641949932054872 -0.098285831242653582 -1.2194896795209071 0.051979306459481796 -0.63940829689629586 3.8467859583836073 0.92261605466080054 -1.2809658839935076 0.050691092549636746 -0.29785109438048429 -1.1343059037726935 0.2418042422128481 0.74308381816759206 -0.26616856563475139 0.4657181313914181 -0.1474823095094828 1.4390128466240413 -0.082310928966256774 -0.69977932724257763 -0.36445728518806092 -0.75566811321838889 -0.50476632793143172 0.1502218168778878 0.75570055096576161 -0.18621566815575122 0.43740017677329873 -0.5702877278643611 0.39261458200416638 -0.31792625944434499
decision_type=2 2 2 2 2 2 2 2 2 2 2 2 2 2 2 2 2 2 2 2 2 2 2 2 2 2 2 2 2 2
left_child=2 9 3 25 7 -6 -4 8 -5 10 -2 -12 13 14 15 -11 -14 27 -19 -7 -21 -10 -18 -16 -15 -1 -24 -13 -27 -3
right_child=1 29 6 4 5 19 -8 -9 21 12 11 17 16 24 23 -17 22 18 -20 20 -22 -23 26 -25 -26 28 -28 -29 -30 -31
leaf_value=0.020774254999722176 0.053242247764243605 0.032705926645970933 -0.038347881378060923 0.031842272243240349 -0.03830338058791314 0.059285051431391067 0.042123233837853852 0.027849626486828157 0.017858156241309705 -0.0034198942928170407 0.038443446289655535 -0.0029383384693107812 -0.034063355318578112 -0.080675675894823509 0.03463173933222545 0.041150294188870257 -0.010716413889098325 0.058371705715809998 -0.023054705581956589 -0.039276837997052477 0.038655534128198332 -0.037416392072387408 0.00011000020236074053 0.069133844454607102 -0.01438971409340876 -0.038067965325755217 0.030345678126018016 -0.046047404865050878 -0.054039157179496533 0.039446938517735369
leaf_weight=0.84652471356094139 1.7364698536694074 1.0536547303199757 43.519258186221123 1.7893213480711008 1.6920036515220989 3.7791976360604158 0.98999201506376167 3.0821688193827859 1.5910047162324215 7.8645292837172782 2.8754150941968009 0.98447176069021214 3.3831071220338371 0.98548145219683592 5.9468219801783562 7.9481226950883865 6.1012372002005621 1.7895047850906882 5.6424555052071774 2.3257148265838605 6.8429333530366421 10.338383777067063 3.502525888383385 4.7190007455646992 2.0752655807882547 15.940066229552031 6.6808971352875233 5.9538281625136698 0.56571409106254655 41.179266780614853
leaf_count=36 14 12 2004 16 74 32 8 23 46 68 18 20 34 15 52 100 33 14 115 64 52 351 27 22 35 923 40 104 2 726
internal_value=0.000856635 0.0208714 -0.0228306 -0.0103084 0.0037153 0.0227059 -0.036558 -0.0128326 -0.0219727 0.00947085 -0.00525153 -0.0111413 0.0151502 0.0244758 0.0314355 0.018983 0.00114392 -0.0210629 -0.00344844 0.0306785 0.0188872 -0.0300445 0.00845816 0.0498969 -0.0357321 -0.0357181 0.0199463 -0.0399307 -0.0386154 0.0392788
internal_weight=203.724 110.422 93.3023 48.793 31.4407 14.6398 44.5093 16.8009 13.7187 68.1891 18.9821 17.2457 49.207 29.5392 26.4785 15.8127 19.6678 14.3703 7.43196 12.9478 9.16865 11.9294 16.2847 10.6658 3.06075 17.3523 10.1834 6.9383 16.5058 42.2329
internal_count=5080 1449 3631 1619 658 222 2012 436 413 711 285 271 426 292 242 168 134 253 129 148 116 397 100 74 50 961 67 124 925 738
is_linear=0
shrinkage=0.05


Tree=174
num_leaves=31
num_cat=0
split_feature=37 9 40 5 20 40 19 1 15 25 40 30 3 23 25 2 15 20 23 37 20 20 1 37 25 19 42 1 30 42
split_gain=38.3744 11.1183 6.34707 5.12946 4.49636 4.73267 4.33069 4.26845 4.23066 3.9236 3.85817 2.65156 2.80558 2.30589 2.30541 3.5841 1.98987 1.98362 1.95627 1.92764 1.91211 4.82978 1.59382 1.5722 1.2776 0.770391 0.0518645 0.0335575 0.0287827 0.0279535
threshold=-0.77094098184948112 0.6279740506999113 0.44898798543131052 0.27840815414475489 -0.11389436464711324 2.1602554469108162 0.49915869904091809 -0.73664788940027781 -0.34699295890706006 0.43740017677329873 1.240768452683022 0.76819809428565311 -0.50394339270021815 1.4454935931713717 -1.3376848582170384 0.59693333985437624 1.0299557974293603 0.18395206759746421 0.94521836266946269 -0.15796552139626804 0.48150763418555298 0.56789473416273994 -1.2000166143764806 0.029035792242654176 0.31820076278111276 2.7762738079660569 -0.43596342593282267 0.53542482458374774 -0.47330940701386137 -0.11525792013232121
decision_type=2 2 2 2 2 2 2 2 2 2 2 2 2 2 2 2 2 2 2 2 2 2 2 2 2 2 2 2 2 2
left_child=25 2 6 4 8 17 14 20 23 10 -9 12 -8 -14 15 -2 27 -6 -18 -11 -5 -22 -16 -4 -24 28 -10 -3 -1 -13
right_child=1 16 3 7 5 -7 11 9 26 19 -12 29 13 -15 22 -17 18 -19 -20 -21 21 -23 24 -25 -26 -27 -28 -29 -30 -31
leaf_value=-0.038595987567588023 -0.05173869523479635 -0.047638734545988749 0.020899112067441175 0.032442022551877094 -0.050617822444388311 0.037452290160733377 -0.034670474119782718 0.02852543149373989 0.033765829471143531 -0.038292045249556143 0.0081071129369145126 0.039703846686039101 -0.009991582151073505 0.025903974933341713 -0.015812073030591858 0.039012453782457067 0.027036710024600813 -0.018706140055544749 -0.040363026898020224 0.015022911970764398 -0.072158530561437548 -0.0016277796260130352 0.039096204465232071 -0.03216826361759817 0.0020113117843538974 -0.012670907953728461 0.043099389139712237 -0.038653182124828413 -0.028063631452045063 0.048231138201170753
leaf_weight=51.191063091158867 2.008890099823474 1.1376684047281767 1.9996657781302927 3.406813394278287 8.7423693481832796 2.7250441983342162 4.5764553844928804 48.760217994451523 2.2075303457677364 4.7084838151931763 44.024150118231773 3.0988228060305119 8.3775241356343049 9.6018763370811921 1.4728902094066132 2.3732849918305874 2.6138527020812026 10.992892459034918 1.8305673990398643 2.6493234410881987 2.6171416975557795 33.448320180177689 42.13405753672123 4.6210220828652382 2.4579072445631018 3.066546391695737 4.5688475258648378 11.987571543082593 0.65698939375579257 1.3931311294436444
leaf_count=1656 11 7 25 31 70 25 34 617 25 30 364 52 68 73 15 51 27 134 33 19 15 243 902 64 13 30 43 371 20 12
internal_value=0.00108581 0.00882115 0.0114925 0.00622918 -0.0106394 -0.0243138 0.0234102 0.0105616 0.0122859 0.0160504 0.0188374 0.00726793 0.000281708 0.0091784 0.032065 -0.00258997 -0.0296404 -0.0328424 -0.000723888 -0.0190949 -0.00336367 -0.00674594 0.0353618 -0.0161402 0.0370521 -0.0370223 0.0400588 -0.039432 -0.0384625 0.0423485
internal_weight=325.451 270.536 252.967 175.472 35.8574 22.4603 77.4948 139.614 13.3971 100.142 92.7844 27.0478 22.5559 17.9794 50.447 4.38218 17.5697 19.7353 4.44442 7.35781 39.4723 36.0655 46.0649 6.62069 44.592 54.9146 6.77638 13.1252 51.8481 4.49195
internal_count=5080 3374 2936 1705 386 229 1231 1319 157 1030 981 239 175 141 992 62 438 204 60 49 289 258 930 89 915 1706 68 378 1676 64
is_linear=0
shrinkage=0.05


Tree=175
num_leaves=31
num_cat=0
split_feature=39 20 24 38 18 19 38 16 19 37 38 38 0 11 9 38 9 0 13 37 14 37 25 36 6 22 1 38 0 14
split_gain=26.4929 3.84519 3.7582 3.99805 3.8572 4.40681 4.21368 2.66514 2.07388 2.87929 4.35591 1.74119 3.15496 1.4835 1.11703 0.30879 0.0205118 0.0033215 0.00161753 0.000787669 0.000567898 0.000187102 3.66284e-05 2.75648e-05 2.72254e-05 2.22699e-05 3.76325e-05 2.88517e-05 2.98392e-05 7.30231e-06
threshold=0.6954590335867854 1.1502077784534082 -0.58037045701957612 0.0308214500422502 0.4229265113989954 -0.3119867483434699 0.75594019017965419 -0.41851840594026241 0.34385128038555252 1.8301718117732959 0.98013613535030875 0.1608230905902954 0.047765766521541013 -0.66991401129956896 -0.35594014011336811 0.34217399673758159 -1.5299774921725329 1.1183392864000548 0.6064039477469737 0.65227187534803144 -0.87417278320437208 -0.83638225592282489 -1.3315527694120151 -3.447754560400575 -1.0281547947660246 -0.38075026303442855 0.90654859328389648 0.26483696430407672 -1.2382896528327978 0.11523212543097332
decision_type=2 2 2 2 2 2 2 2 2 2 2 2 2 2 2 2 2 2 2 2 2 2 2 2 2 2 2 2 2 2
left_child=23 2 7 16 11 13 -7 8 9 10 -2 12 -5 -6 -11 -13 -4 -3 19 -10 -18 -22 -19 -1 -25 -26 27 28 -27 -28
right_child=1 17 3 4 5 6 -8 -9 18 14 -12 15 -14 -15 -16 -17 20 22 -20 -21 21 -23 -24 24 25 26 29 -29 -30 -31
leaf_value=-0.038183848792507774 0.016222853167454983 -0.041618493852816324 -0.050266009627530805 0.056226359626856993 0.031297037947220996 -0.0034198118643176513 0.031283025913855983 0.076818734815348108 0.040809206005208515 0.060262973719852467 -0.047069051112341775 0.053600904533523563 -0.039568223964669143 -0.034217331330434524 0.024541371687546717 0.036154742909457409 -0.040201684041850351 -0.038372491633535635 0.041496947978454851 0.039838787525403888 -0.039623114543602553 -0.038208245457420749 -0.037903509047895564 -0.038341631108351114 -0.037741363699074715 -0.037749080866103908 -0.037985527867062274 -0.037780529592588735 -0.038020630075676326 -0.03772465924227348
leaf_weight=0.45396993728354829 28.727865800261501 0.85642710514366571 0.41302976384758938 1.5560858473181718 0.96547830663621326 20.369059744291008 15.330961988307534 2.381971886381506 3.0178443901240808 4.4315580651164055 3.0025860415771595 4.7544391825795156 1.9200700009241698 8.2277477788738889 4.323701420798896 5.4364667935296893 0.45192510448396239 0.53037093626335319 2.8111803978681555 6.808982290327549 0.25257825106382403 3.1197946718893936 1.936366501729935 0.22310763783753174 14.080981816165158 1.3016678197309381 0.28017589962109823 3.6229190262965858 4.5405097701586721 6.3077627462334931
leaf_count=27 278 10 3 11 21 157 96 13 33 18 44 25 43 223 35 48 7 24 25 94 4 183 151 10 1773 160 19 420 317 808
internal_value=0.0036171 0.0141084 0.0155984 0.00722005 0.0106137 0.00353339 0.0114829 0.0250774 0.0227574 0.0172379 0.0102337 0.0338709 0.0033138 -0.027337 0.0426222 0.044294 -0.0396805 -0.0389358 0.0404394 0.0401368 -0.0385373 -0.0383142 -0.0380043 -0.0377971 -0.0377913 -0.0377873 -0.0378275 -0.0378914 -0.0379601 -0.0377358
internal_weight=152.438 121.626 118.303 62.7976 58.5603 44.8932 35.7 55.5057 53.1237 40.4857 31.7305 13.6671 3.47616 9.19323 8.75526 10.1909 4.23733 3.32316 12.638 9.82683 3.8243 3.37237 2.46674 30.8111 30.3571 30.134 16.053 9.4651 5.84218 6.58794
internal_count=5080 1546 1361 821 624 497 253 540 527 375 322 127 54 244 53 73 197 185 152 127 194 187 175 3534 3507 3497 1724 897 477 827
is_linear=0
shrinkage=0.05


Tree=176
num_leaves=31
num_cat=0
split_feature=20 38 39 14 25 36 36 25 17 25 8 24 2 14 1 26 9 19 38 1 40 1 0 22 39 20 12 40 25 19
split_gain=67.3808 6.4643 3.70018 4.02007 3.02462 2.16844 1.65728 1.38977 0.882537 0.434259 0.0728362 0.00703097 0.00175276 0.000845159 0.000646153 0.000533437 0.000330709 0.000534444 0.000186968 0.000264801 0.000185124 0.000113724 0.000103776 9.73242e-05 9.58629e-05 9.3071e-05 5.84397e-05 4.84916e-05 2.85633e-05 2.74753e-05
threshold=-1.0929481643885659 -1.2194896795209071 0.13432753749975621 -0.30665220311507663 0.11290132724361722 -1.0000000180025095e-35 0.41483297710368222 0.26405103569773009 0.036889959303141824 -0.18621566815575122 1.0000000180025095e-35 -0.28240873669880012 -1.2074489543288804 -0.19274198348355684 -0.15169111036971086 -1.2285411170357114 1.0850902257024664 -0.17220915466450512 -0.72092726359948311 0.027469078626358716 0.44898798543131052 -0.089500637312437306 0.68291724125235265 -1.0254126465723494 0.55232073140037263 -0.31400993631143875 -0.34701798466447104 1.1641445364973724 -1.3376848582170384 -0.44499542197754488
decision_type=2 2 2 2 2 2 2 2 2 2 2 2 2 2 2 2 2 2 2 2 2 2 2 2 2 2 2 2 2 2
left_child=1 9 3 7 6 -6 -5 11 -7 -1 13 14 -2 15 -3 21 17 20 19 24 26 -11 29 -20 -19 -25 -14 -24 -28 -22
right_child=12 2 -4 4 5 8 -8 -9 -10 10 -12 -13 16 -15 -16 -17 -18 18 23 -21 22 -23 27 25 -26 -27 28 -29 -30 -31
leaf_value=0.016324767250844443 -0.041911423332929174 0.039385237708182433 -0.044161274388716941 0.056665457376002162 0.013932172556167048 -0.020996707054155933 -9.7881719447645183e-05 -0.011477563844215988 -0.060500708788508523 0.038920480517440167 0.05286601184732509 0.042773193936387545 -0.038563136132966774 0.040458340604446495 0.040610986600206948 0.040073752430398013 -0.038004808976449811 -0.039603720266612574 -0.038086963540066465 -0.038272318635354692 -0.038266803168498224 0.039378925067311506 -0.038042247756683877 -0.038873489735664846 -0.03888679038777626 -0.038402951328965228 -0.038272283669053955 -0.038251206241317226 -0.037971207149182409 -0.038417311436738044
leaf_weight=2.1558813340961924 0.32730787619948287 8.2500725463032722 2.99775706231594 2.3219681922346362 2.6506056003272525 2.809697935357689 2.8817600011825562 1.4715442061424262 2.8457661215215921 41.242069456726306 0.96692701056599517 2.0514096319675454 0.46156767942011434 0.96580571681260963 1.2362708561122406 1.054804801940924 12.169832366518675 0.76082680188119356 2.3538548201322582 1.4427151791751383 5.898312627337873 1.3986226134002198 6.354108175262807 1.0964732300490165 1.2043525874614713 25.287924367003143 0.84216068405657907 4.9310488114133477 12.195287324488159 6.2402456188574451
leaf_count=36 3 145 22 20 25 35 27 12 21 881 6 20 17 11 14 15 704 14 120 62 237 24 349 38 34 969 40 201 761 217
internal_value=-0.00655986 0.0268892 0.00849226 0.0144443 -0.00465908 -0.0233849 0.0252306 0.0342826 -0.0408747 0.0382532 0.0392893 0.040119 -0.0382599 0.0389953 0.039545 0.038963 -0.0382451 -0.0382875 -0.0384365 -0.0387867 -0.0381577 0.0389355 -0.0382427 -0.038395 -0.0391644 -0.0384225 -0.0380102 -0.0381336 -0.0379907 -0.0383442
internal_weight=158.867 77.301 29.5169 26.5191 13.5098 8.30607 5.20373 13.0093 5.65546 47.7841 45.6282 11.5378 81.566 44.6613 9.48634 43.6955 81.2387 69.0689 32.1461 3.40789 36.9227 42.6407 23.4237 28.7383 1.96518 26.3844 13.499 11.2852 13.0374 12.1386
internal_count=5080 1314 341 319 128 81 47 191 56 973 937 179 3766 931 159 920 3763 3059 1237 110 1822 905 1004 1127 48 1007 818 550 801 454
is_linear=0
shrinkage=0.05


Tree=177
num_leaves=31
num_cat=0
split_feature=22 42 37 38 39 16 39 25 36 0 25 25 24 25 39 13 42 24 12 33 33 0 25 27 7 3 35 29 9 46
split_gain=35.363 8.79786 6.29862 6.51849 3.78994 3.397 2.43169 4.24365 3.05003 2.39518 2.02171 2.74835 2.43798 2.91763 2.3835 3.76921 2.14879 1.90448 3.36832 1.73358 1.61055 1.28464 1.12261 0.710134 0.649634 0.0439059 0.0154815 0.0142368 0.0165637 0.00171434
threshold=-0.20861791131079027 1.2420620919108645 -0.098285831242653582 -1.2194896795209071 0.86366015135609786 -0.63940829689629586 0.13432753749975621 -0.024917009893624886 0.00026997987262875322 3.8467859583836073 0.050691092549636746 0.074515607580570284 -0.29785109438048429 -1.1343059037726935 0.35597152236780749 0.74308381816759206 -0.3077669908979539 1.4390128466240413 -0.082310928966256774 -0.01463467813511185 2.3892295334998965 1.1828352480362676 -0.18621566815575122 0.14460074407441303 -0.58654117473728351 0.39288197322308271 2.2097569997648123 -0.42214375260519915 -0.16060438944460129 0.60394189740426196
decision_type=2 2 2 2 2 2 2 2 2 2 2 2 2 2 2 2 2 2 2 2 2 2 2 2 2 2 2 2 2 2
left_child=2 10 3 22 5 -5 8 -8 -7 26 12 -12 -2 -14 15 20 19 24 -19 -16 -13 -17 -1 -18 -15 -24 -4 -3 -29 -30
right_child=1 27 9 4 -6 6 7 -9 -10 -11 11 14 13 17 16 21 23 18 -20 -21 -22 -23 25 -25 -26 -27 -28 28 29 -31
leaf_value=0.020457805530060619 0.051173901335217313 0.034050929867148041 -0.038209696000906818 -0.038213381981396455 -0.038610247979611143 -0.028281432084629202 -0.028011168985981594 0.064631930724227321 0.020494774967092132 0.04190845483307179 0.071302346689807825 0.030594770967718728 0.037140649572508899 8.3174353704928343e-05 0.0018027703481753793 -0.064200836589655308 0.029605530209616017 0.055658861567983012 -0.022149495598530397 -0.043629809981002701 -0.0059371466306799665 0.00095462814862389 -0.038026582219573057 -0.0025379791361442865 -0.045578874727163259 -0.052495477969941418 -0.04795984514158954 0.04558566971432701 0.041672386237917962 0.039121747612651199
leaf_weight=0.85101719386875885 1.7581450119614626 1.3146979473531235 40.691469240002334 3.0775267658755245 4.4938345886766902 4.4157642312347951 1.6194328209385274 5.2220599856227627 11.688993000425397 0.95215047895908256 2.0512780137360087 24.185632187873132 2.6703881360590502 0.90184861794114102 4.1938431002199641 1.5653390493243926 4.1888091750442973 1.8654019683599505 5.4682381022721493 4.2048054970800868 3.4469240680336943 1.464125085622072 14.816375412046906 2.9133599996566772 5.7149054463952744 0.54354935884475786 0.41124297678470512 1.0337618514895428 0.67102045193314452 36.108378726989031
leaf_count=36 14 17 2000 149 164 108 56 33 148 8 12 231 18 18 33 32 31 16 115 31 27 19 923 16 106 2 4 7 7 699
internal_value=0.000811582 0.0203489 -0.022453 -0.00981888 0.00379184 0.0111139 0.0177296 0.0427026 0.00712082 -0.0364911 0.00929271 0.0146715 -0.00481777 -0.0107406 0.0121551 0.0202332 -0.00382409 -0.019906 -0.00235798 -0.0209432 0.0260377 -0.0327115 -0.0354415 0.01642 -0.0393552 -0.0385386 -0.0383072 0.0391659 0.0393437 0.0391683
internal_weight=194.504 105.721 88.7834 46.7286 30.5176 26.0238 22.9463 6.84149 16.1048 42.0549 66.593 48.2141 18.3789 16.6208 46.1628 30.662 15.5008 13.9504 7.33364 8.39865 27.6326 3.02946 16.2109 7.10217 6.61675 15.3599 41.1027 39.1279 37.8132 36.7794
internal_count=5080 1449 3631 1619 658 494 345 89 256 2012 719 432 287 273 420 309 111 255 131 64 258 51 961 47 124 925 2004 730 713 706
is_linear=0
shrinkage=0.05


Tree=178
num_leaves=31
num_cat=0
split_feature=18 9 40 5 38 32 38 35 2 21 39 24 25 9 12 20 21 40 36 15 8 9 38 2 36 5 38 1 39 7
split_gain=35.0948 9.80939 5.74954 4.26262 8.87257 4.04854 5.69727 3.97223 4.18027 4.63647 3.81619 3.62276 3.56075 3.61357 3.03288 2.60448 2.5148 2.25768 2.09385 2.01867 1.98753 1.58677 1.54974 0.927574 0.909307 0.416425 1.85969 0.0284383 0.0238429 0.0135759
threshold=-0.55098884106217705 0.6279740506999113 0.44898798543131052 0.27840815414475489 0.095731318274349719 0.65986709881767636 0.73702949670526363 -1.065795428399138 2.9633395865414327 0.9698257425393968 1.5221449237418858 -0.96301181070778508 0.31820076278111276 -1.0005755447568745 1.139684835919957 0.57458464426198341 -0.68838053371746266 1.9303836983538674 -0.39259287974359175 1.0299557974293603 2.3070041979530735 -0.25357365824051709 -0.43808146020457756 0.24012565396503741 -3.0824630515477232 -0.49849769465587668 -0.86913315763657872 0.53542482458374774 0.74884520346110872 2.651304479504085
decision_type=2 2 2 2 2 2 2 2 2 2 2 2 2 2 2 2 2 2 2 2 2 2 2 2 2 2 2 2 2 2
left_child=16 2 5 4 11 6 12 10 9 -9 14 -4 13 -2 -5 -8 24 23 -14 27 -21 -13 -18 -6 -1 -26 -27 -3 -28 -7
right_child=1 19 3 7 17 29 15 8 -10 -11 -12 21 18 -15 -16 -17 22 -19 -20 20 -22 -23 -24 -25 25 26 28 -29 -30 -31
leaf_value=0.022801419455011546 -0.031723622620492192 -0.047067331410994451 -0.039499524812220452 -0.017334984291963319 -0.052766472645927071 0.038764762368328133 -0.057418740686813644 0.010394910576647619 -0.042717117745039869 0.035031012073953552 0.046181827682132803 0.037607197438505879 0.020649860940718842 0.035110609541942117 0.032576132485896969 0.0039306955017537259 0.037065112443133222 0.011040886462291778 -0.024795222777034144 0.029349340732551195 -0.040272320384264787 -0.0044474681048593326 -0.034211713463355338 -0.020104181021942325 -0.038661265492266193 0.039237269113458317 -0.038784252307189307 -0.038593376504938159 -0.048701586370637401 0.043407286210498504
leaf_weight=0.63338713347911735 2.1792964823544017 1.0905800312757516 2.4018372464925042 24.888960212469108 10.089075665920971 24.356377817690376 3.5344249457120887 75.725026793777943 3.0590818151831618 25.538630582392216 3.223320994526147 9.4294665288180095 4.7005016207695007 28.101218815892938 3.4677667468786231 3.388555683195591 1.9309504516422751 2.0273938402533522 5.5007282271981222 2.5030649378895751 1.736090352758765 2.9430305957794216 1.2603807561099518 2.7705990169197312 49.909979548305273 0.94537494331598315 1.8650943115353578 10.744213402271269 0.89778152108192433 1.6835499368607987
leaf_count=5 22 7 51 168 95 636 17 638 26 427 16 93 25 433 44 27 27 21 44 25 33 24 25 26 1683 5 58 355 6 18
internal_value=0.00108852 0.0090396 0.0115824 0.00641729 -0.0107556 0.0232258 0.0145253 0.0101653 0.0148685 0.0166081 -0.00537125 0.0166949 0.0216934 0.0303005 -0.0112313 -0.0273903 -0.0342193 -0.0379982 -0.00385513 -0.0287695 0.000836704 0.0276037 0.00891512 -0.0457294 -0.0367566 -0.0374602 -0.0212946 -0.0393743 -0.0420068 0.0390649
internal_weight=312.526 255.083 239.009 165.564 29.6614 73.4447 47.4047 135.903 104.323 101.264 31.58 14.7743 40.4817 30.2805 28.3567 6.92298 57.4429 14.8871 10.2012 16.0739 4.23916 12.3725 3.19133 12.8597 54.2516 53.6182 3.70825 11.8348 2.76288 26.0399
internal_count=5080 3271 2851 1629 310 1222 568 1319 1091 1065 228 168 524 455 212 44 1809 142 69 420 58 117 52 121 1757 1752 69 362 64 654
is_linear=0
shrinkage=0.05


Tree=179
num_leaves=31
num_cat=0
split_feature=39 20 19 25 25 17 38 37 0 7 17 22 0 13 40 17 36 6 22 1 38 0 14 40 18 22 13 18 19 25
split_gain=24.655 3.61546 3.58474 2.4851 4.31685 4.76481 3.63535 1.08846 1.16149 0.273333 0.0443682 0.0037708 0.00296314 0.00146837 0.000143072 3.54955e-05 2.52485e-05 2.62923e-05 1.93465e-05 3.35348e-05 2.50511e-05 2.60571e-05 6.37653e-06 5.29869e-06 4.98981e-06 3.8504e-06 2.75412e-06 2.14929e-06 1.93075e-06 1.78279e-06
threshold=0.6954590335867854 1.1502077784534082 0.34385128038555252 -1.6643028320415276 -1.4963929276914476 -1.3662785249216787 0.644125821483026 -0.055972977829444666 -0.8400196593188588 0.8730326751409142 -0.54159935390730196 -0.85649102680470246 1.1183392864000548 0.6064039477469737 0.27019884766479502 -1.4462278875496855 -3.447754560400575 -1.0643699961557973 -0.38075026303442855 0.90654859328389648 0.26483696430407672 -1.2382896528327978 0.11523212543097332 0.67885973398825905 0.650654300131981 -0.57318151105159421 0.64413947718918785 1.6264538902762706 2.6108352102486179 -1.3376848582170384
decision_type=2 2 2 2 2 2 2 2 2 2 2 2 2 2 2 2 2 2 2 2 2 2 2 2 2 2 2 2 2 2
left_child=16 2 3 -2 9 -6 -7 8 -4 -5 11 13 -3 -9 28 -14 -1 -18 23 20 21 -20 -21 29 -22 -17 -25 -27 -10 -19
right_child=1 12 7 4 5 6 -8 10 14 -11 -12 -13 15 -15 -16 25 17 18 19 22 24 -23 -24 26 -26 27 -28 -29 -30 -31
leaf_value=-0.03815904700566583 -0.018230150726471547 -0.0414604305601253 0.04176841238555682 0.040582834173601062 -0.045703300826738597 0.0017772794735581342 0.023132336777899401 0.039792159082837911 -0.037901104418619713 0.059932410602493949 0.031547332096677004 0.042279530785293229 -0.038450504387595501 0.041008955559900813 -0.039233862385086554 -0.038020244086942233 -0.038380918798449092 -0.037810961324326813 -0.037733162328459843 -0.037960370210439943 -0.037831413548932734 -0.037995397022974761 -0.037708967417677111 -0.037899075717101792 -0.037709976973317821 -0.037818755795350573 -0.037741671143268291 -0.037946709321448308 -0.038080923582071928 -0.037713211292405194
leaf_weight=0.43434617901221173 6.5978593304753295 0.82668014429509584 0.84272053092718124 3.5914184916764489 3.6294637843966475 38.354234141297638 41.484459555242211 8.9897873587906378 0.32303766906261688 3.7109799906611443 1.5334366448223562 2.4354498609900483 0.34179982077330384 3.4235794097185126 0.37024090904742479 0.49527194257825691 0.17787281610071914 0.4860649183392568 1.2151779374107707 0.26355750998482186 1.5513533526100221 4.2971533169038514 5.8647770062088966 0.63690523616969652 1.8602647641673682 1.0283360760658973 0.49301780806854367 0.4820343330502509 0.2775220493786037 11.559609271585941
leaf_count=27 34 10 7 26 35 587 398 128 25 16 24 20 12 34 11 33 7 54 160 19 155 317 808 50 266 97 61 33 16 1610
internal_value=0.00368683 0.0137588 0.0152048 0.0113979 0.0135515 0.0103263 0.0128734 0.0355757 -0.00117929 0.050416 0.0396445 0.0404807 -0.0388861 0.0401277 -0.0384608 -0.0379795 -0.0377807 -0.0377749 -0.0377711 -0.0378098 -0.0378717 -0.0379376 -0.0377198 -0.0377269 -0.0377652 -0.0378993 -0.0378304 -0.0378596 -0.0379842 -0.0377172
internal_weight=147.578 118.738 115.564 97.3684 90.7706 83.4682 79.8387 18.1958 1.81352 7.3024 16.3823 14.8488 3.17412 12.4134 0.970801 2.34744 28.8401 28.4058 28.2279 15.0523 8.92395 5.51233 6.12833 13.1756 3.41162 2.00564 1.12992 1.51037 0.60056 12.0457
internal_count=5080 1546 1361 1096 1062 1020 985 265 59 42 206 182 185 162 52 175 3534 3507 3500 1725 898 477 827 1775 421 163 111 130 41 1664
is_linear=0
shrinkage=0.05


Tree=180
num_leaves=31
num_cat=0
split_feature=20 0 39 39 34 13 34 29 11 22 6 22 19 14 9 37 1 39 19 13 39 0 38 13 39 25 21 11 19 42
split_gain=64.1319 6.24516 5.45575 3.03226 2.23561 1.96301 0.780531 2.48612 0.487019 0.360127 0.0975428 0.0875757 0.0175484 0.00345044 0.000287749 0.000551387 0.000480683 0.000279759 0.000241863 0.000210689 8.32157e-05 0.000118131 8.43465e-05 8.20436e-05 6.88794e-05 4.92389e-05 3.82735e-05 3.14875e-05 2.61595e-05 2.51339e-05
threshold=-1.0603712108618153 -1.2326425409844657 -1.3396555949263298 -0.13569891178321034 0.31853152508626609 -1.2277804872671068 0.31260912773749516 -0.37867864243373156 -0.15446601376833261 -0.56856164938500842 -0.073569092808141237 -0.31900887052994592 -0.45160639048194023 -0.31347091079868983 1.0850902257024664 -0.63604408724040418 0.0087579316423621687 0.27204186226388005 -0.27854517878572921 -0.74732102972332459 0.25830960909098244 0.27275859121560947 0.70421068613274251 0.67236684173257666 0.90179937341028771 -1.3315527694120151 0.42094937218513034 1.0784573237345654 0.14213410128548976 0.33702433475279531
decision_type=2 2 2 2 2 2 2 2 2 2 2 2 2 2 2 2 2 2 2 2 2 2 2 2 2 2 2 2 2 2
left_child=1 6 -3 4 11 -6 8 -8 9 -1 12 13 -11 -4 15 16 17 -2 23 -19 26 28 -23 25 -25 -17 -20 -21 -22 -28
right_child=14 2 3 -5 5 -7 7 -9 -10 10 -12 -13 -14 -15 -16 18 -18 19 20 27 21 22 -24 24 -26 -27 29 -29 -30 -31
leaf_value=0.0070897659919755586 -0.039770986936171364 -0.057435739080342302 0.039537458749809101 -0.027735507158975423 0.037078776328841566 -0.029532893498980462 0.051240386521586002 -0.018345581467991565 0.0055907595735087421 0.038908658311875517 0.055316707313971862 0.053586405331175917 0.045208168719467264 0.042233233513780825 -0.037964829589042064 -0.038582018438302029 -0.038218346608451109 -0.039591273744688481 -0.038261964155379517 -0.038170528653680702 -0.038253286558485429 -0.038513305856399602 -0.038286142496498865 -0.037949773875595651 -0.038160854639783748 -0.038167476658294341 -0.037944574526230714 -0.038687084132758849 -0.038036712290691832 -0.038341418653011328
leaf_weight=0.87936617061495681 1.147026197984814 3.1417102199047831 4.4291329234838477 3.288014943711457 1.9150505084544418 2.6180288568139076 2.6542031243443489 2.4855961799621573 1.1295965053141106 45.984840732067816 0.94116327166557923 1.54824523627758 1.1327449493110169 1.6215622201561934 11.115691649727522 0.7635477464646091 2.5068201934918761 0.53303237631916989 2.9398932605981889 0.67443201784044482 2.8145807273685959 9.1707139713689703 7.370427497662603 11.031277965754272 5.9491496682167044 11.583045655861495 2.507220191881061 0.52440457791090012 2.763098550029099 0.47449671383947123
leaf_count=16 18 32 73 29 17 39 27 22 9 1019 7 9 8 15 695 23 115 10 128 33 120 304 312 728 277 557 166 14 152 19
internal_value=-0.00526756 0.0277086 0.00261904 0.0148547 0.0263975 -0.00139204 0.0361442 0.0175888 0.0380491 0.0387983 0.0393785 0.0429751 0.0390601 0.0402599 -0.0381993 -0.0382408 -0.0387246 -0.0391653 -0.0381954 -0.0387642 -0.0383004 -0.038345 -0.0384121 -0.038095 -0.0380237 -0.0381931 -0.0381339 -0.0383965 -0.038146 -0.0380077
internal_weight=147.638 73.7693 18.5617 15.42 12.132 4.53308 55.2075 5.1398 50.0677 48.9381 48.0587 7.59894 47.1176 6.0507 73.8689 62.7532 5.38572 2.8789 57.3675 1.73187 28.0404 22.1188 16.5411 29.327 16.9804 12.3466 5.92161 1.19884 5.57768 2.98172
internal_count=4993 1322 214 182 153 56 1108 49 1059 1050 1034 97 1027 88 3671 2976 190 75 2786 57 1201 888 616 1585 1005 580 313 47 272 185
is_linear=0
shrinkage=0.05


Tree=181
num_leaves=31
num_cat=0
split_feature=24 37 38 42 39 39 39 25 24 20 0 15 0 39 13 38 39 42 0 37 29 25 47 25 23 1 38 17 14 22
split_gain=34.7163 8.08254 7.34026 6.20338 5.18763 5.30826 4.93638 3.43822 2.60374 2.51476 2.66169 2.07206 2.03604 2.01261 2.63374 3.00453 1.70418 2.8831 1.62852 1.04841 0.940626 0.89154 1.52709 0.784232 0.194011 0.192354 0.136441 0.0957666 0.0283652 0.0243955
threshold=0.58936442678402667 -0.011592364651285254 -1.2194896795209071 0.75244568302758685 0.59561912912395865 0.13432753749975621 -1.2992111867926484 -0.88223281310727197 -0.081993979328351743 0.16737272517760013 1.8346308418990052 -0.13972757581376824 -1.2326425409844657 0.32866899939098998 0.74308381816759206 0.73702949670526363 0.40100575111340181 -0.36381741704577836 3.8467859583836073 -0.66011843958885252 -0.48350971785607827 -0.18621566815575122 -0.35471126092534316 0.065554509161360505 1.0881837743684191 0.39261458200416638 0.0308214500422502 0.13494072041093744 0.17129391845379885 0.084991812111336038
decision_type=2 2 2 2 2 2 2 2 2 2 2 2 2 2 2 2 2 2 2 2 2 2 2 2 2 2 2 2 2 2
left_child=1 2 21 9 5 6 12 -8 11 16 13 -7 -4 14 15 -11 23 -18 -3 -6 -5 22 -1 -2 -16 -23 -25 -15 -22 -21
right_child=3 18 4 20 19 8 7 -9 -10 10 -12 -13 -14 27 24 -17 17 -19 -20 29 28 25 -24 26 -26 -27 -28 -29 -30 -31
leaf_value=-0.038306454629251314 0.013465945174427302 -0.038330196049929495 0.0050488206411253922 0.0037663552099029816 0.015914229460988725 0.026788517095691411 0.055698912567509529 -0.024834666267337904 -0.011291439585270168 -0.01436675349999119 0.0436459899133168 0.070487780618019844 0.060010101822222245 -0.039887736883280005 -0.0089013038725847659 0.044462650963484431 0.042072122663393295 -0.023137441770342507 0.0421241295270973 -0.038881126776200071 0.045476860761581334 -0.038022855349206131 0.083155645909961884 0.040779962588728146 -0.039698530653447736 -0.059305279705920415 0.056040557088754273 -0.057954055136930097 0.03911129839330918 -0.048833812433135823
leaf_weight=0.69644920341670513 2.7082547675818223 38.370188397355378 3.3857868639752269 1.9396469816565503 0.95389183051884163 6.2819945542141786 1.446856746450069 15.777077408507468 2.4521583933383218 4.5687554748728889 2.6135185509920111 4.7742186523973933 3.354568261653184 2.0138333365321155 0.59983270522206922 4.13428645581007 2.9321311414241791 4.017484199255704 0.63945924490690131 6.6805973453447205 1.8312327526509751 14.327492396347223 0.41177670657634979 5.4459124356508255 3.4678550409153104 1.1466613709926594 2.0035263076424599 1.1537811011075971 39.479944497346878 0.67820372432470311
leaf_count=28 22 1886 42 20 14 73 7 404 30 61 18 25 16 49 20 24 24 34 5 231 12 929 18 62 117 4 12 4 797 5
internal_value=0.000197344 -0.0191602 -0.00799463 0.0250664 0.00232837 0.0102553 -0.00387359 -0.0180696 0.0353204 0.00962697 -0.00312361 0.0456584 0.0324022 -0.0107927 -0.00194389 0.0135795 0.0234542 0.0043753 -0.0370114 -0.0334053 0.0377957 -0.0364973 0.00682447 0.0365075 -0.0351571 -0.0395999 0.0448843 -0.0464683 0.0393935 -0.0397984
internal_weight=180.287 101.377 62.3677 78.91 45.7854 37.4727 23.9643 17.2239 13.5084 35.6592 18.5519 11.0562 6.74036 15.9383 12.7707 8.70304 17.1073 6.94962 39.0096 8.31269 43.2508 16.5824 1.10823 10.1577 4.06769 15.4742 7.44944 3.16761 41.3112 7.3588
internal_count=4993 3717 1826 1276 847 597 469 411 128 447 293 98 58 275 222 85 154 58 1891 250 829 979 46 96 137 933 74 53 809 236
is_linear=0
shrinkage=0.05


Tree=182
num_leaves=31
num_cat=0
split_feature=4 9 40 14 19 37 24 3 0 22 37 38 39 33 3 3 39 37 38 22 12 32 43 1 47 17 19 5 24 38
split_gain=31.5054 10.1458 6.18578 4.7406 4.43062 7.63925 4.42471 3.15185 2.98701 3.77299 3.72809 8.38404 6.36037 2.48289 2.14793 2.69256 2.08284 2.33234 2.78673 2.0051 1.19606 1.82366 1.61041 0.933554 0.624795 0.608546 0.203821 0.1456 0.0907014 0.0222344
threshold=-0.31256744944232712 1.0850902257024664 0.47452929082652701 0.069015071608312314 -0.2964363649534279 -0.24195018360746531 -0.76861074759179016 -0.18564378713889043 1.0235272506306921 -1.0000000180025095e-35 0.83282756355708043 0.50655804175561114 1.2689839915512382 0.027861061436313676 -0.85529293930526051 -0.85529293931275407 0.44161026945671367 -0.011592364651285254 -0.99455459383822342 -0.67937728998687497 0.099638488475974771 -0.26955455543194379 1.0000000180025095e-35 -1.2000166143764806 0.2188533442655706 0.050492471930623534 -0.22773945493660522 -0.33615915908559552 -0.69439332828303768 -0.28607560861455283
decision_type=2 2 2 2 2 2 2 2 2 2 2 2 2 2 2 2 2 2 2 2 2 2 2 2 2 2 2 2 2 2
left_child=16 2 3 14 5 -4 7 -7 10 26 11 -6 -12 -5 15 28 29 18 -18 -8 21 -15 -22 -16 -20 -25 -10 -19 -2 -1
right_child=1 -3 4 13 8 6 19 -9 9 -11 12 -13 -14 20 23 -17 17 27 24 -21 22 -23 -24 25 -26 -27 -28 -29 -30 -31
leaf_value=-0.038461409866253696 0.019628438748587995 -0.03850095211788411 -0.055230452963290613 -0.036192791011781023 -0.0068340305270741288 0.0082030614788141214 -0.018585278749910863 -0.052961200870901962 0.01974384255728158 -0.042073480827473114 -0.040630604494328509 0.047932269217018646 -0.00069715983442769018 0.017791476776695094 -0.0016384984470432858 -0.044626467621706932 -0.044901168360693251 -0.037733689686135136 0.040241215931726193 0.030087933760856625 0.028745543376728619 -0.033151291462889455 -0.0095901507150777335 0.038690324350343433 0.0010697588328626507 0.019199416645807051 0.040888149855045935 -0.060291868811863603 0.039063524789535245 -0.030053736794768551
leaf_weight=44.056354057043791 0.91802931204438198 11.025710193440316 3.5571187883615485 3.21413301303983 29.711662728339434 7.72843012586236 2.2315970771014682 2.8953187465667707 1.3581335358321656 1.8093649856746186 15.737024381756781 9.1373338252305967 27.215281296521425 3.7646563127636909 1.6589650250971306 1.9881050512194622 1.9415258299559353 3.3171796686947346 2.955359686166048 40.813133953139186 10.889537246897815 3.2938870806247023 3.6603351570665827 37.421390337869525 1.5528629906475542 4.4846208300441495 7.087310478091239 0.91196299716830065 1.7346207760274412 0.80063509754836459
leaf_count=1640 21 386 14 19 238 90 14 13 23 17 91 71 202 29 24 16 27 82 40 618 101 34 30 898 16 56 110 6 39 28
internal_value=0.000259679 0.00831543 0.0106373 0.022562 0.00480383 0.015729 0.0204322 -0.0084662 -0.0019877 0.02345 -0.00517663 0.00604707 -0.0153281 0.00480919 0.0317034 -0.000633996 -0.0335868 -0.0137413 0.00518031 0.0275645 0.010908 -0.00598109 0.0191014 0.0351482 0.0267486 0.0366045 0.0374879 -0.0425981 0.0323374 -0.0383113
internal_weight=288.872 233.336 222.31 73.0283 149.282 57.2256 53.6685 10.6237 92.0561 10.2548 81.8013 38.849 42.9523 24.8225 48.2057 4.64076 55.5359 10.6789 6.44975 43.0447 21.6084 7.05854 14.5499 43.565 4.50822 41.906 8.44544 4.22914 2.65265 44.857
internal_count=4993 3154 2768 1267 1501 749 735 103 752 150 602 309 293 213 1054 76 1839 171 83 632 194 63 131 978 56 954 133 88 60 1668
is_linear=0
shrinkage=0.05


Tree=183
num_leaves=31
num_cat=0
split_feature=39 0 34 37 0 28 37 39 40 0 24 31 42 15 15 33 25 23 14 11 33 34 6 19 25 22 1 38 40 14
split_gain=24.3105 3.44569 2.95054 3.83317 4.21795 3.7248 5.40822 6.38452 2.65157 2.73423 2.11393 1.4718 1.46966 1.40776 1.08343 0.785217 0.900479 1.12963 0.750016 0.347288 0.0881922 0.000224698 2.86346e-05 2.77066e-05 2.38e-05 1.58846e-05 2.86019e-05 2.15443e-05 6.27915e-06 6.07038e-06
threshold=0.7085912603143959 1.1397388681411023 -1.3575069246156248 0.3353144012075881 -1.0623375362952963 0.60342616354663225 1.9614217879311473 1.2530825343543899 2.0580902253299502 -1.0000000180025095e-35 -0.027142528738623658 -0.36078705703437891 -0.011793369840887481 0.78886814989163667 1.00420387805357 -0.66747622556897446 -1.4963929276914476 -0.24588394934404298 -0.76913446679810915 0.69777645490254836 -1.1024376112335867 -3.0098557849224412 -1.0643699961557973 4.0772924754326292 -1.3315527694120151 -0.38321115807146472 0.90654859328389648 0.26483696430407672 0.65331842859304257 0.11523212543097332
decision_type=2 2 2 2 2 2 2 2 2 2 2 2 2 2 2 2 2 2 2 2 2 2 2 2 2 2 2 2 2 2
left_child=21 2 10 4 -4 8 7 -7 12 -10 15 -8 -5 19 -15 18 -17 -18 20 -6 -2 -1 -23 25 -3 28 27 -27 -24 -28
right_child=1 24 3 5 13 6 11 -9 9 -11 -12 -13 -14 14 -16 16 17 -19 -20 -21 -22 22 23 -25 -26 26 29 -29 -30 -31
leaf_value=-0.039571346233995636 0.029451450223067319 -0.038263134215077932 0.043960743652331706 0.035391020088666014 -0.042184179820579155 0.010937860727950924 0.012835178022971501 -0.043389699966992039 0.039751711471319354 -0.043205735988492311 -0.0053820358594276543 0.047304642207671506 -0.0062464767739454884 0.042905622516460337 -0.026581209660565326 0.050717218957088361 0.041169404463734932 0.0033137670954042735 0.069696722292232366 -0.0018331179168892845 0.044039981400262461 -0.038376947664763288 -0.037702709522074787 -0.038260665456196365 -0.037894182907768061 -0.037916032777680186 -0.037959797233383774 -0.037752783875233419 -0.037829029504169165 -0.037694240918255878
leaf_weight=0.17330786399543541 1.8139952458441255 0.53287790669128332 2.5315175056457511 30.892075238749385 6.8436503238044661 14.735889670439066 5.6392005514353514 8.5431049112230522 1.658583518117666 2.4761186614632598 3.1142821740359059 6.8691372312605363 2.2753720525652161 1.0588926123455169 1.1929380702786145 3.8730586282908952 3.7522299196571147 4.1505676014348794 3.2600628091022417 0.57829463202506293 2.4154001548886299 0.18989961594343441 11.140173604711899 0.27432360779493947 2.4318165476433924 5.019146757200355 0.22409500693902273 3.383393389172852 1.0790678858757008 5.4216527473181486
leaf_count=7 27 27 19 272 259 219 46 72 24 32 32 33 30 13 38 26 24 36 14 13 24 8 1652 15 198 461 16 443 110 803
internal_value=0.00485008 0.015216 0.0166802 0.0124405 -0.0134977 0.016772 0.00524819 -0.00899969 0.0278278 -0.0099284 0.0328386 0.0317646 0.0325346 -0.028534 0.00609402 0.0390171 0.0309669 0.0212875 0.0516746 -0.0390402 0.0377829 -0.0377768 -0.0377652 -0.0377608 -0.0379605 -0.0377556 -0.0377918 -0.0378503 -0.0377139 -0.0377048
internal_weight=137.544 110.639 107.674 85.2948 12.2053 73.0895 35.7873 23.279 37.3021 4.1347 22.3796 12.5083 33.1674 9.67378 2.25183 19.2653 11.7759 7.9028 7.48946 7.42194 4.2294 26.9051 26.7318 26.5419 2.96469 26.2675 14.0483 8.40254 12.2192 5.64575
internal_count=4993 1478 1253 1070 342 728 370 291 358 56 183 79 302 323 51 151 86 60 65 272 51 3515 3508 3500 225 3485 1723 904 1762 819
is_linear=0
shrinkage=0.05


Tree=184
num_leaves=31
num_cat=0
split_feature=38 0 39 39 36 42 15 34 29 31 10 16 6 25 0 0 9 37 1 39 40 5 14 13 11 15 40 25 42 15
split_gain=59.4742 6.3369 4.80592 3.21067 2.09214 1.26391 1.17448 0.862835 2.36495 0.505425 0.281224 0.10191 0.090474 0.0322544 0.00100833 0.000968542 0.000239561 0.000359332 0.000313148 0.000331277 0.000251428 0.000109008 9.86086e-05 5.77661e-05 4.4861e-05 3.38077e-05 2.72079e-05 2.52893e-05 1.71607e-05 1.39891e-05
threshold=-1.0165832222750328 -1.2326425409844657 -1.3396555949263298 -0.13569891178321034 0.34187492541169123 -0.49735199125804513 0.31581845190976848 0.31260912773749516 -0.37867864243373156 0.20789603537558418 -1.2050149975278766 1.0000000180025095e-35 -0.29657999678419905 -0.62873769183728367 -1.2026236832643853 -1.2382896528327978 1.0850902257024664 -0.65107736522906023 0.0087579316423621687 0.27204186226388005 0.44898798543131052 1.08861421537006 -0.14527230221726289 0.12178466805995504 1.3362921796457716 -0.48807599228711956 1.1896858418925891 -1.3376848582170384 0.75244568302758685 1.4583984338075247
decision_type=2 2 2 2 2 2 2 2 2 2 2 2 2 2 2 2 2 2 2 2 2 2 2 2 2 2 2 2 2 2
left_child=1 7 -3 4 10 -5 -6 9 -9 11 -4 13 -12 -1 -2 -15 17 18 19 -16 22 23 27 -22 -21 -24 -23 -19 29 -20
right_child=14 2 3 5 6 -7 -8 8 -10 -11 12 -13 -14 15 16 -17 -18 20 28 24 21 26 25 -25 -26 -27 -28 -29 -30 -31
leaf_value=0.028531037137459244 -0.040451941262028834 -0.055867318132492363 0.060129546475049013 0.00158393876170083 0.022975797222422333 -0.057754498815799853 -0.029172730439705193 0.050282457274133788 -0.018431721110927404 0.0053292981723430449 0.040358980305828303 0.051971661574578866 0.024758731329589903 0.038792296811107942 -0.039682979039172395 0.040498131059265391 -0.037933964476045016 -0.038172840877134816 -0.038159041109055249 -0.038174400010909243 -0.038112881040570375 -0.037964450124842217 -0.038606217702665112 -0.038307955564938379 -0.038804372333212142 -0.038163875630214894 -0.038158755884137426 -0.037919897429637917 -0.037998445892225674 -0.038496159011245118
leaf_weight=0.77448516711592574 0.48085125535726447 3.0134286480024484 1.7274809367954729 1.7969537805765869 2.3112028539180756 1.7926355889067025 2.0263097295537591 2.5407876409590244 2.4689865186810485 1.1370554119348515 4.328923422843217 1.4828062877058972 1.1834830334410078 42.337611950933926 1.0663478374481195 0.84880012646318093 10.461761604994534 1.07275605108589 0.7360261017456653 0.62886713445186593 4.4860742092132595 3.6364710852503768 0.48633504100143898 24.634982607327402 0.51322681456804276 3.8631670707836738 3.5706147123128176 12.531918038614094 0.75253555830568064 0.52882777061313391
leaf_count=12 6 31 14 15 15 30 32 27 22 10 66 11 22 1011 17 11 701 57 34 31 228 237 16 1007 13 198 167 888 46 18
internal_value=-0.0054151 0.0271897 0.00180607 0.0132648 0.0260744 -0.0280496 -0.00138588 0.0361349 0.0164178 0.0382555 0.0425262 0.0390793 0.0370097 0.0386445 -0.0381702 0.0388258 -0.0381543 -0.0381937 -0.0386378 -0.0390492 -0.0381592 -0.0382348 -0.0380061 -0.0382779 -0.0384575 -0.0382133 -0.0380607 -0.0379398 -0.0381875 -0.0383
internal_weight=139.222 69.771 18.1804 15.167 11.5774 3.58959 4.33751 51.5905 5.00977 46.5808 7.23989 45.4437 5.51241 43.9609 69.4508 43.1864 68.9699 58.5082 4.22583 2.20844 54.2823 36.3281 17.9542 29.1211 1.14209 4.3495 7.20709 13.6047 2.01739 1.26485
internal_count=4993 1329 225 194 149 45 47 1104 49 1055 102 1045 88 1034 3664 1022 3658 2957 159 61 2798 1639 1159 1235 44 214 404 945 98 52
is_linear=0
shrinkage=0.05


Tree=185
num_leaves=31
num_cat=0
split_feature=24 37 38 42 39 39 39 25 24 31 40 40 16 0 25 25 46 0 4 14 37 29 25 47 5 47 25 34 1 7
split_gain=31.853 7.85904 6.84413 5.91265 4.84798 4.74289 4.47775 3.13991 2.40572 2.24774 2.22135 2.91425 1.89086 1.78178 1.68624 1.69663 1.65675 1.55654 1.45378 1.32069 1.02869 0.919671 0.899619 1.35972 0.764464 0.660149 0.590807 0.466743 0.15695 0.0573199
threshold=0.58936442678402667 -0.011592364651285254 -1.2194896795209071 0.75244568302758685 0.59561912912395865 0.13432753749975621 -1.2992111867926484 -0.88223281310727197 -0.081993979328351743 -0.43499760522483305 -0.16400334405388545 -0.64928814656299882 -0.34402015999494234 -1.2326425409844657 -0.058598772150616957 -0.6357010584108741 0.49329109015354994 3.8467859583836073 0.11044533800190649 1.8238677812110593 -0.71052643567354024 -0.48350971785607827 -0.18621566815575122 -0.35471126092534316 -0.080461099396141503 -0.030164926306235528 -0.92605781402715348 0.19416118076209257 0.39261458200416638 1.0250692795490755
decision_type=2 2 2 2 2 2 2 2 2 2 2 2 2 2 2 2 2 2 2 2 2 2 2 2 2 2 2 2 2 2
left_child=1 2 22 9 5 6 13 -8 12 26 11 27 -7 -4 15 -12 25 -3 -13 -20 -6 -5 23 -1 -17 -16 -2 -11 -24 -22
right_child=3 17 4 21 20 8 7 -9 -10 10 14 18 -14 -15 16 24 -18 -19 19 -21 29 -23 28 -25 -26 -27 -28 -29 -30 -31
leaf_value=-0.038249889442359949 0.013000545793224325 -0.038289400497209337 0.0052972273463656322 0.0036701003861582928 0.029388867558783852 0.016372244308861843 0.054284259048298179 -0.024056299305222382 -0.01139873233121063 0.04913008617309985 0.043866031212777393 0.013477850522924479 0.059443333793081789 0.057117086261696287 0.069561056154444523 0.010604744530571782 0.0067574210433585975 0.041913539616434507 -0.040308935435002663 0.0051471012392712429 -0.039725524828695909 0.039270114784492091 -0.037985612528344613 0.075669044105162508 -0.040107244457680755 0.039078770313402469 -0.040154143408060908 0.015540427467257249 -0.057480938802262627 -0.023601395670704003
leaf_weight=0.65035603195428848 0.65051249321550164 36.198093365877867 3.3327802466228604 1.9036475792527188 0.60623721778392781 4.0227803541347376 1.3961388263851429 15.24980086553842 2.4223114475607863 2.4414184521883735 1.5442928504198787 3.3253186661750078 6.9514745315536848 3.3026659674942485 2.5793319661170244 1.2225770428776741 3.3180004507303229 0.61523167788982291 5.1685816822573543 2.3130411170423031 6.6890770029276601 38.58585462346673 13.326929870992897 0.43858051486313232 1.8950814660638597 5.7042094981297833 2.6618859488517037 1.7942774929106233 1.1190745085477818 0.6006750315427779
leaf_count=28 10 1886 42 20 6 62 7 404 30 22 12 28 36 16 16 8 21 5 106 12 229 809 929 18 43 50 97 22 4 15
internal_value=0.00018396 -0.0187558 -0.00761345 0.0246245 0.00234689 0.00999776 -0.0036412 -0.0174857 0.0337004 0.0094528 0.013597 -0.00025165 0.043655 0.0310896 0.0264062 0.00100829 0.036612 -0.036949 -0.0140295 -0.0262556 -0.0331925 0.0375964 -0.0361924 0.00763215 -0.0202207 0.0485704 -0.0297152 0.0349012 -0.0394958 -0.0383969
internal_weight=172.03 96.9222 60.1089 75.108 44.5739 36.678 23.2814 16.6459 13.3966 34.6185 31.3061 15.0426 10.9743 6.63545 16.2635 4.66195 11.6015 36.8133 10.8069 7.48162 7.89599 40.4895 15.5349 1.08894 3.11766 8.28354 3.3124 4.2357 14.446 7.28975
internal_count=4993 3717 1826 1276 847 597 469 411 128 447 340 190 98 58 150 63 87 1891 146 118 250 829 979 46 51 66 107 44 933 244
is_linear=0
shrinkage=0.05


Tree=186
num_leaves=31
num_cat=0
split_feature=18 42 19 37 38 38 5 12 38 29 38 20 24 22 20 38 40 34 17 17 24 19 21 36 29 6 16 16 36 21
split_gain=29.2756 10.8528 5.55595 5.29849 6.52665 5.58714 4.19424 3.8184 5.98512 3.44496 3.03603 4.18964 3.65406 2.77032 2.71839 7.86614 2.58323 2.48865 2.44611 2.26712 2.19921 2.13295 1.45378 1.20752 0.994741 0.592872 1.81179 0.505663 0.434892 0.259297
threshold=-0.69943144103524924 0.98310154587754295 -0.2964363649534279 0.83282756355708043 0.4682511420821408 -0.13482929747288996 1.0291495503260009 0.57798937626764835 0.72889658798430712 2.4692061264507887 0.63559616238479333 0.82647430278132339 -0.6479367961878203 -1.0000000180025095e-35 0.24561558677309941 0.095731318274349719 1.3173923688686717 -1.1028438386185202 -0.62259071825244405 -0.56708368750401583 2.1727112530284889 0.75978267946123579 0.9698257425393968 -2.7220614995347394 -0.35462338264533461 -0.73713795719925423 -0.65088841022774513 -0.83964277076808302 3.0159944716925842 -0.68838053371746266
decision_type=2 2 2 2 2 2 2 2 2 2 2 2 2 2 2 2 2 2 2 2 2 2 2 2 2 2 2 2 2 2
left_child=23 2 7 4 5 21 10 8 14 20 12 -12 -5 27 15 -2 25 -16 -18 -7 -6 -4 28 -1 -20 26 -9 -8 -3 -25
right_child=1 22 3 6 9 19 13 16 -10 -11 11 -13 -14 -15 17 -17 18 -19 24 -21 -22 -23 -24 29 -26 -27 -28 -29 -30 -31
leaf_value=0.042613002860869269 0.030079688868389323 -0.039167369646816684 0.034698422645689841 -0.040582347445383415 0.043150698486554652 -0.028018437627472189 0.0091347538226605948 -0.031847440773352408 -0.046793079504179477 -0.012178114652077904 -0.039080305749441727 -2.894180989541249e-05 0.021958674070645029 -0.041999227066442796 -0.022981727042280443 -0.04202659006917614 -0.025779410681116634 0.037603287982770649 0.040938160969836088 -0.00089435309686330868 -0.012597414683221304 0.0025289616101321854 0.0069814908655380196 -0.038527141192351656 0.0063256472966506426 0.038486098973631831 0.040605700987570582 0.040299241614761512 -0.0060620917045429139 -0.010634265646010334
leaf_weight=0.46976221352815528 9.3527772612869757 13.71643058024347 12.644302867352964 3.1672041136771432 21.941531017422683 12.521674579009412 1.6556679941713808 1.2501575499773023 4.3639964722096911 3.8738243728876105 18.129154501482848 11.057270850986241 8.8942367471754533 1.4351071044802646 1.9291374720633019 6.3504319116473189 3.4962102808058253 13.966781338676808 4.2598539143800727 20.022105481475592 1.9242163076996792 8.6966617293655855 2.1780829597264519 42.65949053876102 4.0486836247146121 32.306338282302022 2.7851052395999423 6.0866774432361126 1.0693780109286297 0.8498003650456657
leaf_count=3 151 452 141 69 314 106 13 12 30 24 118 71 53 13 17 41 28 245 58 196 16 79 33 1646 49 825 49 113 10 18
internal_value=0.000295824 0.00735466 0.0103769 0.00397928 0.0118514 0.00170709 -0.00876347 0.0204209 0.00809437 0.031557 -0.0155654 -0.0242857 0.00553608 0.0218077 0.0156746 0.000919661 0.0296283 0.0302507 0.00930735 -0.0113307 0.0386559 0.021589 -0.0311552 -0.0371215 0.0240718 0.0362291 0.0181591 0.0336348 -0.036773 -0.0379824
internal_weight=277.102 233.123 216.159 132.05 81.6243 53.8847 50.4253 84.1095 35.9631 27.7396 41.2479 29.1864 12.0614 9.17745 31.5991 15.7032 48.1463 15.8959 11.8047 32.5438 23.8657 21.341 16.9639 43.9791 8.30854 36.3416 4.03526 7.74235 14.7858 43.5093
internal_count=4993 3326 2831 1326 876 522 450 1505 484 354 311 189 122 139 454 192 1021 262 135 302 330 220 495 1667 107 886 61 126 462 1664
is_linear=0
shrinkage=0.05


Tree=187
num_leaves=31
num_cat=0
split_feature=37 20 19 25 12 37 11 37 17 38 38 38 25 38 38 34 23 22 10 0 22 22 22 13 38 22 17 0 1 22
split_gain=16.8544 5.14998 3.64891 3.11455 2.61602 5.21804 2.89028 5.14436 2.86915 4.19645 2.50168 4.13185 4.44208 3.60058 2.39209 1.20225 0.951041 0.283227 0.275384 0.0591805 0.00816098 0.00409556 0.00304605 0.00121796 0.000939091 0.000310243 0.000213178 4.6051e-05 6.39193e-05 3.56078e-05
threshold=-0.098285831242653582 1.1502077784534082 0.34385128038555252 -1.2809658839935076 0.5873803139420859 0.79451342137174297 -0.19292412453835886 1.9143870936936278 -1.1144090683861474 0.13312656780943571 0.644125821483026 0.45312775106249165 -1.4963929276914476 0.18310683194691427 0.92235310963637007 -1.8549883019123017 -0.45718749694732347 -0.77521794542066724 0.53456480296069431 0.7393883597356723 -0.81599614996939207 -0.64853201538657168 -0.83090017290929874 0.6064039477469737 -0.49703867493594966 -0.95201910828346503 -1.0702436681783232 -1.2472061452249008 0.90654859328389648 -0.66361224482209191
decision_type=2 2 2 2 2 2 2 2 2 2 2 2 2 2 2 2 2 2 2 2 2 2 2 2 2 2 2 2 2 2
left_child=3 2 4 -1 10 8 7 -7 9 -6 11 13 -13 -2 -8 -5 -12 -10 -18 20 23 24 -3 25 -17 -4 -23 -28 -29 -24
right_child=1 22 19 15 5 6 14 -9 17 -11 16 12 -14 -15 -16 21 18 -19 -20 -21 -22 26 29 -25 -26 -27 27 28 -30 -31
leaf_value=0.031404301320994421 0.0107322994686435 -0.041310469949909549 0.03935949721497925 0.043642285544830579 0.054039154775493994 -0.04321118821082727 0.034499675804195842 0.02414011089507466 -0.074595204385037653 -0.043826811142009481 0.018746315157843311 0.050798684711591741 -0.036729851785246972 0.055927504934844122 0.0041040026231704474 -0.041420787082495497 0.043202713264236338 -0.040407504939595829 0.062225219237035036 0.029512888574602505 0.043466865892356647 -0.039399727936412943 -0.038353816900167766 0.040808709984530019 -0.039150135276959111 0.040045044742344063 -0.037678613242169194 -0.037913685771217037 -0.037695690868449795 -0.037803640429615482
leaf_weight=1.8219333048909927 12.760782884899532 0.7635128404945134 6.5630290694534752 0.45981685444712894 2.3038099855184511 5.3732461184263212 16.226008067838851 6.002228232100606 0.66541326045989535 2.0882292231544852 3.0647796299308538 1.8937647417187689 6.1792843048460764 6.7315293499268583 10.768618824426083 0.90225366503000259 4.270287096500395 6.7629908653907549 3.431400547735393 1.4093710160814215 1.7609250843524922 0.20774388313294423 0.32119327783584628 2.3732704147696486 0.91931101400406123 2.2046972177922735 6.4454719456844147 9.7615270512178274 5.1297062234953055 3.4852578612044445
leaf_count=35 184 10 111 6 10 162 112 48 2 44 34 9 148 48 94 9 28 502 16 24 14 5 17 25 32 29 1045 965 798 427
internal_value=0.00481227 0.0135085 0.0158166 -0.0316045 0.0120296 0.00451798 0.0134661 -0.00767352 -0.0245284 0.00750802 0.0218651 0.0138822 -0.0161975 0.0263401 0.0223743 -0.0364227 0.0423037 -0.0434699 0.051678 0.0392411 0.0403038 -0.0379983 -0.0384282 0.0398039 -0.0402748 0.0395319 -0.0378058 -0.0377903 -0.0378386 -0.0378501
internal_weight=133.051 107.404 102.834 25.6478 88.5224 50.1905 38.3701 11.3755 11.8204 4.39204 38.3318 27.5654 8.07305 19.4923 26.9946 23.8258 10.7665 7.4284 7.70169 14.3113 12.9019 23.366 4.56996 11.141 1.82156 8.76773 21.5444 21.3367 14.8912 3.80645
internal_count=4993 2098 1644 2895 1441 974 416 210 558 54 467 389 157 232 206 2860 78 504 44 203 179 2854 454 165 41 140 2813 2808 1763 444
is_linear=0
shrinkage=0.05


Tree=188
num_leaves=31
num_cat=0
split_feature=38 41 39 39 36 7 23 34 29 31 10 8 8 22 41 2 9 19 37 44 39 40 40 19 17 41 25 37 40 19
split_gain=55.1055 6.02662 4.3345 2.99912 2.029 1.29028 0.993231 0.912707 2.24731 0.715361 0.257728 0.10071 0.093023 0.0437313 0.00565947 0.00089007 0.000213443 0.000326088 0.000184219 0.000273093 0.000283018 9.28213e-05 8.03651e-05 9.39578e-05 4.85565e-05 4.51624e-05 2.97035e-05 2.85468e-05 2.22014e-05 2.13339e-05
threshold=-1.0165832222750328 -1.2326425409844657 -1.3396555949263298 -0.13569891178321034 0.34187492541169123 -0.45805602315578287 -0.24588394934404298 0.31260912773749516 -0.37867864243373156 0.2211396058406975 -1.2050149975278766 -0.350197662932418 0.12780438720271461 -0.56856164938500842 -1.2382896528327978 -1.1810809354712959 1.0850902257024664 -0.27854517878572921 -0.65107736522906023 1.0000000180025095e-35 0.27204186226388005 0.52561190161696003 0.44898798543131052 0.49915869904091809 0.13494072041093744 0.6680564205988474 -1.3376848582170384 -0.30595301610519138 1.1641445364973724 2.473658021074995
decision_type=2 2 2 2 2 2 2 2 2 2 2 2 2 2 2 2 2 2 2 2 2 2 2 2 2 2 2 2 2 2
left_child=1 7 -3 4 10 -5 -6 9 -9 12 -4 -12 13 -1 -15 -2 17 21 19 20 -19 26 24 -24 -20 27 -17 -23 -27 -21
right_child=15 2 3 5 6 -7 -8 8 -10 -11 11 -13 -14 14 -16 16 -18 18 22 29 -22 25 23 -25 -26 28 -28 -29 -30 -31
leaf_value=0.025664855697328227 -0.040322298048030329 -0.054316282662128471 0.059223140599034579 0.0087942741404508831 0.021455151409248235 -0.053180655673490687 -0.026895852669214661 0.049331173940377941 -0.018491365372754646 -0.0071599869427211669 0.040443195554375033 0.02395681783185357 0.053671756894633861 0.038712018709751411 0.042198838978247888 -0.038222470224175104 -0.037903188580675679 -0.039583545165951105 -0.037999311503245321 -0.038054605483727438 -0.038392787341134042 -0.038535811107143936 -0.038329162569340089 -0.038019650282891573 -0.038289911906594788 -0.037947682727901291 -0.037894819522695758 -0.038169718073594157 -0.038116066636992227 -0.03844811069552647
leaf_weight=0.64222815632820029 0.46167942136526008 2.8981589386239675 1.6652093082666395 1.4182956144213679 2.2046402543783188 2.059124713763592 2.0495507977902889 2.432949360460043 2.4526963680982581 0.85684697329997916 3.997962854802608 1.2056706892326476 1.0511747077107418 39.793076992034905 1.1988003440201342 0.74236840289085826 9.7274462953209859 1.018083363771441 5.1173745142296019 1.3655062122270463 0.97872467245906603 0.5789057770743965 15.198978231288494 2.9236372085288158 1.9989628121256826 4.2135298512876034 10.136950411833823 6.6420353045687062 3.656256377696991 0.46062440983951103
leaf_count=13 6 31 14 12 14 33 33 27 22 7 63 25 7 1015 13 39 701 17 332 77 40 20 620 171 89 280 768 306 181 17
internal_value=-0.00554928 0.0266875 0.0015384 0.0126254 0.0252961 -0.0279037 -0.00183902 0.0357747 0.0152828 0.038074 0.0421022 0.0366233 0.038982 0.0386112 0.038814 -0.0381347 -0.0381191 -0.0381573 -0.0382723 -0.0385958 -0.0389999 -0.0380285 -0.0382233 -0.0382792 -0.0380809 -0.0381088 -0.0379172 -0.0381991 -0.0380259 -0.0381539
internal_weight=131.147 65.9264 17.4986 14.6005 11.123 3.47742 4.25419 48.4278 4.88565 43.5421 6.86884 5.20363 42.6853 41.6341 40.9919 65.2211 64.7594 55.0319 29.0619 3.82294 1.99681 25.97 25.239 18.1226 7.11634 15.0907 10.8793 7.22094 7.86979 1.82613
internal_count=4993 1329 225 194 149 45 47 1104 49 1055 102 88 1048 1041 1028 3664 3658 2957 1363 151 57 1594 1212 791 421 787 807 326 461 94
is_linear=0
shrinkage=0.05


Tree=189
num_leaves=31
num_cat=0
split_feature=22 42 37 41 39 39 39 36 40 39 17 4 25 2 35 40 19 31 8 8 7 11 42 2 11 25 37 9 27 11
split_gain=26.8872 8.85844 5.56156 5.53986 4.70235 3.22456 4.17887 2.52417 2.35454 2.31606 2.50349 2.35475 2.74251 2.05602 1.68206 2.15143 2.3931 1.88807 1.35023 3.04227 1.24237 0.927266 1.90801 0.683369 0.660583 1.00082 0.508263 0.351508 0.342777 0.0887131
threshold=-0.19455246843106319 0.79923017564888577 -0.098285831242653582 -1.2326425409844657 0.42802052377877892 0.13432753749975621 -1.3396555949263298 0.31008634467565632 -0.16400334405388545 0.25830960909098244 -0.655728666736628 -0.075397099996606237 0.51500634504727472 2.9633395865414327 -0.0063537013778391244 -0.93024250591038027 0.69825818429281694 2.528932569446841 -0.35170741972523673 -0.33374514077686779 3.5641458475787169 -0.28771905609697473 0.18091566092529496 0.22076935547782159 -0.48729970921006516 0.31820076278111276 -0.71052643567354024 -0.7473222482726134 -0.48344892443181814 -0.93134085846384307
decision_type=2 2 2 2 2 2 2 2 2 2 2 2 2 2 2 2 2 2 2 2 2 2 2 2 2 2 2 2 2 2
left_child=2 8 3 18 5 6 -5 -8 14 24 -11 -12 -13 -4 20 -16 -17 -18 -1 -20 27 22 -21 -7 -10 -26 -6 -2 -3 -29
right_child=1 28 13 4 26 23 7 -9 9 10 11 12 -14 -15 15 16 17 -19 19 21 -22 -23 -24 -25 25 -27 -28 29 -30 -31
leaf_value=-0.038118604573554669 -0.002952737745666391 0.013906493383170333 -0.03821439291322281 0.070526234131356294 0.015279785187708644 0.073608721288107304 -0.027739062620643004 0.019589493310975814 0.055299398173546191 0.05102868681665873 0.033141280055284737 -0.028669281876304381 0.019228724963945704 0.041264413433314627 0.038857272620672761 -0.055557617421563614 0.015222857971549059 -0.032956017983407596 0.083664949192196733 -0.039165752044603298 0.026849042186443774 -0.054683225176981126 0.051639140632944662 0.035631655081621798 -0.0025217127892495062 0.039333140984531695 -0.038574434323999707 -0.06812890167620142 0.038724626564410253 -0.041217685683191424
leaf_weight=13.380417481064798 0.61687037162482727 1.4480790644884098 33.739530205726624 2.1417179405689266 0.48017909191548813 2.346947578713297 6.0328509332612175 5.2851767726242542 2.8325409181416035 2.5621205214411047 3.7136142738163533 8.5594079019501752 4.5916634760797015 0.83380942791700263 3.1297091059386739 2.1457896186038825 7.6556300679221732 2.769022598862648 0.77256529498845328 1.5641712779179218 0.84859826788306225 1.5695147337391961 0.91802231967449177 2.3916650274768472 2.0589723670855182 4.6624230444431305 5.0013855155557385 0.32994279265403736 35.467307556420565 4.2627325784415033
leaf_count=974 15 11 1960 8 7 14 206 61 18 19 24 127 31 8 37 25 64 19 24 66 8 18 4 33 31 41 209 1 810 120
internal_value=0.000214577 0.0191161 -0.0214549 -0.00920306 0.00674081 0.0189693 0.00648122 -0.00563806 0.00555813 0.0148909 0.00497845 -0.00201761 -0.0119458 -0.0362976 -0.00687252 0.00176314 -0.00747232 0.00242546 -0.0299422 -0.00726442 -0.0292525 -0.0246025 -0.00558218 0.054441 0.0350466 0.0265117 -0.0338569 -0.0383911 0.0377511 -0.043151
internal_weight=164.112 87.6544 76.458 41.8846 23.6799 18.1984 13.4597 11.318 50.739 28.9807 19.4268 16.8647 13.1511 34.5733 21.7583 15.7002 12.5704 10.4247 18.2047 4.82427 6.05814 4.05171 2.48219 4.73861 9.55394 6.7214 5.48156 5.20955 36.9154 4.59268
internal_count=4993 1401 3592 1624 538 322 275 267 580 291 201 182 158 1968 289 145 108 83 1086 112 144 88 70 47 90 72 216 136 821 121
is_linear=0
shrinkage=0.05


Tree=190
num_leaves=31
num_cat=0
split_feature=4 42 19 40 12 38 25 40 25 26 40 18 5 22 25 24 24 24 17 36 39 16 32 25 33 35 31 8 34 26
split_gain=27.2286 9.16206 5.37112 3.57576 2.91338 5.83707 2.86329 4.50891 2.85409 3.2228 2.51178 2.46929 2.5693 2.75871 2.43847 2.43241 2.41335 3.34225 2.24685 2.10596 1.84847 1.72641 1.86639 1.66358 1.3867 0.930713 0.883129 0.844181 0.640658 0.263508
threshold=-0.31256744944232712 0.98310154587754295 -0.2964363649534279 0.576694512407393 0.57798937626764835 0.72889658798430712 -0.024917009893624886 0.52561190161696003 0.26002134966709262 0.30726207217244045 1.3173923688686717 -0.12120600202867665 1.0291495503260009 -1.0000000180025095e-35 -0.45965201522600169 -0.79559596081939798 1.6505301884067314 1.6789529201501867 -0.62259071825244405 -1.1853635657585921 0.44161026945671367 -0.66819267648346214 -0.7307625371261649 0.51500634504727472 -0.58812799486790979 -0.89480958005076483 -0.36078705703437891 -0.80935344723523173 2.4387497759459031 -0.80048186268047117
decision_type=2 2 2 2 2 2 2 2 2 2 2 2 2 2 2 2 2 2 2 2 2 2 2 2 2 2 2 2 2 2
left_child=20 2 4 8 5 6 15 -8 16 19 27 -5 14 -14 -13 -2 25 -18 -12 -10 -1 -22 29 -11 -3 -4 -20 -6 -26 -23
right_child=1 24 3 11 10 -7 7 -9 9 23 18 12 13 -15 -16 -17 17 -19 26 -21 21 22 -24 -25 28 -27 -28 -29 -30 -31
leaf_value=-0.03819950029832396 -0.021294876660227231 0.022634763106310546 0.010098113854910403 0.042749974401284627 0.010167896313318721 -0.045596428310372417 0.038776803012561666 -0.039393536213917633 0.01941852514206684 -0.009739058135430476 -0.02485231097127847 -0.013685129738357596 0.033361450586036338 -0.041679258813409538 0.0070074126286056278 0.033514887822194535 -0.047269764364735053 0.020473301092000962 0.040675816198992139 -0.042207592582291786 -0.038632441693464442 -0.039622562553377094 0.032958499049799882 0.035847753290067168 -0.038290414685836716 0.041568029498732027 0.0073973190995276833 0.038363019049507383 -0.0035896799058367859 -0.0091859036768270879
leaf_weight=39.180966021493077 2.2760285791009691 1.1522346381098039 2.7960861623287228 2.9451280124485484 2.9015086106955961 4.1783282719552508 3.0636461619287756 4.6364321261644363 1.8727126196026791 3.1625867560505849 3.4469926171004772 46.121295902878046 7.5356569364666939 1.4624572172760943 20.594869766384363 18.297453992068768 2.2727536819875231 9.1548969447612745 3.8513726480305195 5.3374618906527758 4.082046577706933 1.4317456185817721 2.8077793791890127 5.4500017426908016 12.138662384822959 14.707934817299249 4.1329340711235982 31.21902804449201 1.4937999844551093 1.4128350131213663
leaf_count=1668 24 14 40 31 36 30 78 31 13 26 28 360 122 14 145 297 16 112 57 65 89 27 40 39 402 249 50 850 25 15
internal_value=0.000332873 0.00795464 0.0107433 0.00425202 0.0210135 0.0095651 0.017717 -0.00829174 0.0155352 -0.00153869 0.0291695 -0.00216768 -0.00391489 0.0211651 -0.00729747 0.0274513 0.0248729 0.00700043 0.00888478 -0.0262013 -0.0333548 -0.0138547 0.00403948 0.019108 -0.0300362 0.036541 0.0234498 0.0359654 -0.034488 -0.0245054
internal_weight=265.118 216.202 201.418 123.414 78.0037 32.4519 28.2736 7.70008 44.7544 15.8228 45.5518 78.6594 75.7143 8.99811 66.7162 20.5735 28.9317 11.4277 11.4313 7.21017 48.9154 9.73441 5.65236 8.61259 14.7847 17.504 7.98431 34.1205 13.6325 2.84458
internal_count=4993 3154 2713 1232 1481 460 430 109 560 143 1021 672 641 136 505 321 417 128 135 78 1839 171 82 65 441 289 107 886 427 42
is_linear=0
shrinkage=0.05


Tree=191
num_leaves=31
num_cat=0
split_feature=37 20 19 25 12 37 20 20 17 5 8 29 23 35 4 12 34 19 22 24 22 22 22 13 24 17 22 0 42 22
split_gain=15.5144 4.73938 3.49329 2.92611 2.44261 4.85367 2.82249 3.4384 2.6707 2.30853 1.93743 2.11326 2.08656 1.4342 1.42485 1.28655 1.17338 0.950105 0.257031 0.0671112 0.0078675 0.00334323 0.002565 0.00145287 0.000558424 0.000171201 0.000144584 4.04379e-05 5.56371e-05 2.94529e-05
threshold=-0.098285831242653582 1.1502077784534082 0.34385128038555252 -1.2809658839935076 0.5873803139420859 0.79451342137174297 0.70256553311707515 0.82647430278132339 -1.1144090683861474 0.63965599428741371 -0.41020099204132426 -0.51209012410456545 0.89936255069480897 -1.0121528093094512 0.36443000326654046 0.50697041010471267 -1.8549883019123017 -0.11471915864262171 -0.77521794542066724 0.058384172673379635 -0.85649102680470246 -0.64853201538657168 -0.83090017290929874 0.6064039477469737 -0.7363983483344706 -1.0702436681783232 -0.95201910828346503 -1.2472061452249008 1.0974947644107502 -0.66361224482209191
decision_type=2 2 2 2 2 2 2 2 2 2 2 2 2 2 2 2 2 2 2 2 2 2 2 2 2 2 2 2 2 2
left_child=3 2 4 -1 10 8 17 -8 9 -6 11 13 14 -2 -12 -13 -5 -7 -10 20 23 24 -3 26 -18 -23 -4 -27 -29 -24
right_child=1 22 19 16 5 6 7 -9 18 -11 12 15 -14 -15 -16 -17 21 -19 -20 -21 -22 25 29 -25 -26 27 -28 28 -30 -31
leaf_value=0.030495457097891372 0.038524287572230441 -0.041090210287553303 0.039218622498613992 0.042396682658007313 0.042620906090103494 -0.043589166417721877 0.034820371004277255 0.0027013267727751629 -0.072971707399551181 -0.031273993529431013 0.0098474421319931452 0.035868352922364025 0.050594466927551755 0.0039328516993183509 -0.030704293510296334 0.077046777842663103 -0.040993712606080847 0.0045596105009691711 -0.040301222661255576 0.028715348847517065 0.043488202286187903 -0.039266230536036936 -0.038301323630722035 0.040639624656312184 -0.039188321193457748 -0.037666336707650371 0.039742039413344588 -0.037888163894897221 -0.037672282608827032 -0.037785597936556364
leaf_weight=1.7692589391954268 4.4289945298805824 0.72615006193518628 5.7202534638345215 0.46380944736302154 2.1850771233439401 2.667414138559252 15.726580023765562 17.7221953663975 0.66486251354217074 2.0471471073105931 5.3674314417876285 10.144828037358822 1.9448079504072655 9.2645473717711848 3.6319124605506659 2.3330515297129741 0.85560807958245277 1.6635460555553425 6.3697052188217711 1.4184362082742143 1.5918809249997128 0.19433742016554845 0.30256280163303051 3.0212639197707176 0.85764759499580623 5.9943517898209508 1.7149074077606208 9.6724834078922601 4.3163684322498748 3.256423052866011
leaf_count=35 35 10 104 6 14 43 111 246 2 40 79 113 16 106 94 24 19 16 502 29 12 5 17 33 22 1045 25 1026 737 427
internal_value=0.00471977 0.0131058 0.0153203 -0.031403 0.0116189 0.00429547 0.012885 0.0178027 -0.024507 0.00687759 0.0212964 0.0286837 0.00363086 0.015121 -0.00651823 0.0435677 -0.036302 -0.025095 -0.043389 0.0390025 0.0402136 -0.0379694 -0.038382 0.039715 -0.0400899 -0.0377894 0.0393393 -0.037775 -0.0378216 -0.0378294
internal_weight=128.038 103.914 99.6288 24.1239 86.1621 49.0465 37.7797 33.4488 11.2668 4.23222 37.1156 26.1714 10.9442 13.6935 8.99934 12.4779 22.3546 4.33096 7.03457 13.4667 12.0483 21.8908 4.28514 10.4564 1.71326 20.1775 7.43516 19.9832 13.9889 3.55899
internal_count=4993 2098 1644 2895 1441 974 416 357 558 54 467 278 189 141 173 137 2860 59 504 203 174 2854 454 162 41 2813 129 2808 1763 444
is_linear=0
shrinkage=0.05


Tree=192
num_leaves=31
num_cat=0
split_feature=38 41 39 39 34 11 7 34 29 31 8 14 22 41 22 2 9 19 37 44 39 40 40 19 17 41 17 37 40 19
split_gain=51.227 5.63994 3.90696 2.77933 1.93176 1.81669 1.20337 0.921958 2.07462 0.695818 0.0740823 0.0516689 0.0459998 0.00457536 0.00189324 0.000749333 0.000192013 0.000293455 0.000150934 0.000230316 0.000235239 7.79371e-05 7.55371e-05 8.72352e-05 4.0867e-05 3.9139e-05 2.65914e-05 2.46611e-05 1.9803e-05 1.90306e-05
threshold=-1.0165832222750328 -1.2326425409844657 -1.3396555949263298 -0.13569891178321034 0.31853152508626609 -0.12549724827043388 -0.45805602315578287 0.31260912773749516 -0.37867864243373156 0.2211396058406975 0.12780438720271461 -0.21310662098855374 -0.56856164938500842 -1.2382896528327978 -0.37619177310768837 -1.1810809354712959 1.0850902257024664 -0.27854517878572921 -0.65107736522906023 1.0000000180025095e-35 0.27204186226388005 0.52561190161696003 0.44898798543131052 0.49915869904091809 0.13494072041093744 0.6680564205988474 -1.4462278875496855 -0.30595301610519138 1.1641445364973724 2.473658021074995
decision_type=2 2 2 2 2 2 2 2 2 2 2 2 2 2 2 2 2 2 2 2 2 2 2 2 2 2 2 2 2 2
left_child=1 7 -3 4 11 -6 -5 9 -9 10 12 14 -1 -14 -4 -2 17 21 19 20 -19 26 24 -24 -20 27 -17 -23 -27 -21
right_child=15 2 3 6 5 -7 -8 8 -10 -11 -12 -13 13 -15 -16 16 -18 18 22 29 -22 25 23 -25 -26 28 -28 -29 -30 -31
leaf_value=0.024897022953982304 -0.040159079263148961 -0.052564415516446729 0.039148856994875164 0.0082636829385564128 -0.035949034740242566 0.029422258718415785 -0.052409088038497864 0.048316154752808982 -0.017902508692914657 -0.006897160563125955 0.052239117787539535 0.050638847030309422 0.038623664495270285 0.041861343711402224 0.041299511924609483 -0.038280635811716257 -0.037874411611071739 -0.039462639902058616 -0.037970517428171424 -0.038020112944000622 -0.038348960671407778 -0.038481612701804592 -0.03829477281496365 -0.037986774284653746 -0.038245265770020881 -0.037916717460159004 -0.037875140070581036 -0.038131655516960135 -0.038080974993841839 -0.038402185405257104
leaf_weight=0.61158573254942794 0.43947716429829498 2.7819400839507606 3.5839858315885063 1.3941251635551455 2.0043395236134529 2.2624181881546974 1.9750164281576843 2.3213931545615196 2.4116048999130717 0.84898780286312003 1.0067776180803765 1.3959274608641861 37.050341084599488 1.1242945492267669 1.4322353005409243 0.42181338649242839 9.0422421703115088 0.96742671169340877 4.806689643301076 1.2790758637711404 0.92997344210743904 0.54739322513341893 14.477542427368464 2.7329597799107423 1.8839167002588508 3.9239510977640748 9.7407147288322449 6.2654363643378002 3.4466919135302305 0.43735048361122619
leaf_count=13 6 31 72 12 14 37 33 27 22 7 7 10 1015 13 16 22 701 17 332 77 40 20 620 171 89 280 785 306 181 17
internal_value=-0.00568036 0.0262917 0.001571 0.0122915 0.0247834 -0.00128637 -0.0273032 0.0354609 0.0145758 0.037893 0.0388486 0.0421306 0.0385011 0.038719 0.0397629 -0.0381019 -0.038087 -0.0381241 -0.038236 -0.0385371 -0.0389168 -0.0379977 -0.0381904 -0.0382459 -0.0380479 -0.0380734 -0.037892 -0.0381598 -0.0379935 -0.0381175
internal_weight=123.548 62.205 16.83 14.048 10.6789 4.26676 3.36914 45.375 4.733 40.642 39.793 6.41215 38.7862 38.1746 5.01622 61.3427 60.9032 51.8609 27.5149 3.61383 1.8974 24.346 23.9011 17.2105 6.69061 14.1835 10.1625 6.81283 7.37064 1.71643
internal_count=4993 1329 225 194 149 51 45 1104 49 1055 1048 98 1041 1028 88 3664 3658 2957 1363 151 57 1594 1212 791 421 787 807 326 461 94
is_linear=0
shrinkage=0.05


Tree=193
num_leaves=31
num_cat=0
split_feature=24 37 38 42 39 39 39 25 24 31 34 34 31 16 0 0 40 40 25 29 25 42 37 25 1 14 47 19 14 25
split_gain=26.7393 7.42928 5.99932 5.33061 4.33589 3.94125 3.7448 2.7402 2.10428 2.03188 2.09115 2.03533 1.96524 1.55299 1.40335 1.36143 1.32038 2.50707 1.38454 0.966934 0.95053 1.49465 0.873699 0.518492 0.110796 0.0188328 0.0184448 0.0124126 0.00227512 0.00177951
threshold=0.58936442678402667 -0.011592364651285254 -1.2194896795209071 0.75244568302758685 0.59561912912395865 0.13432753749975621 -1.2992111867926484 -0.88223281310727197 -0.081993979328351743 -0.43499760522483305 0.40736748531781425 -0.80672397118002359 1.6591780047105471 -0.34402015999494234 3.8467859583836073 -1.2326425409844657 -0.29170987102996793 -0.64928814656299882 -0.058598772150616957 -0.48350971785607827 -0.18621566815575122 -0.40100371896544101 -0.66011843958885252 -0.92605781402715348 0.39261458200416638 0.17129391845379885 1.1139730736182705 1.5921464846049276 -0.11551957758883492 0.51500634504727472
decision_type=2 2 2 2 2 2 2 2 2 2 2 2 2 2 2 2 2 2 2 2 2 2 2 2 2 2 2 2 2 2
left_child=1 2 20 9 5 6 15 -8 13 23 11 -11 -12 -7 28 -4 17 -13 -18 -5 21 -1 -6 -2 -22 -21 29 -25 -3 -24
right_child=3 14 4 19 22 8 7 -9 -10 10 12 16 -14 -15 -16 -17 18 -19 -20 25 24 -23 26 27 -26 -27 -28 -29 -30 -31
leaf_value=-0.03811289620578192 0.011770147629064219 -0.038070669220549719 0.0060055939754252372 0.00158604070912903 0.014067015466652092 0.015882062423622938 0.052405701246345138 -0.022798868694834985 -0.011392586956192371 -0.040222238433836675 0.018738372857117776 0.044353966791136179 -0.032118934195270954 0.055466594201611555 0.041505898119610654 0.052468760702568375 0.001816786396338076 -0.015860440898359338 0.042046922678722481 0.044337502365087579 -0.037922582627884144 0.08587003432974627 -0.038444833593578864 -0.038417828735536293 -0.054645059330486037 0.038801069023625123 -0.048168357259913502 -0.047448833398788581 -0.039371638641035323 -0.041342425029556047
leaf_weight=0.61502724420279264 0.59899713005870614 28.358311886899173 3.1442856872454286 1.8135156985372294 0.8629750683903693 3.9081957070156923 1.3241721354424942 14.203778837807478 2.3380575738847247 1.279108533635738 3.4430607315152875 2.832176661118865 4.237248370423913 6.769609620794653 0.56152591109275718 3.1621038392186156 2.6687755696475568 4.4364815391600194 10.766734777018419 1.613353244960307 11.557984257116912 0.4019493693485845 5.0699203973636022 1.9519355604425066 1.0833668261766423 32.041074801236391 0.57207467779517163 0.47259997203946102 3.8123236456885925 0.59170720726251591
leaf_count=31 10 1774 42 20 14 62 7 404 30 36 39 31 27 36 5 16 40 73 94 12 929 15 225 92 4 797 5 5 112 6
internal_value=0.000196176 -0.0179579 -0.00683292 0.0237261 0.00253865 0.00979277 -0.00318951 -0.0163857 0.0315708 0.00916019 0.0131401 0.0209869 -0.00931975 0.0409782 -0.036857 0.0293028 0.0247685 0.00760164 0.0340558 0.0371501 -0.0356145 0.0108901 -0.0330847 -0.0298866 -0.0393557 0.0390665 -0.0396122 -0.0401782 -0.0382248 -0.0387477
internal_weight=156.492 88.3374 55.6052 68.1551 41.9469 34.8502 21.8343 15.528 13.0159 32.6871 29.6636 21.9833 7.68031 10.6778 32.7322 6.30639 20.7042 7.26866 13.4355 35.4679 13.6583 1.01698 7.09668 3.02353 12.6414 33.6544 6.2337 2.42454 32.1706 5.66163
internal_count=4993 3717 1826 1276 847 597 469 411 128 447 340 274 66 98 1891 58 238 104 134 829 979 46 250 107 933 809 236 97 1886 231
is_linear=0
shrinkage=0.05


Tree=194
num_leaves=31
num_cat=0
split_feature=18 42 19 37 38 38 39 39 12 38 29 16 42 40 20 38 22 14 24 17 19 21 8 36 42 36 28 21 24 24
split_gain=25.1886 9.01788 4.71892 4.4717 5.6972 4.79373 3.71913 5.86815 3.27599 5.06959 3.2425 2.88283 2.58114 2.46019 2.37521 6.70316 2.1515 2.05516 2.0546 1.95146 1.87466 1.36959 0.846603 0.796058 0.74149 0.41554 0.29377 0.236809 0.0961114 0.0776645
threshold=-0.69943144103524924 0.98310154587754295 -0.2964363649534279 0.83282756355708043 0.4682511420821408 -0.13482929747288996 0.79342536954376908 1.2689839915512382 0.57798937626764835 0.72889658798430712 2.4692061264507887 -0.36445728518806092 -0.62350363053807334 1.3173923688686717 0.24561558677309941 0.095731318274349719 -0.59795550539100784 -0.66480636385717484 2.1727112530284889 -0.56708368750401583 0.75978267946123579 0.9698257425393968 -0.80935344723523173 -2.2084653222824904 -0.21105366130938819 3.0159944716925842 1.5722075105193853 -0.68838053371746266 -0.61388222658978486 -0.55276360408083314
decision_type=2 2 2 2 2 2 2 2 2 2 2 2 2 2 2 2 2 2 2 2 2 2 2 2 2 2 2 2 2 2
left_child=23 2 8 4 5 20 -5 12 9 14 18 -9 -8 22 15 -2 -15 -16 -6 -7 -4 25 -10 -1 -18 28 -24 -25 -3 -30
right_child=1 21 3 6 10 19 7 11 13 -11 -12 -13 -14 16 17 -17 24 -19 -20 -21 -22 -23 26 27 -26 -27 -28 -29 29 -31
leaf_value=0.016868250188159815 0.029332401808794175 -0.019203371859051178 0.033722670538286641 0.040333371137563787 0.042494537044326181 -0.026532446885442332 0.019826564090160318 -0.010326078054692173 0.0096511902136991231 -0.044553793627243266 -0.012020975679772946 0.023026861627205991 -0.043918517384740008 -0.020237098392733903 -0.016973217347222392 -0.039530750246147252 0.035440466561411033 0.037079234915693537 -0.012370335077403075 -0.000758432602846572 0.0026252176506962226 0.0075786854552086259 0.038979347737574263 -0.038415713399865839 -0.0012337421007644488 -0.0055116767170742369 0.0056396943565250541 -0.01076679504931197 -0.061659779328841993 -0.039072784853821763
leaf_weight=0.67687013931572337 8.5386523269116896 0.59279988706111808 11.596927788108589 3.6488978303968898 20.102284394204624 11.963837865740063 1.7918135635554779 18.479905908927321 2.8476683944463685 4.0614984333515158 3.8294295631349078 9.976232051849367 13.963039029389618 4.1292681246995926 2.04842185974121 6.0290104411542407 5.0190278142690659 12.427002612501381 1.8646738901734341 19.018718458712101 8.325537193566559 2.0655442252755156 28.595258995890624 37.069451921619475 1.8999722674489001 1.0145215913653363 0.67635993659496207 0.79095402546226878 0.39416798204183301 11.039881866425276
leaf_count=7 151 10 141 82 314 106 18 187 36 30 24 70 93 27 18 41 89 244 16 196 79 33 834 1642 19 10 16 18 3 439
internal_value=0.000359651 0.00700504 0.00980741 0.00380999 0.0112934 0.0015928 -0.00818309 -0.0121873 0.0196019 0.00776896 0.0304359 0.00136689 -0.0366687 0.0286764 0.015086 0.00083252 0.00832422 0.0294303 0.0378373 -0.010711 0.0207271 -0.03025 0.0356771 -0.0368772 0.0253697 -0.0362415 0.038209 -0.0378381 -0.0388337 -0.0398514
internal_weight=254.478 215.94 200.833 124.561 76.7014 50.905 47.8599 44.211 76.2721 33.1046 25.7964 28.4561 15.7549 43.1676 29.0431 14.5677 11.0483 14.4754 21.967 30.9826 19.9225 15.1069 32.1193 38.5373 6.919 13.0414 29.2716 37.8604 12.0268 11.434
internal_count=4993 3326 2831 1326 876 522 450 368 1505 484 354 257 111 1021 454 192 135 262 330 302 220 495 886 1667 108 462 850 1660 452 442
is_linear=0
shrinkage=0.05


Tree=195
num_leaves=31
num_cat=0
split_feature=39 38 34 37 0 28 37 39 40 0 24 42 38 36 30 13 21 3 16 23 13 1 0 47 19 4 9 18 15 21
split_gain=19.472 2.89558 2.48975 2.98707 3.50274 3.03799 4.88348 5.98499 2.43701 2.34394 2.04776 1.38388 1.31961 1.21141 0.747473 0.84638 0.663424 0.480483 0.310833 0.266072 0.000657763 0.000218393 0.000149656 2.36408e-05 1.79843e-05 1.22069e-05 1.42202e-05 2.63398e-05 6.86328e-06 1.79585e-06
threshold=0.7085912603143959 1.1983508906244627 -1.3575069246156248 0.3353144012075881 -1.0623375362952963 0.60342616354663225 1.9614217879311473 1.2530825343543899 2.0580902253299502 0.047765766521541013 -0.027142528738623658 -0.011793369840887481 0.92235310963637007 0.89845670060854232 0.62715108822085619 0.64413947718918785 0.58035803139564479 1.0086958080759885 0.057344132197664967 -0.02956881633246965 1.1323243187132663 -1.8110373209987143 1.1275529952052283 -1.5205355366654123 4.0772924754326292 -1.2565290392760424 1.2589373296550754 0.65878007514042369 2.2252649059197638 1.3031887300503981
decision_type=2 2 2 2 2 2 2 2 2 2 2 2 2 2 2 2 2 2 2 2 2 2 2 2 2 2 2 2 2 2
left_child=21 2 10 4 -4 8 7 -7 11 -10 14 -5 -8 18 16 -16 19 -17 -6 -2 -3 -1 -22 -23 25 -25 27 -27 29 -24
right_child=1 20 3 5 13 6 12 -9 9 -11 -12 -13 -14 -15 15 17 -18 -19 -20 -21 22 23 28 24 -26 26 -28 -29 -30 -31
leaf_value=-0.039569451292969626 0.056313057839953599 -0.040165232178850957 0.042602886514984173 0.033281475803488385 -0.042050002362017593 0.010676073241877039 0.009321833767224872 -0.043322428752675488 0.039335834254316908 -0.042984610862511922 -0.0078175659925607786 -0.0082344744201465481 0.043312298574760703 0.010602833958348615 0.0030038438722846568 0.027539249194077787 0.077914760869109603 0.053213493972213692 -0.01327701025297638 0.033449320275912936 -0.038792374564116959 -0.038292760385430009 -0.037952376633233219 -0.037653492708108069 -0.038156277259839708 -0.037821148957511042 -0.037653891941051447 -0.037670947332406758 -0.038137218245885056 -0.037797397061690691
leaf_weight=0.16219115164131181 1.9583415277302298 0.58223109412938301 2.214803095906972 28.164241935126483 5.6936920187436026 13.695696023292841 4.6694777137599868 8.2060727924108487 1.3707843050360673 2.3422228507697582 2.9491314915940157 2.1613287320360568 7.3500478053465486 1.6360780508257446 2.4591628871858111 5.1967783835716528 1.6062769442796705 2.8064123392105103 1.1239209091290829 3.6331776510924128 0.77588402666151512 0.18373649381101387 0.25608210824429967 5.4166093161329725 0.23714743368327518 7.8923574858345074 3.687709091231226 4.6317312745377421 0.24272944591939449 0.6921325852163136
leaf_count=7 18 10 19 272 231 233 42 72 24 32 36 30 106 36 15 40 6 15 57 60 23 9 17 1021 15 922 684 857 13 71
internal_value=0.00467403 0.0139298 0.0152813 0.0112267 -0.01337 0.015088 0.0044982 -0.00955588 0.0256412 -0.0125932 0.0307505 0.0303226 0.0301073 -0.0280345 0.0371912 0.0286591 0.049593 0.0365422 -0.0373066 0.041457 -0.038689 -0.0377414 -0.038252 -0.037728 -0.0377232 -0.0377185 -0.0377402 -0.0377656 -0.0379 -0.0378393
internal_weight=123.998 101.787 99.2376 78.6284 10.6685 67.9599 33.9213 21.9018 34.0386 3.71301 20.6093 30.3256 12.0195 8.45369 17.6601 10.4624 7.1978 8.00319 6.81761 5.59152 2.54906 22.2115 1.96683 22.0493 21.8656 21.6284 16.2118 12.5241 1.19094 0.948215
internal_count=4993 1478 1344 1154 343 811 453 305 358 56 190 302 148 324 154 70 84 55 288 78 134 3515 124 3508 3499 3484 2463 1779 101 88
is_linear=0
shrinkage=0.05


Tree=196
num_leaves=31
num_cat=0
split_feature=38 0 39 39 34 13 21 34 29 31 8 1 22 0 21 0 9 19 19 40 38 22 0 25 37 40 27 2 34 13
split_gain=47.4941 5.36222 3.52211 2.59048 1.88725 1.732 1.20386 0.963928 1.96697 0.690937 0.0615581 0.0593512 0.0474824 0.00405752 0.00362491 0.000597385 0.000172081 0.000261849 0.000125439 6.61111e-05 5.15283e-05 5.7118e-05 3.38823e-05 2.35879e-05 2.18868e-05 1.75982e-05 1.21001e-05 7.65175e-06 9.3607e-07 4.10593e-07
threshold=-1.0165832222750328 -1.2326425409844657 -1.3396555949263298 -0.13569891178321034 0.31853152508626609 -1.2277804872671068 -1.0840821030426315 0.31260912773749516 -0.37867864243373156 0.2211396058406975 0.12780438720271461 -0.18999562943995482 -0.56856164938500842 -1.2382896528327978 -1.1072364334307507 -1.2026236832643853 1.2589373296550754 -0.27854517878572921 4.0772924754326292 0.52561190161696003 1.0401681091538613 -1.0254126465723494 0.6680564205988474 -1.3376848582170384 -0.30595301610519138 1.1641445364973724 1.3496274167197364 0.58942783635933338 0.67979776336123188 0.73535843418729607
decision_type=2 2 2 2 2 2 2 2 2 2 2 2 2 2 2 2 2 2 2 2 2 2 2 2 2 2 2 2 2 2
left_child=1 7 -3 4 11 -6 -5 9 -9 10 12 14 -1 -14 -4 -2 17 19 20 23 21 -19 24 -17 -21 -24 -22 -25 -18 -30
right_child=15 2 3 6 5 -7 -8 8 -10 -11 -12 -13 13 -15 -16 16 28 18 -20 22 26 -23 25 27 -26 -27 -28 -29 29 -31
leaf_value=0.024238291289950954 -0.039970377372605295 -0.051122040749129877 0.041017061023762486 0.0024448399108496582 0.035430643790667044 -0.029159436219738474 -0.058383034622738507 0.047365559882956529 -0.017879333746473557 -0.006940498273656278 0.05115625051792462 0.051458464817580298 0.038543919958047797 0.04166816690756369 0.038204530410058453 -0.038156037302657111 -0.037923959312146927 -0.037913729963734093 -0.038961118537934894 -0.038433446569173635 -0.037962163172783621 -0.038231544873664078 -0.037887875008235428 -0.03790523540892908 -0.03809533008398916 -0.038047916041392876 -0.038304223751103886 -0.037809346420182396 -0.037837551858915762 -0.037884357835189182
leaf_weight=0.58184754848480125 0.41083339601755042 2.6740958401933339 1.9130486473441117 1.6687949858605864 1.810402527451515 2.4323883121833205 1.586904232390222 2.2288176454603672 2.3980322405695906 0.84665290266275306 0.97214197739958663 1.280019551515579 34.511549655348055 1.0714904591441214 2.8558437637984757 0.65847835317253789 0.35159705672412922 1.5150227099657119 0.53006655164062877 0.52089881431311358 2.8304808540269728 21.143450901843615 3.6525506563484669 3.3576114801689982 5.8968196259811503 3.2426027311012149 0.28452659584581841 5.4696263186633587 7.297518840059638 0.50068974494934071
leaf_count=13 6 31 23 25 14 37 20 27 22 7 7 10 1015 13 65 39 25 110 14 20 195 1049 280 255 306 181 12 513 621 38
internal_value=-0.00582309 0.0257835 0.00131829 0.0116694 0.0239667 -0.00159879 -0.0272041 0.0350972 0.01355 0.0377219 0.0387401 0.0418987 0.0384063 0.038638 0.0393328 -0.0380706 -0.0380569 -0.0380922 -0.0381997 -0.0379682 -0.0381841 -0.0382103 -0.0380401 -0.0378674 -0.0381228 -0.0379631 -0.0379934 -0.0378458 -0.0378442 -0.0378406
internal_weight=116.495 58.832 16.2215 13.5474 10.2917 4.24279 3.2557 42.6105 4.62685 37.9837 37.137 6.04891 36.1649 35.583 4.76889 57.6628 57.2519 49.1021 26.3035 22.7986 25.7735 22.6585 13.3129 9.48572 6.41772 6.89515 3.11501 8.82724 8.14981 7.79821
internal_count=4993 1329 225 194 149 51 45 1104 49 1055 1048 98 1041 1028 88 3664 3658 2974 1380 1594 1366 1159 787 807 326 461 207 768 684 659
is_linear=0
shrinkage=0.05


Tree=197
num_leaves=31
num_cat=0
split_feature=24 37 38 1 4 23 1 40 25 38 38 12 38 15 6 11 31 0 6 25 22 27 9 3 24 1 1 9 9 22
split_gain=24.5102 7.20666 5.58514 4.65811 2.66421 2.88939 2.75773 2.92714 2.84125 1.90521 3.52991 3.78258 3.33514 1.85881 1.81773 1.65143 1.98558 1.32814 1.18283 0.955233 1.55791 0.789553 0.674797 0.496125 0.489829 0.281548 0.0907624 0.00712685 0.00413271 0.00257982
threshold=0.58936442678402667 -0.011592364651285254 -1.2194896795209071 1.0673779686070748 0.81900650637083905 -0.94269403659270934 0.060272238765407618 -1.2111968652577618 -0.17529061491686107 0.4682511420821408 0.73702949670526363 0.72296197661678108 1.7972724376054492 -0.76758661890240931 -0.22427914678175279 3.1433851857158506 -0.41013144227825138 3.8467859583836073 1.7206612951894573 -0.18621566815575122 -0.46087324757259401 -0.42795256702666074 -0.45397600551594125 0.64506901048432297 1.5856694555627566 0.39261458200416638 0.39261458200416638 -0.026685959765875362 -0.31469969627336486 -0.13202778765164053
decision_type=2 2 2 2 2 2 2 2 2 2 2 2 2 2 2 2 2 2 2 2 2 2 2 2 2 2 2 2 2 2
left_child=1 2 19 9 5 13 7 -7 -8 15 23 -12 18 14 -4 16 -2 29 -13 20 -1 -18 -5 25 -23 27 -21 -11 -24 -3
right_child=3 17 4 22 -6 6 8 -9 -10 10 11 12 -14 -15 -16 -17 21 -19 -20 26 -22 24 28 -25 -26 -27 -28 -29 -30 -31
leaf_value=-0.03809414872183009 -0.0289930427618251 -0.038079973980578607 -0.038678424815116172 -0.0015711173915478726 0.060108977436474954 0.022898423559865617 -0.033543026387242318 -0.023701733948014204 0.027332311792625935 -0.038953509233056322 0.058383291067356985 -0.040159328081555139 0.042327536487159138 0.089652826935968155 0.042486403924388044 -0.021539515514989869 0.0030298862912434381 0.041291225020081639 0.018648292615796775 -0.037893586326382706 0.089805958073831071 0.029825751486292986 0.042045585097867669 -0.012952822166611578 0.050780419730725924 -0.073394348087696376 -0.0532878237805713 -0.044925660687257188 0.038701749396369674 -0.040132407519046003
leaf_weight=0.61306625045835972 1.4853260591626227 28.682791754603389 0.99459221679717291 1.0719581414014125 1.9170781411230553 4.11160975228995 2.4216614719480267 18.678906353190545 9.1932294936850649 1.4775697523728015 3.2041446221992356 4.2562054675072432 2.4314450323581696 1.2366623058915127 2.251131691038609 2.0227346681058398 2.1044741803780243 0.53488252311944862 1.0700256824493406 10.750028898008166 0.38926487788557895 9.5238689407706172 0.95473309792578831 1.1975075919181106 3.9436360970139512 0.95653677731752385 1.051098272204398 0.75470060482621137 28.731374252587553 1.6173929693177367
leaf_count=32 33 1857 52 12 26 47 33 590 74 54 21 152 20 8 17 13 22 5 7 929 14 111 9 11 28 5 4 6 772 29
internal_value=0.000228743 -0.0175512 -0.0064732 0.0232612 0.00256701 -0.000269679 -0.00518903 -0.0152947 0.01464 0.0106278 -0.00248656 0.0126816 -0.00619453 0.0374897 0.0176149 0.0211771 0.0262426 -0.0368108 -0.028345 -0.0352845 0.0115771 0.0315112 0.037402 -0.0403932 0.0359618 -0.0506981 -0.0392647 -0.0409726 0.0388093 -0.0381895
internal_weight=149.63 84.4434 53.6083 65.1862 40.8049 38.8878 34.4054 22.7905 11.6149 34.4282 15.3481 10.9618 7.75768 4.48239 3.24572 19.08 17.0573 30.8351 5.32623 12.8035 1.00233 15.572 30.7581 4.38631 13.4675 3.18881 11.8011 2.23227 29.6861 30.3002
internal_count=4993 3717 1826 1276 847 821 744 637 107 483 276 200 179 77 69 207 194 1891 159 979 46 161 793 76 139 65 933 60 781 1886
is_linear=0
shrinkage=0.05


Tree=198
num_leaves=31
num_cat=0
split_feature=4 42 19 37 39 39 37 12 21 17 40 37 40 23 0 20 11 17 39 37 40 21 26 8 31 36 18 26 0 36
split_gain=23.4231 7.58401 4.64989 3.96894 3.38027 5.64344 2.54471 2.48522 2.97869 2.38 2.37487 4.26478 2.3639 2.35927 2.8613 2.32998 2.02687 1.98739 1.69266 1.92227 1.66818 1.29184 1.22494 0.859358 0.853186 0.410349 0.287501 0.163359 0.127359 0.0651882
threshold=-0.31256744944232712 0.98310154587754295 -0.2964363649534279 0.83282756355708043 0.79342536954376908 1.2689839915512382 1.9614217879311473 0.57798937626764835 0.71661236021803976 -0.5310775836375593 0.44898798543131052 -0.25442319194386703 1.3173923688686717 -0.92589669570155164 0.35181815709225711 -0.181956928265503 1.240926422262425 -0.62259071825244405 0.44161026945671367 -0.011592364651285254 0.65331842859304257 0.9698257425393968 -0.55507306471332429 -0.80935344723523173 -0.36078705703437891 3.0159944716925842 1.5814382743780502 0.54290188300699893 -0.33742670481731341 -2.7220614995347394
decision_type=2 2 2 2 2 2 2 2 2 2 2 2 2 2 2 2 2 2 2 2 2 2 2 2 2 2 2 2 2 2
left_child=18 2 7 13 -5 9 -7 8 10 -6 27 -12 23 -4 15 -15 -16 -14 -1 20 22 25 -20 -9 -19 29 -25 -2 -21 -3
right_child=1 21 3 4 5 6 -8 12 -10 -11 11 -13 17 14 16 -17 -18 24 19 28 -22 -23 -24 26 -26 -27 -28 -29 -30 -31
leaf_value=-0.038097083229877232 0.038679773621256339 -0.050046447458281511 -0.02950347969618667 0.040296518125669825 -0.045507088792350991 0.016495602979208757 -0.0142686825186117 0.0089964909683324396 -0.049597141981958227 0.0030635228830698351 -0.048136063966777561 0.014503076370452323 -0.024093735388057556 0.029553229752385293 0.026245081538520017 -0.00572111533148883 -0.010389032015409631 0.040453338501948544 -0.04368919051225352 -0.037411991948630735 0.039626924229170413 0.0077510133448174673 0.017715209326000902 0.038897861538172041 0.0064184780549462715 -0.004989487070751651 0.0052711818868419053 0.013377181793391452 -0.060238703874189982 -0.037262724879385319
leaf_weight=34.204176863655448 7.3267760090529972 1.1202127821743459 3.3554454054683438 3.4320553112775078 12.208094885572789 14.717269241809847 12.372736940160392 2.794775888323783 2.0032300166785708 3.1788942404091349 3.2496706545352998 16.58851774409413 3.3155552074313164 5.8841365203261402 34.787144586443901 22.90260467492044 4.2353595457971087 3.4909195750951767 1.8822831418365242 2.7056943140923981 2.1180677749216557 2.0212004370987406 1.4286265596747396 26.788740651682026 3.8967695608735067 0.99254158884286958 0.65108892694115539 0.6987365037202834 0.78932204842567255 9.0832787528634054
leaf_count=1668 205 9 28 82 76 132 94 36 15 35 14 211 28 66 433 255 31 57 33 84 35 33 15 834 50 10 16 15 4 389
internal_value=0.000398826 0.00756978 0.0101452 0.00402798 -0.00743402 -0.0112906 0.00244472 0.0202599 0.00929285 -0.0354726 0.0135267 0.00424223 0.028261 0.0114222 0.0134474 0.00148912 0.0222689 0.00806733 -0.0330375 -0.013645 0.00497433 -0.0290391 -0.0171938 0.0354098 0.022501 -0.0356807 0.0381 0.0364768 -0.0425672 -0.0386662
internal_weight=244.224 201.096 187.879 117.074 45.9091 42.477 27.09 70.8048 29.8669 15.387 27.8637 19.8382 40.9378 71.1647 67.8092 28.7867 39.0225 10.7032 43.1282 8.92399 5.42898 13.2172 3.31091 30.2346 7.38769 11.196 27.4398 8.02551 3.49502 10.2035
internal_count=4993 3154 2713 1232 419 337 226 1481 460 111 445 225 1021 813 785 321 464 135 1839 171 83 441 48 886 107 408 850 220 88 398
is_linear=0
shrinkage=0.05


Tree=199
num_leaves=31
num_cat=0
split_feature=39 20 34 37 0 28 37 39 40 0 24 42 15 24 15 29 31 11 47 11 0 1 47 19 25 0 9 18 22 42
split_gain=17.9958 2.90067 2.42704 2.7246 3.22322 2.84621 5.26695 5.34035 2.25802 2.20585 1.84683 1.32397 1.16282 0.909908 0.888699 0.703172 1.11902 0.83406 0.48161 0.398781 0.00198165 0.000209981 1.89094e-05 1.64047e-05 1.32934e-05 1.09163e-05 1.29288e-05 2.40225e-05 2.90483e-06 1.59242e-06
threshold=0.7085912603143959 1.1502077784534082 -1.3575069246156248 0.3353144012075881 -1.0623375362952963 0.60342616354663225 1.9614217879311473 1.2940275314616416 2.0580902253299502 -1.0000000180025095e-35 -0.027142528738623658 -0.011793369840887481 0.78886814989163667 -0.5017509403660213 1.00420387805357 -1.0029402089032573 -0.66368144602179047 0.07729656452787724 -1.6641136386167223 0.283066945752799 1.1183392864000548 -1.8110373209987143 -1.5205355366654123 4.0772924754326292 -1.3315527694120151 -1.2472061452249008 1.2589373296550754 0.65878007514042369 -0.57318151105159421 0.07518100018382555
decision_type=2 2 2 2 2 2 2 2 2 2 2 2 2 2 2 2 2 2 2 2 2 2 2 2 2 2 2 2 2 2
left_child=21 2 10 4 -4 8 7 -7 11 -10 15 -5 18 -8 -14 16 -2 -17 -6 -19 -3 -1 -23 25 -22 29 27 -27 -26 -24
right_child=1 20 3 5 12 6 13 -9 9 -11 -12 -13 14 -15 -16 17 -18 19 -20 -21 24 22 23 -25 28 26 -28 -29 -30 -31
leaf_value=-0.03954953251847592 0.039717486248682231 -0.0409909126574583 0.041951527701388464 0.032422585229363456 0.023915519286519971 0.0077375131142971097 0.041005197531148868 -0.044161691905009612 0.03922312055746266 -0.042725209869526479 -0.0070047249569332648 -0.0084229678704855013 0.040705031260249845 0.010160276102098388 -0.026356891622719536 0.021244074923550311 -0.019126608949316892 0.064686753527923385 -0.041593927758618567 0.04273653898437247 -0.038146016253972681 -0.038239307157011772 -0.037640012541129225 -0.038133209919915027 -0.037931474230232499 -0.037808716406654411 -0.037642961750447304 -0.037659908929802775 -0.037777423509530395 -0.037828617760257956
leaf_weight=0.15732164122164505 2.0186551436781888 0.71069532167166416 2.0969813652336589 27.306233523413539 0.29481190443038841 14.421332766301932 7.9928543288260698 7.5524548655375829 1.293574705719948 2.2486356589943162 2.8263960210606447 2.1393774142488864 0.94569256808608759 3.4114285651594383 1.0343496738933025 3.6567142792046079 1.3470653817057652 2.9227686151862127 5.8042200007475904 7.0850191283971071 0.40455519407987606 0.1711198515258755 5.0687857707962491 0.22805111948400636 0.43273401353508245 7.3067631344310886 3.4264444713480762 4.3130233259871602 1.0449393247254186 0.11444245791062702
leaf_count=7 36 9 19 272 3 262 48 65 24 32 32 30 14 36 38 35 10 14 269 54 25 9 1034 15 35 898 684 857 116 11
internal_value=0.00456455 0.0134454 0.0148491 0.0108082 -0.0132827 0.0145022 0.00420832 -0.0101004 0.0249178 -0.0127986 0.0304256 0.0294549 -0.0276192 0.0317784 0.00567271 0.0366377 0.0161663 0.04168 -0.0384274 0.0491471 -0.0387414 -0.0377298 -0.0377159 -0.0377115 -0.0378921 -0.0377068 -0.0377283 -0.0377535 -0.0378225 -0.0376442
internal_weight=119.777 98.9915 96.3986 76.5419 10.1761 66.3659 33.3781 21.9738 32.9878 3.54221 19.8566 29.4456 8.07907 11.4043 1.98004 17.0302 3.36572 13.6645 6.09903 10.0078 2.59292 20.786 20.6286 20.4575 1.88223 20.2295 15.0462 11.6198 1.47767 5.18323
internal_count=4993 1478 1293 1112 343 769 411 327 358 56 181 302 324 84 52 149 46 103 272 68 185 3515 3508 3499 176 3484 2439 1755 151 1045
is_linear=0
shrinkage=0.05


Tree=200
num_leaves=31
num_cat=0
split_feature=20 20 39 39 36 14 26 29 31 28 16 25 19 1 4 17 0 14 1 19 37 1 20 40 40 0 14 25 13 13
split_gain=45.4474 4.01879 2.92616 3.3949 2.50691 2.43331 2.00299 1.84724 0.998423 0.82923 0.0482173 0.0247451 0.019238 0.00611862 0.00284821 0.00111399 0.000289573 0.000184954 0.000158421 0.000242056 0.000123402 0.000138347 7.90859e-05 7.03365e-05 6.47786e-05 3.84553e-05 2.08265e-05 1.90471e-05 1.27845e-06 1.28799e-06
threshold=-1.2369266643505443 -1.0929481643885659 0.10475758796878369 -1.3396555949263298 0.40476214080878464 -0.18122372569770409 -1.302548595312897 -0.32295781930162076 0.2211396058406975 -1.2545106662641263 1.0000000180025095e-35 0.18348295400743889 -0.7452761559171569 -0.33661810827913691 -1.2441395434094749 -0.012089281622742594 -1.1717131763050943 -0.26843177704621773 1.0673779686070748 -0.27854517878572921 -0.65107736522906023 0.060272238765407618 -1.2718305431292058 0.44898798543131052 0.50007059622174355 0.6680564205988474 0.2803056153583115 -1.3376848582170384 -1.2075756368571022 0.74308381816759206
decision_type=2 2 2 2 2 2 2 2 2 2 2 2 2 2 2 2 2 2 2 2 2 2 2 2 2 2 2 2 2 2
left_child=4 2 3 -2 8 12 11 -8 10 -7 14 -6 -5 -14 17 -16 -3 22 19 24 21 -21 -1 -22 27 -26 -20 -18 -28 -30
right_child=1 16 -4 5 6 9 7 -9 -10 -11 -12 -13 13 -15 15 -17 18 -19 26 20 23 -23 -24 -25 25 -27 28 -29 29 -31
leaf_value=0.038409188508371987 -0.060184820910413363 -0.039480314386880669 -0.070430181120768903 0.034789196940650226 0.03544899897619621 0.015076188682930165 -0.034598823308628374 0.029248586593965616 -0.02294294300532855 -0.049482001607093984 0.048232650268172139 0.044896568296165368 0.039739412639097735 0.043867582906476965 0.039286628712528554 0.041236189658558443 -0.038111338898834314 0.039081919287835214 -0.038214855791911355 -0.038734892204441346 -0.037992543697707611 -0.038051822994468583 0.038748035273292174 -0.038192967379729326 -0.038104013635646285 -0.037933075460801206 -0.037913603146431267 -0.037820298231422592 -0.037812781938084017 -0.037893860906541017
leaf_weight=29.284980045631524 1.5584382778033603 0.3505393248051395 1.4254883546382178 1.5040763672441229 1.2809595465660097 0.81441368162632022 3.2487083878368139 1.7394111081957806 0.66348819062113662 1.2778771528974173 1.346062771975993 1.5102272760123012 2.0997181907296167 1.5677952356636544 1.8927083462476733 1.1955977752804816 0.60664566885679949 1.1242163926362945 0.35333336237817903 1.9357410678640037 6.0262562436983087 1.2013104269281027 1.8295781649649168 15.999414945952593 6.7085088286548835 6.4569530747830868 0.36887206044047971 7.6664807051420159 7.1760330609977236 0.52570210862904776
leaf_count=956 25 9 13 34 31 10 37 26 7 34 10 23 37 11 39 15 39 24 17 64 421 71 46 804 353 462 27 721 658 40
internal_value=-0.00616618 -0.032725 -0.0039621 0.00677765 0.032465 0.0211442 0.00664411 -0.0123345 0.037845 -0.0243531 0.0389447 0.0405608 0.0395512 0.0415041 0.0385908 0.0400414 -0.0380478 0.0384519 -0.0380387 -0.0380747 -0.0381799 -0.0384733 0.0384291 -0.0381381 -0.0379513 -0.0380202 -0.0378391 -0.0378416 -0.0378227 -0.0378183
internal_weight=110.74 65.6236 10.2478 8.82232 45.1159 7.26388 7.77931 4.98812 37.3366 2.09229 36.6731 2.79119 5.17159 3.66751 35.3271 3.08831 55.3758 32.2388 55.0253 46.6013 25.1627 3.13705 31.1146 22.0257 21.4386 13.1655 8.42394 8.27313 8.07061 7.70174
internal_count=5064 3850 164 151 1214 126 117 63 1097 44 1090 54 82 48 1080 54 3686 1026 3677 2935 1360 135 1002 1225 1575 815 742 760 725 698
is_linear=0
shrinkage=0.05


Tree=201
num_leaves=31
num_cat=0
split_feature=22 1 37 16 0 16 19 16 38 24 38 39 0 31 40 12 0 16 22 25 3 9 25 23 9 1 9 19 14 19
split_gain=20.9148 7.35266 4.65415 4.57383 2.63227 3.11567 2.96562 2.93058 2.22472 4.32149 3.27184 2.63914 2.53412 2.48632 1.99465 1.95655 1.93649 1.67385 1.33455 1.22803 1.02934 0.983884 0.807126 0.788122 0.0360333 0.0131258 0.0102096 0.000859715 0.000255622 0.000152348
threshold=-0.20861791131079027 1.2641949932054872 -0.098285831242653582 -0.63940829689629586 -1.2804943834887526 -0.55029385654026686 -0.77271278407595456 -0.31717620848499078 0.26483696430407672 2.1727112530284889 0.042293998884532398 0.25830960909098244 3.8467859583836073 -0.39478468681454248 -0.64928814656299882 -0.050616514315029289 3.8467859583836073 -0.56119279247358489 2.5136389703778916 0.51500634504727472 -0.82511922830762308 -0.14036718810525298 0.17481213316711217 -0.22686841225968016 -0.42919962791537963 1.435330863711024 -0.31469969627336486 -0.47805749809753489 0.11523212543097332 -0.28474883673103352
decision_type=2 2 2 2 2 2 2 2 2 2 2 2 2 2 2 2 2 2 2 2 2 2 2 2 2 2 2 2 2 2
left_child=2 8 3 -1 -5 17 -7 -8 10 12 11 13 14 -2 -10 22 25 20 -16 -17 -6 -15 -13 -12 -3 28 -26 -28 29 -4
right_child=1 24 16 4 5 6 7 -9 9 -11 23 15 -14 21 18 19 -18 -19 -20 -21 -22 -23 -24 -25 26 -27 27 -29 -30 -31
leaf_value=-0.037903334640094898 -0.023761771858053001 0.026000098757782187 -0.037906586864124542 -0.037901541429108482 0.051290487407406042 0.083043114126593362 -0.038750198739506789 0.0079474835081009589 0.0230395167168344 0.038437547067679045 0.02503314124925983 0.028390764993533685 0.041467558529000234 -0.0077807173211096765 -0.030454232294521821 -0.041742907807161195 0.040639606898864589 0.092323919298330101 -0.093273559591321747 0.0058227717212621655 -0.0018227014929107295 0.036449085959093887 -0.0094989312980176873 0.055490613651876956 0.044507116806366161 -0.048583560934619241 0.040040462027807221 0.038549950425467515 -0.039399838545437459 -0.038140447597379258
leaf_weight=9.8118945183232409 2.5999153889715663 0.56340811401605861 15.000564921181658 3.4876275770366219 1.9419519808143375 0.97570217493922129 4.9140169182792368 10.622021055780339 1.6627631215378631 3.9267993299290529 4.1548375934362411 2.9560866169631481 1.4633817821741093 1.4483907520770998 10.121236723847687 5.1516087613999826 0.8018757551908483 1.3031780943274522 0.92250682413578111 1.8421811535954473 1.7202998194843533 9.5323011595755851 2.6795844547450542 4.3452588934451324 0.75587840750814095 0.29781285300850768 1.0077606737613738 24.179719714447849 0.33731786906719108 12.998840909451248
leaf_count=862 29 7 1210 293 25 24 213 179 18 32 35 25 13 14 260 61 9 10 5 14 52 141 15 30 6 3 15 710 7 747
internal_value=-0.00015159 0.0170223 -0.0213641 -0.00897966 0.00238819 0.00893075 -0.00151259 -0.0068229 0.0062365 -0.00797667 0.0136468 0.00490466 -0.0208391 0.020205 -0.0280148 -0.0115479 -0.0359953 0.0436584 -0.0357017 -0.029214 0.0263412 0.030615 0.0103754 0.040603 0.0385097 -0.0381414 0.0387814 0.0386096 -0.0380316 -0.0380152
internal_weight=143.527 79.3136 64.2131 34.7767 24.9648 21.4772 16.5117 15.536 52.8069 18.0967 34.7102 26.2101 14.1699 13.5806 12.7065 12.6295 29.4364 4.96543 11.0437 6.99379 3.66225 10.9807 5.63567 8.5001 26.5068 28.6345 25.9434 25.1875 28.3367 27.9994
internal_count=5064 1430 3634 1658 796 503 416 392 692 328 364 299 296 184 283 115 1976 87 265 75 77 155 40 65 738 1967 731 725 1964 1957
is_linear=0
shrinkage=0.05


Tree=202
num_leaves=31
num_cat=0
split_feature=18 1 40 13 18 39 22 14 39 20 40 19 5 15 39 5 24 9 34 16 37 19 17 1 47 18 12 39 14 39
split_gain=22.9041 6.75271 4.14256 3.6342 3.5071 3.88399 3.00549 3.10384 3.39025 2.86187 3.50237 2.32004 2.14741 2.14228 2.04313 2.05161 1.98151 2.51521 1.17555 1.17317 1.02749 0.827858 0.808181 0.250199 0.223913 0.184887 0.0922338 0.00803774 0.00698373 0.00300001
threshold=-0.72937315546853265 1.4602440306186322 0.44898798543131052 0.40078988180986952 0.64323511425470725 0.14658936592870908 -0.096030026541419969 -0.60692646509966564 1.3627882152197077 -0.181956928265503 2.0836315307251669 -0.33259172663450204 0.27127239433946787 -0.58970771869129879 0.55232073140037263 1.6368784270762842 2.0559608815736561 -0.14036718810525298 -1.7424627522856742 2.2532262791107871 -0.69454331718794104 2.7762738079660569 0.40474960295753704 -0.60652690570683954 0.51348757431148984 -0.74965815177584061 -0.51517446239737208 -0.78062719503848033 0.89771868250542719 0.49924744945373029
decision_type=2 2 2 2 2 2 2 2 2 2 2 2 2 2 2 2 2 2 2 2 2 2 2 2 2 2 2 2 2 2
left_child=21 2 4 9 5 16 7 8 -5 13 12 -9 -11 -4 -8 -16 17 -2 -7 22 -20 25 27 -12 -3 29 -15 -6 -26 -1
right_child=1 24 3 6 19 18 14 11 -10 10 23 -13 -14 26 15 -17 -18 -19 20 -21 -22 -23 -24 -25 28 -27 -28 -29 -30 -31
leaf_value=-0.038118386097965799 0.022956577980690316 -0.0018923416289701755 -0.024003556133064888 -0.0079091285653397885 0.044402935114080472 -0.030129386729985864 -0.053814263998643252 0.031773348960948106 0.021975271413570419 -0.034151226335143225 0.017412007908221987 0.010879401864864115 -0.0051985297630288262 0.026687849056227505 0.029761039990250589 -0.038609103081399053 -0.039066930145487094 -0.01484492136095702 0.011815669982325616 0.10695253657338522 0.038454399002497974 -0.0034746841477216982 -0.024741894699323499 0.045062906111026702 -0.044811755637577624 -0.0052267346444626588 0.041978741840550546 0.038374058668858596 -0.038160025553623703 -0.0399311537735237
leaf_weight=30.215944447554648 8.8053793217986858 0.44091806560754587 1.9573688097298143 28.666264558210969 0.572144526988274 0.81273851171136158 2.8961195126175872 23.589017298072573 14.187268041074274 14.809800488874322 1.4612149335443976 30.418581575155262 11.284126818180082 1.3592020925134414 2.5294405184686184 1.9378659166395662 3.137360841035842 8.7964153699576855 4.9454040247947022 0.61510517820715804 13.504849344491955 1.851879784837364 0.51936927810311218 1.858807524666189 0.4168301187455653 0.42927316017448802 3.5936490371823306 16.38675977289677 7.3994154278188944 2.4688051119446746
leaf_count=1639 161 5 31 245 6 13 18 502 94 182 30 296 120 29 22 21 25 146 42 10 259 21 5 15 3 16 43 637 378 50
internal_value=0.00142027 0.00774553 0.00958717 0.00494496 0.0208179 0.0125558 0.00969147 0.0120325 0.00198452 -0.00867413 -0.0154766 0.0200053 -0.0216308 0.0202812 -0.0211034 0.000102862 -0.00245949 0.00406545 0.0287217 0.0390844 0.0313142 -0.0360078 0.0366959 0.0328931 -0.0365592 -0.0378271 0.0377825 0.0385775 -0.0385148 -0.0382553
internal_weight=241.867 206.901 198.644 140.549 58.0955 40.0021 104.225 96.8611 42.8535 36.3242 29.4139 54.0076 26.0939 6.91022 7.36343 4.46731 20.7392 17.6018 19.263 18.0934 18.4503 34.9659 17.4783 3.32002 8.25716 33.114 4.95285 16.9589 7.81625 32.6847
internal_count=5064 3338 2952 1648 1304 646 1198 1137 339 450 347 798 302 103 61 43 332 307 314 658 301 1726 648 45 386 1705 72 643 381 1689
is_linear=0
shrinkage=0.05


Tree=203
num_leaves=31
num_cat=0
split_feature=39 19 0 38 38 25 37 20 37 18 38 16 38 4 25 40 37 0 25 22 0 8 13 36 0 25 40 18 4 18
split_gain=15.1374 2.75113 2.05098 2.31821 4.73442 4.14011 3.4648 3.8025 6.55687 3.17534 4.27206 2.58747 1.82528 1.49154 1.34452 1.25249 0.0783225 0.0252945 0.00862423 0.00676348 0.000751364 0.000606277 0.000188805 1.54244e-05 1.01702e-05 1.06479e-05 9.91324e-06 6.44893e-06 5.36482e-06 6.95202e-06
threshold=0.6954590335867854 0.34385128038555252 1.1183392864000548 0.65330867640023682 0.4682511420821408 -1.4963929276914476 0.79451342137174297 0.82647430278132339 1.9614217879311473 0.67152812071526302 0.18310683194691427 -0.1499069254585769 0.6158163038929606 0.69865140366704048 -0.56095716466654488 1.7005119497969188 0.029035792242654176 0.099481422395739025 -1.5783044421606205 -0.77521794542066724 0.19459067457817222 -0.74401880965811962 0.6064039477469737 -3.447754560400575 1.1453859799894344 -1.3315527694120151 0.65331842859304257 0.23523877343224867 -1.2565290392760424 0.65878007514042369
decision_type=2 2 2 2 2 2 2 2 2 2 2 2 2 2 2 2 2 2 2 2 2 2 2 2 2 2 2 2 2 2
left_child=23 2 3 4 9 -6 18 11 -9 10 -2 -8 -7 -11 16 17 -3 -16 -5 20 27 -20 -22 -1 -4 -26 28 -18 -25 -30
right_child=1 14 24 6 5 12 7 8 -10 13 -12 -13 -14 -15 15 -17 19 -19 21 -21 22 -23 -24 26 25 -27 -28 -29 29 -31
leaf_value=-0.038050520327211686 0.0065746564714246258 0.026658356132811867 -0.038160549907710326 -0.045098117588701747 0.048126428963504692 -0.045662949860413138 0.040648296332385626 -0.030040305013328179 0.037078125503452679 -0.054380015422920217 0.053568230809340069 0.0018121668036478198 -0.0012840846887773986 -0.00095646219986625456 -0.025153621457802096 0.040095390617802686 0.038847096413749116 -0.039837854283132579 -0.040464380038951718 0.043497388302299447 0.039510478107789453 -0.038130503962147851 0.040110555612465175 -0.037633037481818954 -0.038080226476536916 -0.037804771712125075 -0.037798023381603298 0.038985276459957072 -0.037718740970230938 -0.037634893751808687
leaf_weight=0.29913221858442085 17.384417783003308 1.2573053818196047 0.33398605277761761 1.1699597388505938 1.7542860247194756 8.8905993234366161 19.816108586732298 8.0600748909637314 6.6334644090384236 2.2062078919261685 6.7000239193439475 5.4735442958772209 3.1335921082645646 3.2037047147750854 0.43737939884886079 0.95452183857560147 2.5673473626375167 0.8900658655911684 0.45340805407613516 1.1489243581891067 2.5908876843750477 0.72035600850358494 2.6530837789177895 4.9836595782544526 0.44577518803998883 1.6472578286193307 1.8675859549548466 1.2581852599978445 8.6184399151243252 3.4664840020705006
leaf_count=23 342 27 19 7 10 149 137 99 40 25 45 45 33 37 32 14 58 37 7 9 43 43 34 1086 28 175 221 26 1442 771
internal_value=0.00298364 0.010671 0.00742124 0.00870636 0.000568484 -0.0236287 0.0170261 0.0204896 0.000260612 0.0118723 0.0196477 0.0322428 -0.0340975 -0.022743 0.0314641 -0.00358816 0.0384343 -0.0349996 -0.0420602 0.0398832 0.0394254 -0.039032 0.0398141 -0.0376943 -0.0379043 -0.0378634 -0.0376887 0.0388925 -0.0376767 -0.0376947
internal_weight=121.02 101.784 88.0268 85.5997 43.2728 13.7785 42.3269 39.9832 14.6935 29.4944 24.0844 25.2897 12.0242 5.40991 13.7577 2.28197 11.4757 1.32745 2.34372 10.2184 9.0695 1.17376 5.24397 19.2353 2.42702 2.09303 18.9362 3.82553 17.0686 12.0849
internal_count=5064 1521 1241 1019 641 192 378 321 139 449 387 182 182 62 280 83 197 69 57 170 161 50 77 3543 222 203 3520 84 3299 2213
is_linear=0
shrinkage=0.05


Tree=204
num_leaves=31
num_cat=0
split_feature=38 39 38 31 7 25 17 38 7 22 25 33 6 36 3 1 22 42 4 40 36 21 19 19 0 21 1 37 26 0
split_gain=43.4841 3.04915 2.08159 1.42248 1.57354 1.92215 1.27026 0.56545 1.29995 0.470618 0.468208 0.747816 0.0652327 0.0640166 0.020786 0.000993732 0.000823358 0.000631436 0.00054549 0.000156381 0.000154473 0.000101887 7.7044e-05 7.81678e-05 6.63026e-05 5.2536e-05 9.92381e-05 6.91332e-05 3.67275e-05 3.24181e-05
threshold=-1.184785962692849 0.80857471943477044 -1.2194896795209071 -0.36717489744619808 -0.60586431196804025 0.11936199058508125 -0.24429262374831209 -1.0531595510033329 0.66035581646957664 -0.29904614670105178 -0.18621566815575122 -0.33640970191229042 0.019854251946769843 0.020587631275039004 -0.11543912428711657 0.16598111626396903 -0.20861791131079027 -0.46147261317210458 -1.2441395434094749 0.52561190161696003 -3.447754560400575 -1.0241183243451941 -0.28474883673103352 0.49915869904091809 -1.184790698480179 0.74689109995634972 1.0673779686070748 -0.65107736522906023 1.0689470386012332 0.6680564205988474
decision_type=2 2 2 2 2 2 2 2 2 2 2 2 2 2 2 2 2 2 2 2 2 2 2 2 2 2 2 2 2 2
left_child=1 2 10 9 13 6 -6 8 -2 14 11 -1 15 -5 17 18 -10 -4 -12 20 -9 -21 29 28 -18 26 27 -22 -24 -23
right_child=7 -3 3 4 5 -7 -8 19 16 -11 12 -13 -14 -15 -16 -17 24 -19 -20 21 25 22 23 -25 -26 -27 -28 -29 -30 -31
leaf_value=0.038952957390344531 0.027207683120934328 -0.061272853743097801 0.038656412835363307 0.040637957209885132 -0.017969831755331397 -0.032611133757241631 0.042110615164109744 -0.038664519564336086 -0.040790676775613467 0.003344609266836468 0.038356247415612534 -0.024151105584067082 0.054895119967055622 0.025252105056939492 0.047455046051611667 0.040308464568323557 -0.039042590268593823 0.040059291913785058 0.039848370963842861 -0.039090727139259332 -0.038271911781542073 -0.038074011327115055 -0.038249729214222997 -0.037908084929259511 -0.03835900882368648 -0.037774322075539976 -0.037805366235041729 -0.037972145152014719 -0.038006345994379992 -0.037909685247370546
leaf_weight=1.1632530279457567 1.1166035467758768 0.94008563458919425 3.250037075951695 1.8870072625577461 1.4712583031505357 3.8629188388586044 2.1883023586124146 0.6844048853963639 0.57738875783979926 1.0244801454246069 27.620056597515951 0.78718833252787845 0.61472012475132842 1.0535143483430145 0.87482933700084675 0.69103262573480506 0.53244882449507747 1.0649198740720751 0.62640738114714523 0.25577693805098789 2.5257037328556242 6.1409139749594068 10.710629427805538 2.4961247397586712 1.0627213548868888 5.9821815220639101 7.4400000255554906 8.0648571075871569 1.8123537208884943 5.8704997096210718
leaf_count=27 16 7 90 33 21 35 30 25 8 10 962 17 3 19 8 10 12 16 10 5 130 341 490 189 48 636 715 590 117 444
internal_value=-0.00632182 0.0279097 0.0296498 0.015366 0.0041122 -0.00801088 0.0179564 -0.0367429 -0.016638 0.034314 0.0372116 0.0134845 0.0387776 0.0351256 0.0404274 0.0384352 -0.0391728 0.0390026 0.0383893 -0.038015 -0.0379238 -0.0380975 -0.0380881 -0.0381636 -0.0385872 -0.0379027 -0.0379453 -0.0380436 -0.0382145 -0.0379937
internal_weight=104.393 49.12 48.1799 16.6773 10.463 7.52248 3.65956 55.2726 3.28916 6.21427 31.5027 1.95044 29.5522 2.94052 5.18979 28.9375 2.17256 4.31496 28.2465 51.9834 24.6971 27.2863 27.0305 15.0191 1.59517 24.0127 18.0306 10.5906 12.523 12.0114
internal_count=5064 1298 1291 262 138 86 51 3766 84 124 1029 44 985 52 114 982 68 106 972 3682 2096 1586 1581 796 60 2071 1435 720 607 785
is_linear=0
shrinkage=0.05


Tree=205
num_leaves=31
num_cat=0
split_feature=22 1 37 16 0 16 1 40 38 24 38 39 0 31 47 40 0 12 16 22 25 34 3 17 25 38 17 6 9 11
split_gain=19.0688 6.99392 4.56642 4.3538 2.45842 2.85296 2.09935 2.26647 2.06148 3.90087 2.96459 2.40356 2.3269 2.29937 1.93395 1.88429 1.88149 1.79733 1.46135 1.23517 1.21125 0.967411 0.930858 0.891361 0.758319 0.709107 0.0277964 0.0119092 0.00750079 0.000674282
threshold=-0.20861791131079027 1.2641949932054872 -0.098285831242653582 -0.63940829689629586 -1.2804943834887526 -0.55029385654026686 -0.089500637312437306 0.62777712319782608 0.26483696430407672 2.1727112530284889 0.042293998884532398 0.25830960909098244 3.8467859583836073 -0.39478468681454248 -0.2417930661615515 -0.64928814656299882 3.8467859583836073 -0.050616514315029289 -0.56119279247358489 2.5136389703778916 0.51500634504727472 -0.16710505751287111 -0.82511922830762308 -0.1055724312068847 0.17481213316711217 0.14630452852654693 -0.31792625944434499 0.70451226580094539 -0.31469969627336486 0.0084857086310508867
decision_type=2 2 2 2 2 2 2 2 2 2 2 2 2 2 2 2 2 2 2 2 2 2 2 2 2 2 2 2 2 2
left_child=2 8 3 -1 -5 18 7 -7 10 12 11 13 15 -2 -8 -10 27 24 22 -17 -19 -15 -6 -12 -13 -25 -3 -4 -28 -30
right_child=1 26 16 4 5 6 14 -9 9 -11 23 17 -14 21 -16 19 -18 20 -20 -21 -22 -23 -24 25 -26 -27 28 -29 29 -31
leaf_value=-0.037879030542598051 -0.023066067573186921 0.029090859006936826 -0.038006683155407311 -0.037875343930695735 0.049729229763214838 -0.032444519572051293 0.074873724811048356 0.029347979052924102 0.022589873580333902 0.036639517442978588 0.064994093386790172 0.027768247798026193 0.041191107428276322 -0.0083627939340566709 0.0066196536839175039 -0.029836914442374792 0.040558149202236701 -0.0411149771558494 0.087882723011393049 -0.091067983743526759 0.0064374309820311353 0.036074717168458365 -0.0010577743333633459 0.041886340216561159 -0.009157992769976293 0.0056637924450245953 0.043292465754187937 -0.048396339812313817 0.039859267471567837 0.038469763152484869
leaf_weight=9.1470490759238583 2.5245279744267455 0.7778888456523444 26.772759944666184 3.2490193797275451 1.9253134056925771 6.5530892433598691 1.2392455385997889 1.9183583837002514 1.638313891366123 3.8362344652414313 2.3942793561145663 2.8971886783838272 1.3779618069529522 1.4156936723738898 6.38569003809243 9.7490247366949916 0.78195073083042999 4.9573512300848943 1.2910078372806335 0.89961217716336328 1.8347844295203684 9.0811691507697123 1.6978915557265284 3.7336871325969678 2.6731863878667355 2.1173198893666267 0.8553888350725235 0.27868770435452361 0.90886013396084209 22.187691546976566
leaf_count=862 29 13 1965 293 25 282 23 27 18 32 10 25 13 13 84 260 9 61 10 5 14 142 52 32 15 23 8 2 15 702
internal_value=-0.000191502 0.0165627 -0.0209455 -0.00848296 0.00260078 0.0088599 -0.00132041 -0.0184516 0.00600438 -0.00791261 0.013247 0.00478608 -0.02042 0.0197775 0.0177127 -0.0273296 -0.0359035 -0.0110043 0.0422053 -0.0350098 -0.0282695 0.0300815 0.0259296 0.0392948 0.0100476 0.0287784 0.0383926 -0.0381137 0.0386947 0.0385244
internal_weight=137.1 75.8602 61.2401 33.4067 24.2596 21.0106 16.0964 8.47145 51.1303 17.5011 33.6292 25.3839 13.6649 13.0214 7.62494 12.287 27.8334 12.3625 4.91421 10.6486 6.79214 10.4969 3.6232 8.24529 5.57038 5.85101 24.7298 27.0514 23.9519 23.0966
internal_count=5064 1430 3634 1658 796 503 416 309 692 328 364 299 296 184 107 283 1976 115 87 265 75 155 77 65 40 55 738 1967 725 717
is_linear=0
shrinkage=0.05


Tree=206
num_leaves=31
num_cat=0
split_feature=18 1 40 18 38 42 13 38 40 22 37 0 38 3 25 16 9 42 16 19 25 40 40 47 18 36 40 31 40 1
split_gain=21.1504 6.16678 3.84889 3.37043 3.6807 3.26804 3.19251 4.5183 4.37596 2.67989 2.7053 3.44699 2.98539 2.09069 2.03639 1.87222 1.67868 1.19752 1.15523 0.833987 0.801517 0.673647 0.352867 0.224671 0.186382 0.00699542 0.00670541 0.00517505 0.0018048 0.000538822
threshold=-0.72937315546853265 1.4602440306186322 0.44898798543131052 0.64323511425470725 0.73702949670526363 0.75244568302758685 0.40078988180986952 -0.11470899715482819 1.9048423929586511 -0.096030026541419969 0.79451342137174297 1.0782150706355909 0.13312656780943571 -0.49096904659908597 -0.41833763592926276 -0.72046582907472823 -0.1066640433234587 -0.32897659542440133 2.2532262791107871 2.7762738079660569 0.68547819339675919 2.0836315307251669 1.8537597821682181 0.51348757431148984 -0.74965815177584061 -0.52746990556157247 -0.59820553577256586 0.14576128913341543 -0.24062726023953493 0.65486814817006345
decision_type=2 2 2 2 2 2 2 2 2 2 2 2 2 2 2 2 2 2 2 2 2 2 2 2 2 2 2 2 2 2
left_child=19 2 3 4 5 16 7 15 14 10 12 -12 -8 -6 -9 22 -2 -11 20 24 26 -10 -4 -3 28 -17 -5 -25 -1 -30
right_child=1 23 6 18 13 -7 9 8 21 17 11 -13 -14 -15 -16 25 -18 -19 -20 -21 -22 -23 -24 27 -26 -27 -28 -29 29 -31
leaf_value=-0.038065609447528265 0.033994527234665999 -0.001337143489231014 0.0091953740736151202 0.04369195532205538 -0.05645416350106261 -0.038604158650037398 0.0021178753861770291 -0.044292228955974837 0.0038905953172322285 0.0054580900909993449 0.00073914486879336999 0.029909620261565229 0.037007129556982328 0.0025877611078208725 -0.014030188123646453 0.044068386470760862 0.010359055884645103 -0.036850594195364447 0.1086338385213961 -0.0029721818978611834 -0.024852444810958246 0.040095841708997611 -0.038434953151684402 -0.043656985887643364 -0.0047286475812081362 0.040085586735593488 0.038315558347933196 -0.0381008082577294 -0.039545199642238175 -0.038232029825378426
leaf_weight=26.491946748457853 16.510584309697151 0.43222158774733443 0.63925194926559903 0.60290194116533236 2.6861151196062565 2.2981701865792266 9.4100466184318083 9.5561152808368224 2.3022689558565608 2.7284304052591324 54.909159440547228 12.417543657124041 17.597493773326278 3.3937088791280976 13.290752783417703 1.5228408090770242 13.784368736669423 4.3214945942163459 0.57493801042437453 1.8244113717228163 0.51517621241509992 2.9070758540183306 0.99270747601985931 0.44651143252849568 0.4212531633675124 3.9941608086228362 15.227119311690329 6.822798172943294 2.9769661519676438 1.0590689191594718
leaf_count=1557 364 5 17 8 14 91 78 134 34 25 471 318 270 28 123 16 149 36 10 21 5 31 35 4 16 60 635 377 77 55
internal_value=0.001407 0.00751141 0.0092695 0.0203607 0.0122174 0.0188796 0.00475528 -0.00821679 -0.0172587 0.00925977 0.0114821 0.00611926 0.0248509 -0.0234974 -0.0266878 0.0272684 0.0232403 -0.0204765 0.0389732 -0.0358233 0.0365229 0.0240949 -0.0197778 -0.0363597 -0.0377599 0.0411849 0.0385203 -0.0384421 -0.0382157 -0.0392006
internal_weight=232.658 199.884 192.182 55.5931 38.6729 32.5931 136.589 35.2052 28.0562 101.384 94.3342 67.3267 27.0075 6.07982 22.8469 7.14896 30.295 7.04992 16.9201 32.7736 16.3452 5.20934 1.63196 7.70153 30.9492 5.517 15.83 7.26931 30.528 4.03604
internal_count=5064 3338 2952 1304 646 604 1648 450 322 1198 1137 789 348 42 257 128 513 61 658 1726 648 65 52 386 1705 76 643 381 1689 132
is_linear=0
shrinkage=0.05


Tree=207
num_leaves=31
num_cat=0
split_feature=39 19 0 38 38 25 37 20 37 18 38 16 38 32 25 40 37 0 25 22 0 6 13 36 40 47 25 40 4 18
split_gain=14.1263 2.61742 1.92316 2.26071 4.3791 3.89245 3.28296 3.52187 6.16084 2.97108 4.08163 2.43298 1.79259 1.49368 1.26953 1.17758 0.0805525 0.0249995 0.00766823 0.005958 0.000672912 0.00055848 0.000186038 1.35429e-05 9.11292e-06 9.02696e-06 6.10875e-06 5.00429e-06 4.69126e-06 6.06103e-06
threshold=0.6954590335867854 0.34385128038555252 1.1183392864000548 0.65330867640023682 0.4682511420821408 -1.4963929276914476 0.79451342137174297 0.82647430278132339 1.9614217879311473 0.67152812071526302 0.18310683194691427 -0.1499069254585769 0.6158163038929606 0.78159097753064488 -0.56095716466654488 1.7005119497969188 0.029035792242654176 0.099481422395739025 -1.5783044421606205 -0.77521794542066724 0.19459067457817222 -0.72522875353864424 0.6064039477469737 -3.447754560400575 0.65331842859304257 -0.87742528834183253 -1.7712528639633744 1.4961815066351869 -1.2565290392760424 0.65878007514042369
decision_type=2 2 2 2 2 2 2 2 2 2 2 2 2 2 2 2 2 2 2 2 2 2 2 2 2 2 2 2 2 2
left_child=23 2 3 4 9 -6 18 11 -9 10 -2 -8 -7 -11 16 17 -3 -16 -5 20 27 -20 -22 -1 28 -4 -27 -18 -25 -30
right_child=1 14 25 6 5 12 7 8 -10 13 -12 -13 -14 -15 15 -17 19 -19 21 -21 22 -23 -24 24 -26 26 -28 -29 29 -31
leaf_value=-0.038025792856229479 0.0062302849620501227 0.026040508788582065 -0.038105275134896047 -0.044805346094394974 0.047560944849808801 -0.04538693032684657 0.039809710281563021 -0.029147393786982591 0.036289606668573025 -0.053275725114528452 0.053027135939057758 0.0019728852643609665 -0.0009861488397976887 0.00027853849270414029 -0.024819661233287878 0.039971180743780053 0.038729189843521798 -0.039719959251841297 -0.040356906369068961 0.04322767439134393 0.039389600904667622 -0.038066534964740717 0.039999769643478102 -0.037624021047115458 -0.03778563275913574 -0.038065759848565701 -0.037803946678939174 0.038850451333041297 -0.037706887111496487 -0.037625819931845772
leaf_weight=0.28498867945745843 17.127431160770364 1.2006698860786844 0.38272281270474229 1.1384754404425623 1.6918263137340535 8.5612316173501295 19.468533899169415 7.9221944562159461 6.5881970031186938 2.2558248983696094 6.4008713569492093 5.4346435181796577 3.0950198881328097 3.0792672508396208 0.42252789111807876 0.90380886942148198 1.3817899152636495 0.84341229498386383 0.43967055901885033 1.1038185171782977 2.450031578540802 0.67441264819353708 2.5488447174429893 4.6368384542875019 1.7807089949492354 0.25750418240204465 1.6530121425166713 2.2141478061676025 8.0766590908169729 3.2268405822105697
leaf_count=23 342 27 24 7 10 149 137 99 40 32 45 45 33 30 32 14 34 37 6 9 43 44 34 1086 221 17 181 50 1442 771
internal_value=0.00306072 0.0104534 0.00729108 0.00852617 0.00037076 -0.0233109 0.0167883 0.0201436 0.000563166 0.0113225 0.0189614 0.0315525 -0.0335974 -0.0223657 0.0313042 -0.003623 0.0382572 -0.0347467 -0.0419195 0.0397696 0.0393255 -0.0389704 0.0397007 -0.0376839 -0.0376784 -0.0378836 -0.0378392 0.0388039 -0.0376664 -0.0376837
internal_weight=117.246 99.2399 86.1708 83.8776 42.2115 13.3481 41.6661 39.4136 14.5104 28.8634 23.5283 24.9032 11.6563 5.33509 13.0691 2.16975 10.8993 1.26594 2.25256 9.69863 8.59481 1.11408 4.99888 18.006 17.721 2.29324 1.91052 3.59594 15.9403 11.3035
internal_count=5064 1521 1241 1019 641 192 378 321 139 449 387 182 182 62 280 83 197 69 57 170 161 50 77 3543 3520 222 198 84 3299 2213
is_linear=0
shrinkage=0.05


Tree=208
num_leaves=31
num_cat=0
split_feature=38 38 39 42 17 27 19 38 7 25 6 14 17 42 22 39 19 40 36 13 19 19 6 34 7 26 22 1 10 0
split_gain=40.3325 2.9725 2.42039 1.6235 1.01801 0.929124 0.804318 0.550499 1.21103 0.484281 0.74392 0.0585739 0.0019536 0.000878158 0.000739425 0.000449288 0.000262414 0.000141809 0.000129886 9.01326e-05 6.95821e-05 7.18693e-05 6.8855e-05 5.47546e-05 4.64911e-05 3.47307e-05 3.26792e-05 5.20091e-05 3.136e-05 2.85508e-05
threshold=-1.184785962692849 -1.2194896795209071 0.13432753749975621 -0.45720040749265523 -0.025988335594706015 -0.372991720659193 -0.41324989986472599 -1.0531595510033329 0.66035581646957664 -0.18621566815575122 -0.41970403807002815 -1.0000000180025095e-35 0.071819451692175143 -0.05285871869080571 -0.20861791131079027 0.35597152236780749 -0.51810334135511604 0.52561190161696003 -3.447754560400575 -1.1205165020022301 -0.28474883673103352 0.49915869904091809 -0.22018266862179217 0.83970249177801881 0.97954151091350983 1.0689470386012332 0.13399498508921576 1.0673779686070748 -1.222037251623443 0.6680564205988474
decision_type=2 2 2 2 2 2 2 2 2 2 2 2 2 2 2 2 2 2 2 2 2 2 2 2 2 2 2 2 2 2
left_child=1 9 3 6 5 -5 12 8 -2 10 -1 13 16 15 -10 22 -3 18 -9 -19 29 25 -11 -16 -20 -22 -26 -28 -25 -21
right_child=7 2 -4 4 -6 -7 -8 17 14 11 -12 -13 -14 -15 23 -17 -18 19 24 20 21 -23 -24 28 26 -27 27 -29 -30 -31
leaf_value=0.038878184716507488 0.026078412027979826 0.038530610945644521 -0.047821985641265018 0.037173123262098061 -0.028368694059880434 -0.010530017198346535 0.0035750523351810535 -0.038598151323132587 -0.040652726238033461 0.038280261909097973 -0.025059915437043875 0.054822521244440758 0.04127119948090191 0.040178884192322281 -0.038944565469011962 0.03971375495016128 0.039547404119678248 -0.039023351354828151 -0.037842677855177594 -0.038046347728317921 -0.038219496823288984 -0.037880743994458885 0.038709695854657916 -0.038602489345989255 -0.037805917309163065 -0.037975565603299427 -0.038248580681983363 -0.037842928315750785 -0.03803967554409108 -0.037887940833155609
leaf_weight=1.1005092337727544 1.0937533834949129 5.3033090643584719 1.5975856855511654 2.0014396794140339 2.3665149062871942 2.0832006633281708 2.0991957783699045 0.64733940456062811 0.55541421845555339 24.790634525939836 0.77551876753568905 0.55219566822051902 0.80753344483673561 0.65624673664569755 0.49593334086239316 0.57155426777899165 0.72078656777739514 0.24576124921441334 17.733846482355151 5.8332261908799445 10.202416200190777 2.3261247379705319 0.9699538629502048 0.46271536685526404 1.298208744265138 1.7027519857510913 2.1671682577580218 1.2435549283400176 0.53215729910880294 5.5518333641812205
leaf_count=27 16 160 12 22 17 20 16 25 8 937 17 2 10 10 12 10 12 5 1716 341 490 189 26 14 129 117 111 115 34 444
internal_value=-0.00649146 0.0274125 0.0107545 0.0168383 -0.00227421 0.0128441 0.0306442 -0.0366882 -0.0163934 0.0370277 0.0124472 0.0387021 0.0389618 0.0383722 -0.0390955 0.0383272 0.0386523 -0.03799 -0.0378999 -0.0380704 -0.0380612 -0.0381349 0.0382964 -0.0385154 -0.0378798 -0.0381846 -0.0380194 -0.0381007 -0.0383014 -0.0379691
internal_weight=98.4884 46.3962 16.9796 15.382 6.45116 4.08464 8.93082 52.0922 3.13997 29.4166 1.87603 27.5406 6.83163 26.9884 2.04622 26.3321 6.0241 48.9522 23.0901 25.8621 25.6164 14.2313 25.7606 1.49081 22.4428 11.9052 4.70893 3.41072 0.994873 11.3851
internal_count=5064 1298 269 257 59 42 198 3766 84 1029 44 985 182 983 68 973 172 3682 2096 1586 1581 796 963 60 2071 607 355 226 48 785
is_linear=0
shrinkage=0.05


Tree=209
num_leaves=31
num_cat=0
split_feature=22 42 22 39 40 40 39 0 26 42 11 24 40 42 30 26 15 12 11 42 10 0 11 7 5 29 8 19 7 38
split_gain=17.4654 6.43783 3.41434 2.50435 2.92045 2.33363 2.22269 3.42825 2.19074 1.85127 3.102 1.5132 2.85638 1.50859 1.29464 1.83988 1.24721 1.42862 2.13011 1.2037 0.988826 0.952784 0.957536 1.57059 0.819159 0.787325 1.67659 0.699461 0.0755416 0.0338751
threshold=-0.20861791131079027 0.75244568302758685 -0.45077268242967294 0.42802052377877892 0.60223581780260949 0.2957401530600115 0.54087354918743358 1.8346308418990052 -1.2140356512933832 -0.4968310025900135 -0.74117596689019893 -0.27320252490954855 0.576694512407393 0.18091566092529496 0.71706855458716434 1.0331274191150754 -0.43190554516856677 -0.050616514315029289 -0.84502649819976383 -0.24400495449646828 -0.038281331394267301 4.129141550800207 -0.90480988891854508 -0.55498518404199049 2.7854384324022852 -0.33042878445226537 -0.57903147755891016 -0.46514894500519433 -0.60586431196804025 -0.043495665874739652
decision_type=2 2 2 2 2 2 2 2 2 2 2 2 2 2 2 2 2 2 2 2 2 2 2 2 2 2 2 2 2 2
left_child=2 5 21 4 9 16 11 -8 -5 25 -11 -7 28 -12 -3 -16 29 19 -19 -18 -20 22 23 -1 -10 -4 -27 -21 -13 -2
right_child=1 14 3 8 -6 6 7 -9 24 10 13 12 -14 -15 15 -17 17 18 20 27 -22 -23 -24 -25 -26 26 -28 -29 -30 -31
leaf_value=-0.037869425722870408 -0.043134724650096982 0.038732737595858942 -0.038026610958550533 0.070827802501676057 0.046191401045468178 0.050038931941096459 -0.040039127442901057 0.041461896811189794 -0.038600435610489717 0.084045987745860057 -0.018323994477551942 0.048167003822448796 -0.033041945257528606 0.025247130902573273 -0.042104904106668048 0.039329229260545495 -0.0068703824927157211 0.076863768855124678 -0.052152634619336849 -0.0038272770701854746 -0.01011649479917685 0.040306810354322306 -0.037940605706710651 0.043966931073395145 0.040721257469456554 0.099659399938974866 -0.017249989230796247 0.036978503411208549 0.033525834443607898 -0.030772387227906012
leaf_weight=1.4625531807541849 1.5411078501492741 24.949095811694864 4.6018094797618732 0.50827888585627157 2.963419508188962 5.7013045847415924 3.2006061226129523 2.1617860123515129 9.0529684103093988 1.1753361108712841 5.4889125735498983 1.7668698774650695 2.0782111957669258 3.1134807276539505 1.2547921147197478 1.550911722704768 4.2862256281077862 0.66612213850021618 1.5628414861857916 1.3550993278622625 13.343617922160762 0.42807167768478294 23.884729282930493 0.97855231165886536 0.33761838823556978 0.33155911695212115 4.0850205663591632 4.6669580880552584 1.7571450741961614 0.86526445904746907
leaf_count=160 23 780 429 6 32 35 71 20 531 33 212 16 15 31 18 35 34 2 9 10 238 5 1942 6 4 7 236 55 24 45
internal_value=-0.00017967 0.0161766 -0.020539 -0.00942626 5.88082e-05 0.00448602 0.0193278 -0.00718294 -0.0302762 -0.00721451 0.0078556 0.0319045 0.0134494 -0.00255421 0.0351114 0.00290952 -0.00425828 -0.0010569 -0.0106146 0.0133817 -0.0145237 -0.0336889 -0.0348921 -0.00506414 -0.0357486 -0.0235535 -0.00847343 0.0277963 0.0408666 -0.0386896
internal_weight=131.12 72.708 58.4123 31.6584 21.7595 44.9532 16.6659 5.36239 9.89887 18.7961 9.77773 11.3035 5.60223 8.60239 27.7548 2.8057 28.2872 25.8809 15.5726 10.3083 14.9065 26.7539 26.3258 2.44111 9.39059 9.01839 4.41658 6.02206 3.52401 2.40637
internal_count=5064 1430 3634 1521 980 597 181 91 541 948 276 90 55 243 833 53 416 348 249 99 247 2113 2108 166 535 672 243 65 40 68
is_linear=0
shrinkage=0.05


Tree=210
num_leaves=31
num_cat=0
split_feature=18 1 25 10 21 40 37 39 19 13 21 37 39 22 39 12 15 9 0 37 25 0 19 17 18 4 11 27 14 39
split_gain=19.5609 5.6353 3.62398 4.66631 3.47706 2.71304 3.35028 3.46271 3.08299 2.20216 2.3114 2.14448 3.28103 2.87283 2.07928 2.39224 2.03514 2.52951 1.67089 1.5102 1.39653 0.921565 0.838996 0.283669 0.191493 0.150791 0.0262705 0.011642 0.00562245 0.00399008
threshold=-0.72937315546853265 1.4602440306186322 -0.8497517383995673 0.61175599688017224 0.65546117996223718 0.37236406924566101 -0.27958810189991695 0.40100575111340181 0.40771563617471351 0.41237795778031328 0.52544070932125886 0.72182521609949957 0.91712339270132448 -0.11452688273997406 0.80857471943477044 0.63022646708170837 0.94122125905950449 0.27800953755029928 0.7393883597356723 -0.084679268403727026 -0.97169074306317738 0.25968106904052496 2.7762738079660569 -0.29366086668870767 -0.74965815177584061 0.69098171574964151 1.0784573237345654 0.60013503092708487 0.89771868250542719 -0.71406211120574081
decision_type=2 2 2 2 2 2 2 2 2 2 2 2 2 2 2 2 2 2 2 2 2 2 2 2 2 2 2 2 2 2
left_child=22 2 3 4 9 8 7 21 27 19 -11 13 -13 -8 25 -16 17 -10 -18 -2 -17 -7 24 -3 -1 -5 -27 29 -25 -4
right_child=1 23 5 14 -6 6 11 -9 16 10 -12 12 -14 -15 15 20 18 -19 -20 -21 -22 -23 -24 28 -26 26 -28 -29 -30 -31
leaf_value=-0.038179102351514109 0.0099521910935062262 0.0063392382070080735 0.042169242453034828 0.012833442299110362 -0.061042272303091408 -0.051320271881732785 0.029173589451229467 0.031818550565931566 0.014155736679487592 0.048870750134908658 -0.015994754351081528 0.034010187998527501 0.00064654611900729394 -0.013585129622664059 0.043755543884810885 0.00093526394417911508 0.014072324681326001 -0.040302060604596429 0.05535830340122852 -0.036251670023681709 -0.044528861148015804 -0.018045510491750325 -0.002490885908542924 -0.04347882891626377 -0.0040046227896490972 0.038464348992121061 0.049886488168395769 0.031211700151684642 -0.03806099054066131 0.038421406645248603
leaf_weight=28.545375564135615 2.3434875514358282 0.37245445884764183 0.73945154808462277 0.58032211847603576 4.3733570501208296 3.8564779311418516 25.248380627483133 2.6921901647001496 5.3685387335717696 2.6132380142807952 2.8946058060973883 8.7488894090056402 46.718307435512543 4.6520460210740557 3.1013022549450424 16.504923393949873 11.557113583199678 3.5373469721525908 3.1101621910929671 7.2088524447754043 1.8816591203212691 4.5192860700190067 1.7982004079967726 0.51830141991376777 0.41588275693357246 4.5988390054553747 0.56527685187757004 0.55350476689636607 6.2937313709408045 17.932520501315594
leaf_count=1689 34 7 10 12 20 30 411 36 67 16 27 212 490 33 20 178 105 96 48 152 14 31 21 4 16 184 4 22 375 700
internal_value=0.00140123 0.00730063 0.00897987 -0.00307872 -0.0217952 0.0130214 0.00837178 -0.0175106 0.0234982 -0.0103981 0.0147812 0.0117274 0.00590902 0.022521 0.0102777 0.00313421 0.0113791 -0.00747447 0.0228269 -0.0249164 -0.00371748 -0.0333663 -0.0356307 -0.0361501 -0.0376884 0.036999 0.0397146 0.038358 -0.0384732 0.0385698
internal_weight=223.844 193.085 185.9 46.6659 19.4335 139.234 96.4356 11.068 42.7986 15.0602 5.50784 85.3676 55.4672 29.9004 27.2323 21.4879 23.5732 8.90589 14.6673 9.55234 18.3866 8.37576 30.7595 7.18449 28.9613 5.74444 5.16412 19.2255 6.81203 18.672
internal_count=5064 3338 2952 661 249 2291 1243 97 1048 229 43 1146 702 444 412 212 316 163 153 186 192 61 1726 386 1705 200 188 732 379 710
is_linear=0
shrinkage=0.05


Tree=211
num_leaves=31
num_cat=0
split_feature=39 19 0 42 39 17 24 17 40 0 37 40 34 25 40 37 47 37 15 22 22 14 13 22 22 36 40 47 25 21
split_gain=13.1479 2.47492 1.78293 1.74941 2.78689 3.30817 2.83548 2.82241 1.78087 2.10241 3.13308 1.80843 1.53919 1.20887 1.11073 0.603007 0.288406 0.0823138 0.0257346 0.0159405 0.0052348 0.000600294 0.000597607 0.000253951 0.000242299 1.13519e-05 8.19517e-06 7.47237e-06 4.86108e-06 4.17566e-06
threshold=0.6954590335867854 0.34385128038555252 1.1183392864000548 -0.42901375443741968 1.3627882152197077 -0.35543185082845746 0.14430101549140864 -0.50067323173844236 0.55115320701217652 0.55600583287141847 1.4270407425891933 2.0325489199347335 -1.2805157590816154 -0.56095716466654488 1.7005119497969188 2.0902834820164373 -1.3365760935402966 0.029035792242654176 -0.36935836938549355 -0.69347470221606755 -0.77521794542066724 -0.69800205985599117 0.6064039477469737 -0.87428616522526792 -0.61894420573379649 -3.447754560400575 0.65331842859304257 -0.87742528834183253 -1.7712528639633744 0.410856458939027
decision_type=2 2 2 2 2 2 2 2 2 2 2 2 2 2 2 2 2 2 2 2 2 2 2 2 2 2 2 2 2 2
left_child=25 2 3 8 6 12 7 -5 19 11 -11 -10 -6 17 18 -7 -8 -3 -15 -2 22 -20 23 -19 -21 -1 -27 -4 -29 -28
right_child=1 13 27 4 5 15 16 -9 9 10 -12 -13 -14 14 -16 -17 -18 20 21 24 -22 -23 -24 -25 -26 26 29 28 -30 -31
leaf_value=-0.037995779942555402 -0.024244065560048152 0.025470100074910546 -0.038067051618629499 0.02358254175136117 0.0036434879660326141 0.0064403766324227871 -0.0089698080418377756 -0.017647675053020555 0.034188200246342323 -0.030293745770259308 0.023577770828742121 -0.016942111991999419 -0.03523750920366614 -0.022232620652812483 0.039844439214829629 0.045444976151147953 -0.042360097720677337 0.038788898038632565 -0.040702146998489022 -0.039576213636098756 0.042958811271391645 -0.037933323701583595 0.039873584261338503 0.039695293351944487 -0.037974291236273355 -0.037656948517179517 -0.037921445307550219 -0.038026432231079717 -0.037784613529314046 -0.037731493419604092
leaf_weight=0.26976141519844787 0.23719171807169903 1.1522058658301819 0.35892288200557265 23.294291861355308 3.3992004022002229 1.9311558920890086 0.8929330371320251 5.0507500802632448 18.326765256002552 4.4393183919601125 6.8844058043323457 1.9095494486391533 10.133928620722145 0.31598095642402779 0.85585885494947422 2.0351795330643654 2.345207047648727 4.7396475039422477 0.28780013322830211 0.31483944132924069 1.0575154870748527 0.61207622615620405 2.4333961494266987 0.92332196980714787 0.94328485894948144 14.891361353686081 0.37025948334485193 0.24003790924325596 1.5485052503645407 1.3234943947754798
leaf_count=23 5 27 24 203 24 30 6 121 173 116 53 24 96 12 14 11 55 113 3 5 9 54 34 14 97 3299 28 17 181 193
internal_value=0.00307646 0.010182 0.00711605 0.0082919 0.00230364 -0.0137023 0.0111721 0.0162358 0.0171836 0.0197098 0.00245815 0.0293634 -0.0254715 0.0310593 -0.00379204 0.0264542 -0.0331526 0.0380651 -0.0345084 -0.0361336 0.0396504 -0.0388189 0.0392183 0.0389367 -0.0383752 -0.037674 -0.0376688 -0.0378588 -0.0378171 -0.037773
internal_weight=113.518 96.6633 84.2855 82.138 49.0826 17.4995 31.5832 28.345 33.0554 31.56 11.3237 20.2363 13.5331 12.3778 2.07172 3.96634 3.23814 10.3061 1.21586 1.49532 9.15388 0.899876 8.09637 5.66297 1.25812 16.8549 16.5851 2.14747 1.78854 1.69375
internal_count=5064 1521 1241 1019 546 161 385 324 473 366 169 197 120 280 83 41 61 197 69 107 170 57 161 127 102 3543 3520 222 198 221
is_linear=0
shrinkage=0.05


Tree=212
num_leaves=31
num_cat=0
split_feature=38 38 39 42 17 27 19 38 7 25 33 14 17 42 22 39 19 40 36 32 19 19 6 34 7 26 22 42 10 0
split_gain=37.3892 2.92132 2.18535 1.50425 0.932852 0.887143 0.826545 0.545341 1.14032 0.50013 0.805082 0.0476554 0.0017168 0.000750449 0.000620212 0.000394959 0.000209211 0.00012461 0.000116167 7.15534e-05 6.13783e-05 6.459e-05 5.66975e-05 4.59515e-05 4.18899e-05 3.04348e-05 2.91205e-05 4.55766e-05 2.50185e-05 2.40655e-05
threshold=-1.184785962692849 -1.2194896795209071 0.13432753749975621 -0.45720040749265523 -0.025988335594706015 -0.372991720659193 -0.41324989986472599 -1.0531595510033329 0.66035581646957664 -0.18621566815575122 -0.33610717889752556 -1.0000000180025095e-35 0.078712417823545447 -0.05285871869080571 -0.20861791131079027 0.38500789274707942 -0.51810334135511604 0.52561190161696003 -3.447754560400575 -1.1003127300533064 -0.28474883673103352 0.49915869904091809 -0.22018266862179217 0.83970249177801881 0.97954151091350983 1.0689470386012332 0.13399498508921576 0.98310154587754295 -1.222037251623443 0.6680564205988474
decision_type=2 2 2 2 2 2 2 2 2 2 2 2 2 2 2 2 2 2 2 2 2 2 2 2 2 2 2 2 2 2
left_child=1 9 3 6 5 -5 12 8 -2 10 -1 13 16 15 -10 22 -3 18 -9 -19 29 25 -11 -16 -20 -22 -26 -28 -25 -21
right_child=7 2 -4 4 -6 -7 -8 17 14 11 -12 -13 -14 -15 23 -17 -18 19 24 20 21 -23 -24 28 26 -27 27 -29 -30 -31
leaf_value=0.038784278034712703 0.025441929593689402 0.038468008977941087 -0.045611960709582088 0.036724171304613737 -0.027070039620040027 -0.010297069442068726 0.0025052525212353152 -0.03855589030979234 -0.040465324357945712 0.038224886320066119 -0.029315715942557503 0.053386813185345362 0.041187220313896065 0.040027827882664915 -0.038851723388462177 0.039643595264768537 0.039405242340115887 -0.038920181073021504 -0.037821853684509299 -0.038018725948372724 -0.038187113441231164 -0.037855717555260238 0.038627735254385294 -0.038522097819681717 -0.037786104935837221 -0.037952660194358639 -0.038214092296966554 -0.037821355587856341 -0.038000787770280688 -0.037869416423767364
leaf_weight=1.0792830530554054 1.0696041919291013 5.004888577386736 1.5851951390504826 1.9472025930881498 2.3672052137553701 2.0688957124948502 2.06842139735818 0.61446171626448887 0.52425638586282719 23.114910924807205 0.72588678635657089 0.53548386693000694 0.71005386486649502 0.62213467061519523 0.46732824854552724 0.51195715740322967 0.67583211511373509 0.23029221594333904 16.546990607399497 5.5292164450511372 9.7053443398326582 2.1670448244549343 0.90771033428609271 0.43055529240518797 1.2117860759608436 1.6144533473998297 2.0665644025430088 1.1496871123090384 0.49445423763245355 5.2718556374311447
leaf_count=28 16 161 12 22 17 20 16 25 8 938 16 2 9 10 12 9 12 5 1716 341 490 189 26 14 129 117 112 114 34 444
internal_value=-0.00664005 0.0268731 0.0101906 0.0161504 -0.00217356 0.0125011 0.0299776 -0.0366247 -0.0159177 0.0368396 0.0114002 0.0386271 0.0388692 0.0383129 -0.0389995 0.0382694 0.0385795 -0.0379659 -0.0378783 -0.038043 -0.0380347 -0.0381058 0.0382401 -0.0384476 -0.0378584 -0.0381537 -0.037995 -0.0380737 -0.0382434 -0.0379459
internal_weight=93.019 43.9251 16.4277 14.8425 6.3833 4.0161 8.4592 49.0939 2.9862 27.4974 1.80517 25.6922 6.39077 25.1567 1.91659 24.5346 5.68072 46.1077 21.5895 24.5182 24.2879 13.4868 24.0226 1.39234 20.975 11.3198 4.42804 3.21625 0.92501 10.8011
internal_count=5064 1298 269 257 59 42 198 3766 84 1029 44 985 182 983 68 973 173 3682 2096 1586 1581 796 964 60 2071 607 355 226 48 785
is_linear=0
shrinkage=0.05


Tree=213
num_leaves=31
num_cat=0
split_feature=22 1 37 38 38 24 39 0 38 12 24 39 7 11 40 36 37 31 0 14 2 25 32 36 36 24 34 2 14 11
split_gain=16.1526 7.17236 3.03503 3.5496 2.39026 3.83311 3.07101 2.50713 2.43558 2.31374 2.05002 3.16999 1.87381 2.61457 1.83723 1.4635 1.98019 1.62162 1.25649 1.14155 1.03119 1.69219 0.785178 0.74532 1.53402 0.40211 0.377906 0.209365 0.0313671 0.0171545
threshold=-0.3150455785471496 1.2641949932054872 -0.1868711612106497 0.11112126474082475 0.26483696430407672 2.1727112530284889 0.55232073140037263 3.8467859583836073 -1.2076217502336177 -0.096690802280239546 -0.2560049039591869 0.25830960909098244 -0.45805602315578287 -0.8270852818386637 -0.64928814656299882 0.66667851595154815 -0.88541044256133594 0.2211396058406975 4.129141550800207 2.1104184593507407 0.25395158145590585 -0.6357010584108741 -0.7307625371261649 -0.25740027280857958 -0.26669436629459314 -0.5339540908828897 0.62057378987353162 -1.2880343602756563 0.069015071608312314 1.1433215389017721
decision_type=2 2 2 2 2 2 2 2 2 2 2 2 2 2 2 2 2 2 2 2 2 2 2 2 2 2 2 2 2 2
left_child=2 4 3 12 6 7 8 14 27 22 25 -12 23 -14 -6 17 -17 -15 -4 -16 -5 -22 -8 24 -1 -10 29 -2 -3 -11
right_child=1 28 18 20 5 -7 9 -9 10 26 11 -13 13 15 19 16 -18 -19 -20 -21 21 -23 -24 -25 -26 -27 -28 -29 -30 -31
leaf_value=-0.037966456097767692 -0.043185649990987812 0.027248398283032372 -0.038046863638808867 0.061622134928802502 0.022564288448061021 0.03540228382876013 0.043864507358362531 0.040874075460016444 0.031500360530095625 -0.039918973585296287 0.027565326264434611 -0.018015684400584011 0.086541929231162634 -0.038564618705124794 -0.030696727490039641 -0.049877084213828859 0.034301076570971041 0.064788142425767678 0.039988473294330355 -0.093567094648195834 0.049305493708975537 -0.037949507766603337 -0.002838527085132098 -0.038060986387421683 0.093750819929839704 0.054763599202877801 -0.012035128148748861 -0.0099254343908051837 0.038529187449163282 -0.047868320149283411
leaf_weight=0.63575117290019989 1.4054508237168195 0.63485616818070667 22.659042464569215 1.7122510522603982 1.5835610097274173 3.6975896768271914 1.5844832416623833 1.4599141925573338 3.1056033512577415 3.2489983094856125 13.691134609282019 5.287594646215438 0.75005133450031358 4.2782045956701023 11.279654613230377 0.93896930292248759 2.7294757347553968 0.41647498309612263 0.52785935252904792 0.77138685062527734 1.2369798868894579 1.0088352616876362 2.083101668395102 9.591625239700079 0.33887211466208356 4.6223496720194843 1.4697129558771846 0.71326717268675821 20.99081177636981 0.85785900056362141
leaf_count=59 46 9 1877 6 18 32 12 15 29 87 204 35 18 261 405 15 53 5 7 4 7 73 29 960 6 25 19 12 731 5
internal_value=-0.000176404 0.013689 -0.0234176 -0.0108099 0.00436768 -0.0102233 0.0115702 -0.0213998 0.0196122 -0.0135069 0.0237059 0.0148662 -0.0194994 -0.00288625 -0.0280678 -0.0109067 0.012755 -0.029396 -0.0362704 -0.0347211 0.032394 0.01011 0.0173383 -0.0338279 0.00783105 0.0454149 -0.033793 -0.0319886 0.038198 -0.0415795
internal_weight=125.312 78.4873 46.8244 23.6375 56.8617 18.7921 38.0696 15.0945 28.8254 9.24416 26.7067 18.9787 19.6794 9.11318 13.6346 8.36312 3.66845 4.69468 23.1869 12.051 3.95807 2.24582 3.66758 10.5662 0.974623 7.72795 5.57657 2.11872 21.6257 4.10686
internal_count=5064 1717 3347 1463 977 474 503 442 351 152 293 239 1377 352 427 334 68 266 1884 409 86 80 41 1025 65 54 111 58 740 92
is_linear=0
shrinkage=0.05


Tree=214
num_leaves=31
num_cat=0
split_feature=18 1 25 10 21 40 19 37 38 38 12 38 37 38 13 38 21 38 23 38 14 19 36 17 18 39 27 14 39 39
split_gain=18.075 5.17064 3.32805 4.24828 3.25677 2.49693 3.02049 3.018 3.17184 2.58688 5.26017 2.32071 3.45941 2.18608 2.0682 2.2488 2.19033 1.87863 1.86559 1.71833 0.925656 0.849769 0.564851 0.271837 0.189217 0.135387 0.0120006 0.00450977 0.00324349 0.00220123
threshold=-0.72937315546853265 1.4602440306186322 -0.8497517383995673 0.61175599688017224 0.65546117996223718 0.37236406924566101 0.40771563617471351 -0.27958810189991695 -0.11470899715482819 0.13312656780943571 0.28393564033681584 0.14630452852654693 0.90781805711203767 0.62681619225547436 0.41237795778031328 -0.13482929747288996 0.52544070932125886 0.96284123809051769 -0.72523177199981903 0.73702949670526363 -0.2296858750387594 2.7762738079660569 -2.1283239239927338 -0.29366086668870767 -0.74965815177584061 -0.20395497453651448 0.60013503092708487 0.89771868250542719 -0.71406211120574081 0.59561912912395865
decision_type=2 2 2 2 2 2 2 2 2 2 2 2 2 2 2 2 2 2 2 2 2 2 2 2 2 2 2 2 2 2
left_child=21 2 3 4 14 6 26 8 -7 18 -11 -5 25 -14 15 -2 -16 19 -9 -8 -10 24 -19 -3 29 -13 28 -25 -4 -1
right_child=1 23 5 11 -6 7 17 9 20 10 -12 12 13 -15 16 -17 -18 22 -20 -21 -22 -23 -24 27 -26 -27 -28 -29 -30 -31
leaf_value=-0.038021943618877362 0.0083051738474623892 0.0061956350298831625 0.041845306328627832 -0.046654398738998931 -0.059826705034181943 0.037214259941857668 0.013692817062772309 -0.0046649673617084114 -0.051730394014334991 -0.039150107025255364 0.01138240416481727 0.023726209557981447 0.04534695915127368 -0.0063712871804198212 0.048374209818559895 -0.043062073032136189 -0.015561682227564636 0.094315130423822141 0.039373770750603422 -0.022262600852417751 -0.017726949698907899 -0.0018526013497887394 0.037632586408000997 -0.043023544150834495 -0.003812420888558609 0.043560118744357515 0.030819380286930431 -0.038022487964756164 0.038360688104653838 -0.039805178529881469
leaf_weight=24.82316184416414 3.3478785995393991 0.36102645657956589 0.69550805166364327 1.6979180537164236 4.2310982570052138 2.1537548024207345 17.013537299819298 3.0261364299803963 3.2421707697212687 5.6099083237349978 62.802626935765147 0.98283681087195862 2.3804062772542265 14.424937173724173 2.5393096990883341 5.8603694504126924 2.8351853117346764 0.70318377763032902 11.713108850643037 4.1294059613719574 5.2300296835601321 1.7679967340081919 1.1721655558794726 0.48833553120493789 0.40741530060768383 6.9068036992102888 0.52389852143824001 5.8626922499388456 16.758211990818381 1.8602571999654163
leaf_count=1648 71 7 10 11 20 34 237 44 18 69 893 32 21 228 16 115 27 8 140 38 45 21 33 4 16 120 22 375 700 41
internal_value=0.00138818 0.00708076 0.00868768 -0.00305192 -0.0212062 0.0126255 0.0229187 0.00812568 -0.0169661 0.0113322 0.00723868 0.00988916 0.0137768 0.000954385 -0.0100007 -0.0243863 0.0146464 0.0109245 0.0303321 0.0066704 -0.0307395 -0.0354381 0.0588864 -0.0360079 -0.0376299 0.0410893 0.0382757 -0.038407 0.0384995 -0.0381463
internal_weight=215.551 186.692 179.98 45.2067 18.8138 134.774 40.9959 93.7777 10.626 83.1518 68.4125 26.3929 24.695 16.8053 14.5827 9.20825 5.3745 23.0183 14.7392 21.1429 8.4722 28.8588 1.87535 6.71205 27.0908 7.88964 17.9776 6.35103 17.4537 26.6834
internal_count=5064 3338 2952 661 249 2291 1048 1243 97 1146 962 412 401 249 229 186 43 316 184 275 63 1726 41 386 1705 152 732 379 710 1689
is_linear=0
shrinkage=0.05


Tree=215
num_leaves=31
num_cat=0
split_feature=39 19 0 38 38 25 37 20 37 18 38 16 38 32 25 40 37 15 25 22 14 13 6 22 36 40 47 0 21 4
split_gain=12.2149 2.34214 1.6854 2.072 4.02455 3.56093 2.87099 3.2642 5.63327 2.62418 3.82796 2.30475 1.65233 1.46509 1.14677 1.0523 0.0875365 0.0274047 0.00533135 0.00467619 0.000535831 0.000530167 0.00046982 0.00021545 1.01608e-05 7.28017e-06 6.86843e-06 3.91683e-06 3.91415e-06 3.68021e-06
threshold=0.6954590335867854 0.34385128038555252 1.1183392864000548 0.65330867640023682 0.4682511420821408 -1.4963929276914476 0.79451342137174297 0.82647430278132339 1.9614217879311473 0.67152812071526302 0.18310683194691427 -0.1499069254585769 0.6158163038929606 0.78159097753064488 -0.56095716466654488 1.7005119497969188 0.029035792242654176 -0.36935836938549355 -1.5783044421606205 -0.77521794542066724 -0.69800205985599117 0.6064039477469737 -0.72522875353864424 -0.87428616522526792 -3.447754560400575 0.65331842859304257 -0.87742528834183253 1.1453859799894344 0.410856458939027 -1.2565290392760424
decision_type=2 2 2 2 2 2 2 2 2 2 2 2 2 2 2 2 2 2 2 2 2 2 2 2 2 2 2 2 2 2
left_child=24 2 3 4 9 -6 18 11 -9 10 -2 -8 -7 -11 16 17 -3 -16 -5 21 -19 23 -20 -18 -1 29 -4 -28 -27 -26
right_child=1 14 26 6 5 12 7 8 -10 13 -12 -13 -14 -15 15 -17 19 20 22 -21 -22 -23 -24 -25 25 28 27 -29 -30 -31
leaf_value=-0.037977569262417209 0.0056970980784879777 0.024603648449564613 -0.038046921404781754 -0.043995427903250887 0.046755231455955844 -0.044948340066853963 0.038566193512825669 -0.028564496151572135 0.034485903404703727 -0.05316569749547017 0.052444329750697349 0.0013178574815662816 -0.0015958933909793695 0.0010903726605729328 -0.021464048480253555 0.039732828967226852 0.038700888413097101 -0.040579656164491128 -0.040198004192977706 0.042723547103645856 -0.03791290693267356 0.039748727921296204 -0.038008861713401301 0.039560671454449546 -0.037607915596491598 -0.037907600595847066 -0.037991472215839948 -0.03777180319220589 -0.037719200107410401 -0.037664670137526148
leaf_weight=0.25585633283480902 16.428806227631874 1.1059850831516076 0.34430469898507032 1.0444606468081477 1.5906443446874607 8.1241578585468215 18.803628910332918 7.7703574197366816 6.5111481035128236 2.1334030823782077 5.9707554783672085 5.3300663940608528 3.0130608528852454 2.9853898091241717 0.31128863897174586 0.8174937181174754 4.4313222132623169 0.27844785153865803 0.41501357406377792 1.0195505917072303 0.58225207123905331 2.31812858954072 0.59859021380543598 0.87201785296201695 4.01626764866523 0.35432383744045992 0.23539850302040477 1.4710175341460852 1.2421561861410735 9.8902513931971061
leaf_count=23 342 27 24 7 10 149 137 99 40 32 45 45 33 30 12 14 113 3 6 9 54 34 44 14 1086 28 17 181 193 2213
internal_value=0.0030883 0.00988386 0.00691986 0.00805709 2.3732e-05 -0.023225 0.0160454 0.0191277 0.000181107 0.0107768 0.0181579 0.0303397 -0.0332198 -0.0215224 0.0307871 -0.0038072 0.0378482 -0.0341776 -0.0414885 0.0395434 -0.0387756 0.039118 -0.0389052 0.0388423 -0.037665 -0.0376599 -0.0378432 -0.0378021 -0.037761 -0.0376483
internal_weight=110.266 94.5067 82.7702 80.7195 40.2462 12.7279 40.4733 38.4152 14.2815 27.5184 22.3996 24.1337 11.1372 5.11879 11.7365 1.98948 9.747 1.17199 2.05806 8.64102 0.8607 7.62147 1.0136 5.30334 15.7589 15.503 2.05072 1.70642 1.59648 13.9065
internal_count=5064 1521 1241 1019 641 192 378 321 139 449 387 182 182 62 280 83 197 69 57 170 57 161 50 127 3543 3520 222 198 221 3299
is_linear=0
shrinkage=0.05


Tree=216
num_leaves=31
num_cat=0
split_feature=38 38 39 42 31 19 38 7 34 6 25 22 12 40 19 19 32 6 19 19 42 7 34 26 22 1 25 0 2 21
split_gain=34.6651 2.84012 2.00097 1.41467 0.865217 0.796089 0.546945 1.08167 0.532658 0.0215003 0.00132466 0.000512189 0.000463939 0.000108785 9.71022e-05 6.88525e-05 5.89391e-05 5.547e-05 5.38451e-05 5.76621e-05 4.28523e-05 4.05517e-05 3.81863e-05 2.62128e-05 2.61646e-05 3.7716e-05 2.36434e-05 2.03533e-05 1.96772e-05 1.42918e-05
threshold=-1.184785962692849 -1.2194896795209071 0.13432753749975621 -0.45720040749265523 -0.36717489744619808 -0.41324989986472599 -1.0531595510033329 0.66035581646957664 0.31260912773749516 -0.028713569646292934 0.26782533445907325 -0.20861791131079027 -1.2494284018174742 0.52561190161696003 2.7762738079660569 -0.53027378330477248 -0.79147852458970791 -0.19482053267479305 -0.28474883673103352 0.49915869904091809 -0.24400495449646828 0.97954151091350983 0.83970249177801881 1.0689470386012332 0.13399498508921576 1.0673779686070748 -0.18621566815575122 0.6680564205988474 -1.2134731084499017 0.74689109995634972
decision_type=2 2 2 2 2 2 2 2 2 2 2 2 2 2 2 2 2 2 2 2 2 2 2 2 2 2 2 2 2 2
left_child=1 8 3 5 -5 10 7 -2 9 12 15 -9 17 14 21 -3 -15 26 27 23 -16 29 -13 -20 -23 -26 -1 -18 -24 -8
right_child=6 2 -4 4 -6 -7 13 11 -10 -11 -12 22 -14 16 20 -17 18 -19 19 -21 -22 24 28 -25 25 -27 -28 -29 -30 -31
leaf_value=0.038438672161198104 0.024962621393744513 0.038384800050251529 -0.04383389105366186 0.024047179321309783 -0.015276866507644711 0.0024962493261283629 -0.037825745680347363 -0.040275386097143151 0.0080124797539329329 0.048979249112053896 0.040507291529828647 -0.038763923210797815 0.039255803459778159 -0.038804578195439102 -0.038705455528541509 0.038945848169616548 -0.037992198678591958 0.038727947869620749 -0.038154986905502113 -0.037831717855064888 -0.038010335051989162 -0.037768237428172619 -0.038460453145295934 -0.037932334404619385 -0.038175620301749535 -0.037804653000209923 0.038169777701692345 -0.037851267551888966 -0.037979122460083024 -0.037716000860294967
leaf_weight=0.8501802776008941 1.0511175664141768 4.407347682863473 1.5713774245232333 2.1010926105082035 4.1846701856702557 2.0259157121181488 11.105638141278183 0.49421030655503262 1.5282510761171568 0.47540210187435405 0.93124838732182968 0.43930395320057847 1.0726763233542431 0.2348605757579233 0.45842540357261896 0.62429885379970063 5.2274358873255586 0.47192260436713951 9.2074931771494395 2.0175947686657318 0.42938206298276682 1.1431478364393104 0.37944709602743376 1.5434962324798096 2.0038284426555042 1.0411680322140453 21.26560509391129 5.0241898205131292 0.48211632575839769 4.0479025868698946
leaf_count=27 16 154 12 25 34 16 1149 8 32 5 14 12 22 6 14 14 340 13 490 189 34 130 13 117 117 110 930 444 35 542
internal_value=-0.00682188 0.0263619 0.00971767 0.0156127 -0.00213233 0.0295749 -0.0365529 -0.0153184 0.0366388 0.0384513 0.038775 -0.0389051 0.0382398 -0.0379428 -0.037858 0.0384544 -0.0380165 0.0381916 -0.0380085 -0.038077 -0.0383693 -0.0378345 -0.0383845 -0.038123 -0.0379722 -0.0380488 0.0381801 -0.0379231 -0.0381911 -0.0377964
internal_weight=87.8407 41.51 15.846 14.2746 6.28576 7.98881 46.3308 2.8462 25.664 24.1358 5.96289 1.79508 23.6604 43.4846 20.2295 5.03165 23.2551 22.5877 23.0202 12.7686 0.887807 19.3417 1.30087 10.751 4.18814 3.045 22.1158 10.2516 0.861563 15.1535
internal_count=5064 1298 269 257 59 198 3766 84 1029 997 182 68 992 3682 2096 168 1586 970 1580 796 48 2048 60 607 357 227 957 784 48 1691
is_linear=0
shrinkage=0.05


Tree=217
num_leaves=31
num_cat=0
split_feature=1 16 39 0 18 0 38 32 5 40 38 16 17 9 25 40 26 1 39 9 6 6 9 0 21 30 29 14 38 39
split_gain=13.748 5.36457 4.10455 4.75112 3.6243 3.27176 3.54352 1.99641 2.30647 1.83632 2.60974 1.20278 0.950153 0.778163 0.469927 0.12662 0.0351464 0.0258112 0.00710494 0.00468212 0.00101817 0.000233135 0.000185362 0.00012775 7.77084e-05 3.01035e-05 7.4861e-05 2.45141e-05 1.80011e-05 1.70304e-05
threshold=0.90654859328389648 -0.65385366025028502 0.55232073140037263 1.8346308418990052 -0.77185682698006441 -1.2888164430547155 0.85651911639069167 0.62425483694002148 0.93638467285726856 0.2957401530600115 0.73702949670526363 1.2461055564105574 0.17946620725695758 0.72975737949138286 0.51500634504727472 0.27019884766479502 1.3842188960620432 0.53542482458374774 -0.80883442070538247 -0.31469969627336486 0.45779924592292492 -0.11157629028658743 1.4831829210445204 -0.26223095231057719 0.21523205219837696 0.38560809033489146 -0.37279894379635931 -0.76913446679810915 -1.2313647633937734 0.31420645811854869
decision_type=2 2 2 2 2 2 2 2 2 2 2 2 2 2 2 2 2 2 2 2 2 2 2 2 2 2 2 2 2 2
left_child=1 24 5 4 -4 17 9 15 -9 10 -7 14 -11 18 -6 19 -10 21 -8 -2 -21 28 23 -22 -1 26 -26 -27 -3 -24
right_child=7 2 3 -5 11 6 13 8 16 12 -12 -13 -14 -15 -16 -17 -18 -19 -20 20 22 -23 29 -25 25 27 -28 -29 -30 -31
leaf_value=-0.037760929084455927 0.041572768735449878 -0.037748049990518402 0.037911090335413858 0.040962657767962547 -0.038907002769889974 -0.0022052909682105048 -0.044703752458121832 -0.061178233479622771 0.024100722032181481 0.016572957930905685 0.036768192660871377 0.002984219728274915 0.042623790234346169 0.050700156938131194 -0.002981269377540543 0.01679897018245732 0.03913390953919188 -0.050330673934526851 -0.038133095244632285 0.040066602157407788 0.038422960722537834 -0.038960149506130554 0.038225376575905676 0.038969844477617574 -0.037996464633275419 -0.038079785424634159 -0.038876921829164336 -0.0378649097871624 -0.038085770382099302 0.038518988760215603
leaf_weight=6.7710261102765781 1.2371352333575547 2.605986575596035 1.9446010366082251 2.8400256782770148 18.680829384829856 25.466108516324315 0.45835525356233109 1.1525456346571439 0.73265171237289883 10.268776003737001 5.1668446394614866 2.0621665120124808 5.3101959601044646 0.25676181912422169 0.95687156543135543 0.68822932802140613 0.82839153148233891 0.47828972339630116 4.0175433438271275 0.88073050044477597 3.539131436496973 0.50329174660146181 13.744539882987734 1.5292683653533483 0.95756715023890138 2.1896987268701191 0.32281070575118043 3.370353349950165 0.46497194608673442 0.51228248886764127
leaf_count=816 15 318 21 30 1106 582 4 15 21 180 84 19 46 1 9 24 21 2 412 14 122 13 560 38 68 140 13 323 31 16
internal_value=-0.000171917 -0.00882469 -0.00397085 -0.0201422 -0.0274818 0.00381667 0.00725624 0.0329463 -0.00753064 0.0114763 0.00436835 -0.0333419 0.0254526 -0.03395 -0.0371565 0.0379093 0.0320783 -0.0394224 -0.038806 0.0385868 0.038404 -0.0379627 0.0383283 0.038588 -0.037881 -0.0379999 -0.0382184 -0.0379495 -0.0377992 0.0382359
internal_weight=119.938 95.0931 81.4816 26.4845 23.6445 54.9971 50.9446 24.8449 2.71359 46.2119 30.633 21.6999 15.579 4.73266 19.6377 22.1313 1.56104 4.05254 4.4759 21.4431 20.206 3.57425 19.3252 5.0684 13.6115 6.84043 1.28038 5.56005 3.07096 14.2568
internal_count=5064 4218 2858 1185 1155 1673 1309 846 57 892 666 1134 226 417 1115 789 42 364 416 765 750 362 736 160 1360 544 81 463 349 576
is_linear=0
shrinkage=0.05


Tree=218
num_leaves=31
num_cat=0
split_feature=18 42 25 20 25 19 38 40 19 37 38 38 5 24 0 38 38 40 9 19 11 14 37 26 18 27 2 14 39 39
split_gain=16.7113 4.684 3.02074 3.50733 3.51641 2.68105 2.76022 2.28014 2.95383 2.72298 3.12544 2.47751 5.5761 2.15967 1.96644 1.78813 1.60799 1.11979 0.939911 0.853317 0.812951 0.691699 0.475732 0.32332 0.186953 0.0126976 0.0116626 0.00345587 0.00282573 0.00195323
threshold=-0.72937315546853265 1.3928293566102685 -0.8497517383995673 1.0926163784686167 -1.2098622607919063 0.18593101696159134 0.73702949670526363 0.37236406924566101 0.40771563617471351 -0.27958810189991695 -0.13482929747288996 0.6986189845473435 0.63965599428741371 -0.96301181070778508 3.8467859583836073 0.96284123809051769 0.73702949670526363 1.3173923688686717 -0.20125605880118921 2.7762738079660569 0.16261485835232112 -1.0000000180025095e-35 -0.36772001006690319 0.66368208755536551 -0.74965815177584061 0.60013503092708487 1.0602006674234012 0.89771868250542719 -0.71406211120574081 0.59561912912395865
decision_type=2 2 2 2 2 2 2 2 2 2 2 2 2 2 2 2 2 2 2 2 2 2 2 2 2 2 2 2 2 2
left_child=19 2 3 4 5 6 -2 8 25 10 -9 13 -13 -11 26 16 -10 20 -12 24 -6 -3 -17 -7 29 28 -5 -23 -4 -1
right_child=1 21 7 14 17 23 -8 9 15 11 18 12 -14 -15 -16 22 -18 -19 -20 -21 -22 27 -24 -25 -26 -27 -28 -29 -30 -31
leaf_value=-0.037991459593333561 0.018891012890338295 0.0083861877086815941 0.041637877968180949 0.045391870322524251 0.0046602531847021811 -0.040302051734514552 -0.018121171709180442 0.040362083233110989 0.013275259421286427 -0.039540012731966633 -0.054819972288718669 -0.036020592130602345 0.011333001181829731 0.021877789965004876 -0.03946131389095478 0.089813424066707767 -0.021719380623868703 -0.057450018159540331 -0.018447379642699119 -0.001349302810581762 -0.038458194528339262 -0.041741296341399656 0.037311119926856054 -0.0041939288815623747 -0.00359825189100451 0.030316015874524344 0.03870970818065473 -0.037991337270673962 0.038309146333374407 -0.039711495135776917
leaf_weight=23.169249553233392 15.053973861970013 0.90270607918500889 0.66458860039711432 0.7435208261013021 1.8521676361560802 4.034322388470172 7.5704360138624898 1.9671815577894438 16.683882318437107 1.4850903432816256 2.575281247496604 7.7152946591377249 32.007626364007592 39.537945287302136 0.90478684008121479 0.7211945243179797 4.0866867862641802 3.862963292747736 5.723753271624445 1.737414777278899 2.6675012931227684 0.68954194337129493 1.0740052592009295 0.73252738267183293 0.39858589693904178 0.49499385990202327 5.3623302606865764 5.6371802287176251 15.669089762493968 1.7771086692810047
leaf_count=1648 139 16 10 4 32 120 65 32 231 32 10 66 510 537 15 9 37 36 55 21 26 7 32 13 16 22 197 385 700 41
internal_value=0.00137626 0.00687373 0.00851971 -0.00300873 -0.00934612 -0.000674083 0.00650623 0.012302 0.0223513 0.00795223 -0.0163026 0.011036 0.00213562 0.0196544 0.0293297 0.0105278 0.00638993 -0.037683 -0.0297342 -0.0352474 -0.0207882 -0.0325581 0.0584031 -0.0347533 -0.0375712 0.0382055 0.0395234 -0.0384 0.0384446 -0.038114
internal_weight=207.503 180.421 173.191 42.7845 35.7739 27.3913 22.6244 130.407 39.3944 91.0122 10.2662 80.746 39.7229 41.023 7.01064 22.5658 20.7706 8.38263 8.29903 27.0824 4.51967 7.22943 1.7952 4.76685 25.3449 16.8287 6.10585 6.32672 16.3337 24.9464
internal_count=5064 3338 2930 647 431 337 204 2283 1041 1242 97 1145 576 569 216 309 268 94 65 1726 58 408 41 133 1705 732 201 392 710 1689
is_linear=0
shrinkage=0.05


Tree=219
num_leaves=31
num_cat=0
split_feature=39 19 0 38 20 37 24 18 37 39 25 25 3 0 25 38 40 37 15 22 21 14 22 36 40 47 21 0 4 42
split_gain=11.4119 2.19648 1.60085 2.0077 3.31056 4.63927 3.23292 2.9389 2.82509 2.52576 2.30133 2.70428 1.68426 1.908 1.08331 0.997888 0.993329 0.0925903 0.0303391 0.00368527 0.000478978 0.000470372 0.00017249 8.85099e-06 6.51195e-06 6.3675e-06 3.60497e-06 3.32335e-06 3.27683e-06 4.2248e-06
threshold=0.6954590335867854 0.34385128038555252 1.1183392864000548 0.71616911438075903 0.82647430278132339 1.9614217879311473 -0.34601636624829424 0.66505105367954787 1.3682718048462281 1.1444250533633491 -1.4963929276914476 -1.3315527694120151 1.1062942665652888 0.77891814267399628 -0.56095716466654488 0.75594019017965419 1.7005119497969188 0.029035792242654176 -0.50544097913198005 -0.77521794542066724 0.69939503762174582 -0.69800205985599117 -0.87428616522526792 -3.447754560400575 0.65331842859304257 -0.87742528834183253 0.410856458939027 1.1453859799894344 -1.2565290392760424 1.0974947644107502
decision_type=2 2 2 2 2 2 2 2 2 2 2 2 2 2 2 2 2 2 2 2 2 2 2 2 2 2 2 2 2 2
left_child=23 2 3 7 6 9 15 10 -8 -6 -2 -12 13 -9 17 -5 18 -3 -16 20 22 -20 -19 -1 28 -4 -26 -27 -25 -30
right_child=1 14 25 4 5 -7 8 12 -10 -11 11 -13 -14 -15 16 -17 -18 19 21 -21 -22 -23 -24 24 26 27 -28 -29 29 -31
leaf_value=-0.037956263194485307 0.046459411327903474 0.023723786738084753 -0.038026723786425083 0.021299995801501263 0.0060525983331970925 0.032008878759710001 -0.030739312402042248 -0.040724054213942512 0.036760506007349293 -0.052608976428515634 -0.040642905496357531 0.0093490463146058862 0.02316461176188182 0.005919352385293012 -0.01985642788795261 0.054345577506734626 0.039634779386199553 0.038624899090036496 -0.040432138835589243 0.042322734197193422 0.039639122469319762 -0.037889359480103635 0.039418871635386474 -0.037600638237278258 -0.037893122842576725 -0.037965042380929487 -0.037708244017357041 -0.037757845157087251 -0.037677336256607005 -0.037602474625363501
leaf_weight=0.24238514015450974 3.6516877003014008 1.0624595056287933 0.33196800900623191 3.0337589839473393 3.2159137045964581 5.8489093687385321 3.2045861096121397 7.5402015321888012 3.0025076828896999 4.273134003393352 2.9973525097593621 27.74901450122708 1.9706778768450011 3.0913769342005253 0.2867521559819578 9.250294298399238 0.77672906592488278 4.1629008166491959 0.26702819019556034 0.96179077401757318 2.2148466147482395 0.57029581326059908 0.81856742501258839 3.7365186130627945 0.33953081769868632 0.22451243503019114 1.1801936149131504 1.402406391687691 6.6429918620269763 2.6310793624725193
leaf_count=23 25 27 24 26 66 37 51 97 21 33 27 506 12 54 10 64 14 113 3 9 34 56 14 1086 28 17 193 181 1464 749
internal_value=0.00313341 0.00968962 0.00682176 0.00793127 0.0176277 -0.00135879 0.031323 0.00136472 0.00191183 -0.0274188 0.00893251 0.00447551 -0.0192917 -0.0271614 0.0305224 0.0461844 -0.00384734 0.0376077 -0.0338932 0.0394159 0.0390274 -0.0387003 0.0387554 -0.0376566 -0.0376516 -0.0378272 -0.0377495 -0.0377864 -0.0376402 -0.0376561
internal_weight=106.682 91.9097 80.7883 78.8294 31.8291 13.338 18.4911 47.0003 6.20709 7.48905 34.3981 30.7464 12.6023 10.6316 11.1214 12.2841 1.90081 9.22057 1.12408 8.15811 7.19631 0.837324 4.98147 14.7727 14.5303 1.95889 1.51972 1.62692 13.0106 9.27407
internal_count=5064 1521 1241 1019 298 136 162 721 72 99 558 533 163 151 280 90 83 197 69 170 161 59 127 3543 3520 222 221 198 3299 2213
is_linear=0
shrinkage=0.05


Tree=220
num_leaves=31
num_cat=0
split_feature=20 38 25 7 9 37 5 1 21 25 25 9 26 40 36 1 19 1 1 39 0 9 19 6 19 40 38 22 0 14
split_gain=31.0436 4.42068 2.38275 1.99065 1.64515 1.40532 1.3297 2.07375 0.741007 0.802427 0.637956 0.881531 0.534448 0.380993 0.187154 0.0967763 0.0811671 0.0585842 0.000524602 0.000274172 0.000150578 9.30936e-05 0.000130978 5.64844e-05 4.91662e-05 3.42527e-05 2.69058e-05 2.77431e-05 1.89316e-05 1.33741e-05
threshold=-1.0603712108618153 -1.2194896795209071 0.11290132724361722 -0.69464753736005147 -0.4263759322181922 -0.85061813695108424 -1.2085057952819418 0.24712114971514343 -1.1191104490144019 -0.055622987220023491 -0.18621566815575122 -0.29589562517970069 -1.2140356512933832 -0.75145336814386476 0.010564218616445225 -0.21286348584518863 -0.51810334135511604 0.39261458200416638 0.16598111626396903 0.40100575111340181 -1.1919238923938615 1.2589373296550754 -0.27854517878572921 -0.18721467293794422 4.0772924754326292 0.50007059622174355 1.0401681091538613 -0.95201910828346503 0.6680564205988474 -0.69059460825419638
decision_type=2 2 2 2 2 2 2 2 2 2 2 2 2 2 2 2 2 2 2 2 2 2 2 2 2 2 2 2 2 2
left_child=1 10 4 14 -3 6 7 -5 13 -10 11 -1 -8 16 -4 -11 -6 18 19 23 -2 22 25 -12 26 29 27 -24 -27 -22
right_child=20 2 3 5 8 -7 12 -9 9 15 17 -13 -14 -15 -16 -17 -18 -19 -20 -21 21 -23 24 -25 -26 28 -28 -29 -30 -31
leaf_value=0.038670263576616626 -0.039261451681014137 -0.032135133890819116 0.040819525945769666 0.039549584186296553 0.044695055043282396 0.027642559112985788 -0.072325804426959017 -0.034795967857185695 -0.027311907959012983 0.038990838511545063 0.03812807917237708 -0.039926425576718286 -0.033304725281473747 0.069750317764057865 0.010690296249618505 0.016883761436517479 0.025967362622974062 0.050564461191366906 0.039735689542223368 0.039387801916387792 -0.038073301307075397 -0.037724854433915371 -0.037844303430212264 0.038629398559009848 -0.038552713337692009 -0.037969867824181255 -0.037856667801937728 -0.038065115937878605 -0.037831577926580644 -0.037730263502270052
leaf_weight=0.82250089198350906 0.2109420420601954 1.0612779073417185 1.5856877081096183 1.4163728859275568 1.4413111973553898 1.2907631732523404 1.6308313794434073 2.7769403588026762 0.78421635832637537 1.4687856361269953 20.436107445508256 0.63002152740955597 1.8996299938298769 1.4314029170200222 0.76364013087004412 0.74672834947705613 0.96655419375747476 1.0027917027473439 0.54727726243436237 0.45101629011332889 0.29939999058842648 5.2167637469246975 1.5640888810157836 0.57776002213358779 0.45071536162868042 4.9115623282268626 2.1271155211143187 15.711813162546607 4.9883631146512926 5.5717841372825196
leaf_count=23 6 17 35 30 31 28 7 37 17 41 956 18 38 12 21 15 19 4 10 9 25 675 154 16 17 338 201 1054 470 738
internal_value=-0.0067023 0.0226114 0.00469559 -0.00996638 0.0257856 -0.0206497 -0.0287201 -0.00968432 0.0347737 0.0161542 0.0367172 0.00457949 -0.0513298 0.0493217 0.0310261 0.0315398 0.0371775 0.0387454 0.038207 0.038168 -0.037929 -0.0379221 -0.037951 0.0381419 -0.0380365 -0.0378434 -0.0380245 -0.0380451 -0.0379002 -0.0377478
internal_weight=84.7842 43.7316 19.2641 11.3639 7.90028 9.01454 7.72377 4.19331 6.839 2.99973 24.4675 1.45252 3.53046 3.83927 2.34933 2.21551 2.40787 23.015 22.0122 21.4649 41.0525 40.8416 35.6248 21.0139 19.8537 15.7711 19.403 17.2759 9.89993 5.87118
internal_count=5062 1384 348 196 152 140 112 67 135 73 1036 41 45 62 56 56 50 995 991 981 3678 3672 2997 972 1426 1571 1409 1208 808 763
is_linear=0
shrinkage=0.05


Tree=221
num_leaves=31
num_cat=0
split_feature=22 42 25 38 39 13 13 15 23 23 20 31 37 29 29 22 22 47 22 1 2 11 7 22 9 1 34 9 36 3
split_gain=13.8757 7.1037 2.71873 3.22992 2.77894 2.52009 1.99971 2.34882 2.2271 2.18168 2.46654 1.59981 2.54455 1.49779 1.48373 0.739404 2.55295 1.4756 0.62677 0.609651 0.552078 0.419245 0.880248 0.365699 0.0421857 0.0248453 0.00382486 0.00315318 0.000334282 0.000332425
threshold=-0.4195007186689606 1.2420620919108645 0.051979306459481796 -1.2194896795209071 0.35597152236780749 0.75170059260715283 -1.225997706348577 0.31581845190976848 -0.6912017734249517 0.11258810459700903 -0.099351081822670981 1.417070077738398 -0.66011843958885252 2.4692061264507887 1.7951377394768595 -0.45077268242967294 -0.44978387037684969 -0.55886137463736374 -0.18131790895449598 0.21948656349101733 4.0111473770993857 -0.90480988891854508 -0.55498518404199049 -0.20861791131079027 -0.45397600551594125 0.39261458200416638 1.9768027827418473 -0.33521068106836388 0.95181547730143345 0.3547450970906208
decision_type=2 2 2 2 2 2 2 2 2 2 2 2 2 2 2 2 2 2 2 2 2 2 2 2 2 2 2 2 2 2
left_child=15 2 6 25 5 13 -2 8 -8 18 -11 12 -6 -5 -7 20 -17 -18 -9 -10 21 22 -1 -3 -25 28 -23 -26 -4 -29
right_child=1 23 3 4 11 14 7 9 19 10 -12 -13 -14 -15 -16 16 17 -19 -20 -21 -22 26 -24 24 27 -27 -28 29 -30 -31
leaf_value=-0.037811962101379881 -0.062712631252801757 -0.0054941783252043172 -0.037855102109814881 0.022223617158881791 0.039164243129424459 -0.062370188253548522 0.09879257860001886 0.020325743057035005 -0.037583599705672315 0.032822013854667237 -0.020182532465153238 -0.033139720386845366 -0.011357478446142016 0.067982100568714635 0.017472792583032009 0.12784366444312797 0.030137398073913919 -0.037841931310115262 0.064495927836150282 0.0015494446288882061 0.040085897853854219 -0.037877391747942808 0.039897523819566648 0.023929241625586725 0.041767400854935667 -0.048841929364823601 -0.043136139403987785 0.039511124052615941 -0.039918393024877839 0.038232985203654007
leaf_weight=1.0804441971704362 1.7364904605783547 0.49628724250942724 2.1487803254276514 26.930149825755514 3.6207966394722453 1.363038856070488 0.33700786018744366 1.6493138144724073 7.3304846617393178 3.0680086156353346 7.7118778941221526 3.758485594764351 7.9962283736094824 1.9155320823192585 1.0152681907638905 0.29914701916277397 1.0240865931846199 3.6204043277539304 1.5654261610470701 1.1516070608049629 0.24117932468652625 19.654206927400089 0.54988168552518502 0.51800656691194191 0.66998013108969345 0.68756172060966481 0.35196471214294334 0.52458245679735682 0.21604254934936751 16.822891833260655
leaf_count=146 30 7 233 357 26 81 7 45 446 33 262 18 180 12 15 19 36 402 7 25 3 1923 5 7 8 3 10 10 5 701
internal_value=0.000494147 0.00961132 0.00262165 0.00935149 0.0126153 0.0211835 -0.0109892 -0.00705223 -0.0272622 0.00568362 -0.00509718 -0.00478465 0.00438914 0.0252623 -0.0282863 -0.0311981 -0.013734 -0.0228528 0.0418345 -0.0322705 -0.0351445 -0.0359831 -0.0116019 0.0368631 0.0379972 -0.040476 -0.0379699 0.0384016 -0.0380436 0.0382716
internal_weight=120.055 93.2338 74.2021 49.6519 46.5995 31.224 24.5502 22.8137 8.8191 13.9946 10.7799 15.3755 11.617 28.8457 2.37831 26.8213 4.94364 4.64449 3.21474 8.48209 21.8777 21.6365 1.63033 19.0317 18.5355 3.05238 20.0062 18.0175 2.36482 17.3475
internal_count=5062 2518 1785 930 689 465 855 825 478 347 295 224 206 369 96 2544 457 438 52 471 2087 2084 151 733 726 241 1933 719 238 711
is_linear=0
shrinkage=0.05


Tree=222
num_leaves=31
num_cat=0
split_feature=10 1 25 30 25 40 35 24 25 25 40 38 10 37 41 2 32 7 16 27 23 37 32 14 37 39 41 14 39 41
split_gain=14.5983 5.14875 2.94518 4.22286 2.93459 3.03942 3.13463 3.00458 2.59787 3.76353 2.69544 2.2096 4.91276 2.14078 2.04074 1.5039 2.05786 1.95992 1.34353 1.33925 1.18608 1.15346 1.01531 0.976363 0.757568 0.727536 0.219084 0.00265607 0.000983853 0.000317082
threshold=-0.79346654173819486 1.2641949932054872 -0.8497517383995673 0.82344150499436519 0.26002134966709262 0.67885973398825905 -1.4479990894131483 1.4390128466240413 -1.2098622607919063 -1.4076012423358437 0.21911623687436199 0.11112126474082475 0.28756480342815344 1.9614217879311473 1.1037756821596199 0.28535618818516406 0.2217195162081663 0.97954151091350983 -0.72046582907472823 -1.8108753804257198 1.3253360791863948 0.31629804722557792 1.6298633793049528 0.11523212543097332 0.48223869996931595 1.3355826804088917 -0.35199030905774858 0.80900832058709715 0.80857471943477044 -1.2472061452249008
decision_type=2 2 2 2 2 2 2 2 2 2 2 2 2 2 2 2 2 2 2 2 2 2 2 2 2 2 2 2 2 2
left_child=28 2 3 8 5 6 -4 -8 9 21 -11 18 -13 19 -15 17 -17 26 -7 -5 -18 -2 -16 -3 -10 -21 -6 -25 29 -1
right_child=1 23 4 13 15 11 7 -9 24 10 -12 12 -14 14 22 16 20 -19 -20 25 -22 -23 -24 27 -26 -27 -28 -29 -30 -31
leaf_value=-0.03784938856473731 0.01993395230087323 0.023637435083224381 -0.040976087371283866 -0.021389459936100357 -0.017420549711162771 0.0040454722628409769 0.035869794084767002 0.0055553039947915227 -0.018786200450979958 -0.035952225330877746 0.030398039632324944 -0.040080117022319783 0.0085385895769072555 -0.054404655313093776 0.039173555105696131 0.050784633045394816 0.0040697510086050411 0.013491639744587986 0.043807163359530873 0.035237878136810057 -0.032862654004180168 -0.034371859671280806 -0.028747723408137412 -0.041436233235952684 -0.051961763578980538 0.086673339047501741 -0.042901527929273403 -0.03796225197141883 -0.039444122621214904 -0.038249735101057065
leaf_weight=12.780142356641594 1.1033480186015392 0.69492997974157145 1.7526081660762418 0.98880014196038146 1.0237701721489427 3.2826891075819731 29.007397436536849 11.380657860077916 2.5864620124921229 1.9386478699743728 7.2737104780972004 5.8037637136876574 49.606804311275482 1.6218911111354817 1.720171017572284 2.0391583703458336 11.441232794895766 2.6456905230879784 6.0215905215591174 6.6419896157458416 2.6838476210832587 8.5932548334822041 0.80896409600973118 0.59606768377125252 5.1412911992520094 0.76687170565128315 4.7924018651247042 7.1510458253324032 1.2580902231857169 8.0681782765313983
leaf_count=1092 27 8 16 10 32 43 995 170 35 21 72 64 629 13 48 14 114 26 87 219 28 145 14 7 39 3 84 518 35 454
internal_value=0.000248314 0.00497973 0.00686517 -0.00516638 0.0104509 0.0140369 0.024487 0.0273277 -0.0164324 -0.00645008 0.0164353 0.00723212 0.00344621 0.0187476 -0.0106261 -0.00510916 0.00383083 -0.0221868 0.0297786 0.0332672 -0.00294762 -0.0281926 0.0174484 -0.0331368 -0.040858 0.0405618 -0.0384163 -0.0382295 -0.0380863 -0.0380043
internal_weight=201.215 179.109 170.667 39.1854 131.482 106.856 42.1407 40.3881 26.6367 18.909 9.21236 64.7148 55.4106 12.5487 4.15103 24.6261 16.1642 8.46186 9.30428 8.39766 14.1251 9.6966 2.52914 8.44204 7.72775 7.40886 5.81617 7.74711 22.1064 20.8483
internal_count=5062 3481 2948 646 2302 2004 1181 1165 339 265 93 823 693 307 75 298 156 142 130 232 142 172 62 533 74 222 116 525 1581 1546
is_linear=0
shrinkage=0.05


Tree=223
num_leaves=31
num_cat=0
split_feature=39 25 20 25 25 38 4 38 38 20 25 24 24 38 5 39 39 25 17 8 40 39 17 6 25 22 0 10 0 39
split_gain=12.1385 1.96876 2.99903 2.18022 3.67427 2.13325 3.45473 3.05607 5.51485 3.45694 4.51803 2.43277 2.40805 2.0586 1.58363 1.57651 1.42134 0.728589 0.566763 0.355749 0.341085 0.310381 0.0946102 0.0321927 0.0177521 0.0105119 0.0100264 0.00147173 0.000118306 1.41583e-05
threshold=0.72205518782103739 -0.8497517383995673 1.0926163784686167 -1.2098622607919063 -1.4076012423358437 0.1608230905902954 -0.3258419092993638 0.4682511420821408 0.644125821483026 0.81367621389581413 -0.66910639233758828 -0.96301181070778508 -0.33230784429123367 0.69155410964156794 -1.0000000180025095e-35 1.6332864515660972 1.1444250533633491 -1.9271320796833082 -0.48169333595070568 -0.5777434470457482 1.240768452683022 1.1730728060619782 -0.96387960031944597 -1.0643699961557973 -0.7270010274939559 -0.65578360094895605 1.001236019650434 1.020940250712137 1.1275529952052283 0.6954590335867854
decision_type=2 2 2 2 2 2 2 2 2 2 2 2 2 2 2 2 2 2 2 2 2 2 2 2 2 2 2 2 2 2
left_child=29 2 3 4 15 6 16 18 23 12 -11 -8 -10 14 -6 17 -3 -2 -7 -18 -5 -22 -13 -9 -25 -24 -4 -28 -29 -1
right_child=1 5 26 20 13 7 11 8 9 10 -12 22 -14 -15 -16 -17 19 -19 -20 -21 21 -23 25 24 -26 -27 27 28 -30 -31
leaf_value=-0.037657449448972646 0.015759995295096512 -0.039019216781530419 -0.047770643374488268 0.031859277065324904 0.018941984724096424 0.05655785925938081 0.040756927039131835 -0.05141698907715906 0.040181138521776322 0.039246706333777248 -0.024182293153056075 -0.057943356656538651 -0.00085021444763591744 0.038509664368820751 -0.041171468354138555 -0.015664505896511853 0.050864995427308768 0.042993249710664677 0.02419540535775248 0.017293554240840028 0.064356322286713549 0.04161639236818257 -0.043502331026748671 -0.04368040149655638 -0.037168051906482931 -0.038941648488461371 -0.04235813400346003 -0.038880222916278857 -0.037834173510154757 -0.037938854982144964
leaf_weight=14.146351351868358 3.2505705161020169 0.72361133666709054 0.43111273646354575 3.0796164283528942 1.4619432687759397 3.6765253357589245 1.0046370066702364 0.85789811611175526 12.33909505326301 3.9844236248172811 9.504207425285129 0.86480876803398032 5.0348896251525757 1.5627434393391011 4.3720559556968501 1.6369694396853436 2.0967558175325394 10.046972402371466 2.1405501551926127 1.2653317307122054 2.833946704864502 3.1893101092427969 1.7848174814134834 2.3632898777723312 1.8780068971682329 4.3252878889907143 0.27073176205158223 0.45038127806037642 0.67599682812578976 0.46156056108884591
leaf_count=3552 62 30 2 39 18 27 11 5 119 43 228 3 70 16 60 16 26 113 35 32 11 34 16 31 98 225 2 14 79 45
internal_value=0.00451224 0.0115857 0.0211495 0.0247703 0.0163631 0.00567756 -0.0128421 0.0110258 0.00558699 0.0135458 -0.00544592 -0.031987 0.0282905 -0.0124556 -0.0261076 0.0306363 0.0245488 0.0363361 0.0446492 0.0382303 0.0453949 0.0523155 -0.0424647 -0.0425836 -0.0407968 -0.0402739 -0.0411049 -0.039048 -0.0382524 -0.0376663
internal_weight=101.714 87.1065 33.2624 31.4341 22.3313 53.8441 12.0653 41.7789 35.9618 30.8626 13.4886 7.97955 17.374 7.39674 5.834 14.9345 4.0857 13.2975 5.81708 3.36209 9.10287 6.02326 6.97491 5.09919 4.2413 6.11011 1.82822 1.39711 1.12638 14.6079
internal_count=5062 1465 466 369 285 999 343 656 594 460 271 255 189 94 78 191 88 175 62 58 84 45 244 134 129 241 97 95 93 3597
is_linear=0
shrinkage=0.05


Tree=224
num_leaves=31
num_cat=0
split_feature=20 38 39 39 2 36 1 36 25 14 13 35 1 1 39 2 9 19 6 37 1 40 41 40 40 41 14 37 6 40
split_gain=28.8229 4.21455 2.20282 2.86386 1.25515 1.57058 0.929017 0.771288 0.647413 0.897005 0.459069 1.94473 0.0459248 0.000420253 0.000219052 0.000113612 8.12792e-05 0.000113761 4.50705e-05 4.24564e-05 6.81426e-05 5.96025e-05 3.45592e-05 3.46011e-05 3.03167e-05 1.53577e-05 1.18903e-05 8.82785e-06 7.58318e-06 7.31429e-06
threshold=-1.0603712108618153 -1.2194896795209071 -1.3109826500800097 -0.41112171758448929 -1.2074489543288804 0.031252164982235674 -0.17174980679685692 1.6700671568957703 -0.18621566815575122 -0.46168781143995824 -1.225997706348577 0.25515406668438018 0.39261458200416638 0.16598111626396903 0.40100575111340181 -1.1645885791071888 1.0850902257024664 -0.27854517878572921 -0.18721467293794422 -0.65107736522906023 -1.0000000180025095e-35 -0.3427924818204009 0.2501701438222817 0.44898798543131052 0.52561190161696003 0.6680564205988474 -0.69059460825419638 -0.30595301610519138 0.17423630327225109 1.1386032311021561
decision_type=2 2 2 2 2 2 2 2 2 2 2 2 2 2 2 2 2 2 2 2 2 2 2 2 2 2 2 2 2 2
left_child=1 8 4 7 5 -3 -5 10 9 -1 -4 -12 13 14 18 -2 17 24 -10 20 21 -19 -21 -24 26 27 -17 -26 -22 -27
right_child=15 2 3 6 -6 -7 -8 -9 12 -11 11 -13 -14 -15 -16 16 -18 19 -20 22 28 -23 23 -25 25 29 -28 -29 -30 -31
leaf_value=0.038478761756673377 -0.039084651714927199 0.03498440957311736 0.054722506684040377 0.0052375276945782192 -0.060231764732541916 -0.031392944453760972 -0.042663322598034521 -0.010073252941786265 0.038082166515971051 -0.04194496509853643 0.041602518747339778 -0.034955654853651749 0.049372633853016386 0.03957237307494809 0.039248591112989763 -0.038051568988579983 -0.037712054272448517 -0.038723012362004372 0.038546444755236033 -0.037839549240886013 -0.03813566662319786 -0.038111030771270038 -0.037881386293456977 -0.038069271903093137 -0.038184403736130988 -0.037756090604355898 -0.037719172714784435 -0.037926875176080448 -0.037843372996029967 -0.037882545204160442
leaf_weight=0.80195382982492447 0.20379844447597761 1.4062591791152956 2.3333425801247349 1.953164425678551 1.5628318074159349 2.4329836098477244 2.1011360916309032 1.0231720618903644 18.987388631328955 0.61076242104172951 4.8421984538435927 1.0009747231379149 0.95508557558059592 0.51029779016971488 0.42033449560403724 0.28301149141042969 4.9591350369155398 0.76710064336657524 0.53752604871988197 3.4633703385479739 0.28934152983129269 0.82654752256348751 3.3646709774620822 9.0183519390411657 0.36148755345493544 2.3501297519542277 5.4506150544621086 4.1888057161122543 0.95196357043460011 2.2272420530207455
leaf_count=26 7 25 38 37 24 28 30 23 956 15 124 19 4 10 9 25 686 22 16 335 17 48 337 564 21 273 764 309 91 179
internal_value=-0.00687437 0.0220832 0.00445498 0.0154237 -0.0224568 -0.00707988 -0.019587 0.030853 0.0364927 0.00370901 0.0359743 0.0284876 0.0386559 0.0381555 0.0381193 -0.0379072 -0.037901 -0.0379289 0.0380949 -0.0380111 -0.0381893 -0.0384056 -0.0379792 -0.0380182 -0.0378257 -0.0378823 -0.0377356 -0.0379473 -0.0379115 -0.0378176
internal_weight=80.185 41.4794 18.6561 13.254 5.40207 3.83924 4.0543 9.19969 22.8233 1.41272 8.17652 5.84317 21.4106 20.4555 19.9452 38.7056 38.5018 33.5426 19.5249 18.6813 2.83495 1.59365 15.8464 12.383 14.8613 9.12767 5.73363 4.55029 1.24131 4.57737
internal_count=5062 1384 348 271 77 53 67 204 1036 41 181 143 995 991 981 3678 3671 2985 972 1414 178 70 1236 901 1571 782 789 330 108 452
is_linear=0
shrinkage=0.05


Tree=225
num_leaves=31
num_cat=0
split_feature=22 42 25 38 39 30 17 38 38 3 31 37 29 29 17 38 22 22 14 19 6 0 11 7 9 2 33 1 29 34
split_gain=12.8651 6.63284 2.4476 2.94184 2.57068 2.32278 1.86427 2.14547 2.48561 2.45414 1.45174 2.30156 1.43973 1.41722 1.24116 0.903362 0.746505 2.15869 1.38821 0.628083 0.94213 0.51647 0.394102 0.816488 0.3672 0.284389 0.230943 0.0193716 0.00602378 0.00304011
threshold=-0.4195007186689606 1.2420620919108645 0.051979306459481796 -1.2194896795209071 0.35597152236780749 0.77671968423540139 -0.26071375565678068 0.26483696430407672 0.11924129063536505 -0.53388574157318203 1.417070077738398 -0.66011843958885252 1.7951377394768595 2.4692061264507887 -1.2430316466746394 1.7885007993008559 -0.45077268242967294 -0.44978387037684969 -0.51022398921182666 -0.57926885867879274 -1.0000000180025095e-35 4.129141550800207 -0.90480988891854508 -0.55498518404199049 -0.45397600551594125 1.5859809385761385 -1.030167876896676 0.39261458200416638 -0.50746150853209471 1.9768027827418473
decision_type=2 2 2 2 2 2 2 2 2 2 2 2 2 2 2 2 2 2 2 2 2 2 2 2 2 2 2 2 2 2
left_child=16 2 6 27 5 13 7 8 9 -2 11 -6 -7 -5 -9 19 21 -18 -19 20 -8 22 23 -1 -3 -16 -21 -4 -26 -24
right_child=1 24 3 4 10 12 15 14 -10 -11 -12 -13 -14 -15 25 -17 17 18 -20 26 -22 -23 29 -25 28 -27 -28 -29 -30 -31
leaf_value=-0.037794467571815066 0.049588567930179378 0.001706109746077481 -0.038005090840057244 0.021374479631686025 0.037676337007346128 -0.063025381870117553 -0.038002688659154238 0.021923390704081294 0.051901161566326015 -0.020485475935735211 -0.031870031820075848 -0.01092724679288691 0.016555243794851637 0.066152682151486217 -0.038440916263975722 0.039333148073210256 0.10894313239898366 0.028792860027691287 -0.037817399037226002 -0.074353737098536501 0.053257498208603295 0.039910450840440148 -0.037857862049519908 0.0393893454957783 0.032099447850567758 0.012594587192983821 -0.037248872968875683 -0.047820878522443558 0.03833293679702577 -0.042681977927562433
leaf_weight=1.0067268656566737 1.6684908131137488 0.71884430013597267 2.1972225271165367 26.444021785166122 3.5255200676619998 1.2852958496659987 0.67788961203768849 1.180562323424964 3.0071242013946176 4.9752141605131346 3.7208419889211646 7.8794514322653404 1.0188586348667739 1.8935659956186999 4.482991217635572 0.44650937383994449 0.33650488965213288 1.0168959931470452 3.3890173709951332 0.45009269379079242 0.48524108529090859 0.22679347544908424 18.492863764986403 0.51942648366094246 0.39680606499314564 0.29066380206495512 6.1409300412051371 0.65172842144966114 16.64561427757144 0.33245404902845521
leaf_count=146 25 9 238 359 26 79 62 33 26 99 18 180 15 12 318 7 19 36 402 6 2 3 1923 5 9 4 273 3 715 10
internal_value=0.000487875 0.00932991 0.00261473 0.00904684 0.0121155 0.0204412 -0.010521 -0.00037782 0.0141844 -0.00288718 -0.00475051 0.00409716 -0.0278362 0.0243666 -0.0239809 -0.0298226 -0.0310044 -0.0131209 -0.0224436 -0.0338048 6.97242e-05 -0.0351258 -0.035962 -0.0115249 0.0367113 -0.0353334 -0.0397827 -0.0402506 0.0381878 -0.0379431
internal_weight=115.504 90.1835 72.4222 48.6165 45.7676 30.6417 23.8057 15.605 9.65083 6.6437 15.1258 11.405 2.30415 28.3376 5.95422 8.20066 25.3207 4.74242 4.40591 7.75415 1.16313 20.5783 20.3515 1.52615 17.7613 4.77366 6.59102 2.84895 17.0424 18.8253
internal_count=5062 2518 1785 930 689 465 855 505 150 124 224 206 94 371 355 350 2544 457 438 343 64 2087 2084 151 733 322 279 241 724 1933
is_linear=0
shrinkage=0.05


Tree=226
num_leaves=31
num_cat=0
split_feature=18 1 25 20 25 40 35 25 24 38 13 19 0 0 36 23 16 15 16 19 14 2 7 25 21 42 5 14 39 19
split_gain=13.5852 4.03538 2.72789 3.93415 2.56957 3.00895 3.17458 2.54391 2.23616 2.1212 4.89755 1.77966 1.81342 1.51542 1.40902 1.46377 1.87905 1.33715 1.32965 0.939 0.924238 0.850333 0.993492 0.747023 0.181462 0.120472 0.0147479 0.00207557 0.00128008 0.000607827
threshold=-0.74965815177584061 1.2641949932054872 -0.8497517383995673 1.0926163784686167 0.26002134966709262 0.62777712319782608 -1.4479990894131483 -0.97169074306317738 1.6505301884067314 0.11112126474082475 0.29976562975984727 0.12281862025543884 0.58661912341763911 3.8467859583836073 -0.01102030431761577 0.17782530240038033 1.6448689225438151 0.013787110045103773 -0.72046582907472823 2.7762738079660569 0.11523212543097332 0.31774836116376987 -0.84445404580976124 -1.3735643314616868 -0.2419175477721858 0.12624141113628984 1.0466916265139981 0.80900832058709715 0.80857471943477044 0.10216054946122187
decision_type=2 2 2 2 2 2 2 2 2 2 2 2 2 2 2 2 2 2 2 2 2 2 2 2 2 2 2 2 2 2
left_child=19 2 3 7 5 6 -4 11 -8 18 -11 12 -2 26 15 17 -17 -6 -7 28 -3 24 -23 -13 -16 -9 -5 -22 -1 -28
right_child=1 20 4 13 14 9 8 25 -10 10 -12 23 -14 -15 21 16 -18 -19 -20 -21 27 22 -24 -25 -26 -27 29 -29 -30 -31
leaf_value=-0.037970879529025087 -0.012604470742610081 0.02302711172939384 -0.042335827778807039 0.046142394759687011 0.0097449220023908822 0.0039728219952220823 0.035869191798619769 -0.037524345667577438 0.0071858185433050659 -0.039829471136384527 0.0086909331045808523 -0.037870409057563538 0.017700291669951608 -0.039484811864633512 -0.021418427280398313 -0.033254488868190504 0.015283858656518485 0.063020102265364336 0.043740963686993907 0.0021198297386142598 -0.041134958775735392 -0.039112596518816739 0.0048528396345500231 0.00087899520128969881 -0.044400248578344841 -0.053424847830105052 0.03831505586027642 -0.037940616658933266 -0.039528932075839705 0.039829545253092902
leaf_weight=20.476026628166444 10.756459692493086 0.68322261422872443 1.6621373090893019 0.73822085559368034 3.9216303220018771 3.2628415655344725 26.012510770000517 2.2735850773751762 9.197385495528577 5.8049053344875565 49.974422798492014 5.0996826812624931 9.1235720245167595 0.67972292378544796 1.2818895885720851 3.7686543446034175 4.2340923920273781 1.683364041149616 5.9071785379201156 1.5566427446901787 0.55848316475749005 1.7708164714276788 4.6830124277621508 1.6449826415628184 2.6032036766409856 2.5023985300213099 4.0947369216009974 5.6850463757291436 1.4090168979018916 0.79038186836987723
leaf_count=1630 95 8 14 4 62 45 979 29 132 61 669 138 118 11 36 46 37 12 91 19 7 19 47 34 27 15 189 436 35 17
internal_value=0.000285533 0.0051951 0.00677898 -0.00501756 0.0103154 0.0137814 0.025189 -0.0122537 0.0283766 0.00730518 0.00364146 -0.0062262 0.00130334 0.0310318 -0.00442166 0.0061502 -0.00757383 0.0257452 0.0295908 -0.0354023 -0.0321846 -0.018336 -0.0072105 -0.0284197 -0.0368174 -0.0458555 0.0395555 -0.0382264 -0.0380712 0.0385601
internal_weight=193.84 170.399 163.472 37.7037 125.768 101.821 36.872 31.4007 35.2099 64.9493 55.7793 26.6247 19.88 6.30306 23.9467 13.6077 8.00275 5.60499 9.17002 23.4417 6.92675 10.3389 6.45383 6.74467 3.88509 4.77598 5.62334 6.24353 21.885 4.88512
internal_count=5062 3378 2927 650 2277 1991 1125 429 1111 866 730 385 213 221 286 157 83 74 136 1684 451 129 66 172 63 44 210 443 1665 206
is_linear=0
shrinkage=0.05


Tree=227
num_leaves=31
num_cat=0
split_feature=39 19 31 25 37 4 16 37 26 3 38 4 38 23 18 24 21 19 35 22 14 36 32 20 37 42 22 22 40 13
split_gain=11.3129 1.77913 1.61602 2.42214 2.35436 3.05495 1.77174 2.35367 1.9874 2.34161 2.25285 1.74491 1.61671 1.12757 1.09314 1.00721 1.20228 0.95898 1.75806 0.693077 0.408971 0.200756 0.195855 0.184413 0.102374 0.0241653 0.00855043 0.00175452 0.000690696 0.000465623
threshold=0.72205518782103739 0.34385128038555252 -0.64252650909822717 -0.36679034297163265 1.5943690223963671 0.85853489794512605 -0.70851981211406645 0.79451342137174297 0.88748070186557426 0.27816841685040961 0.6158163038929606 0.77121845088550733 0.62681619225547436 0.60268699351152921 -0.74965815177584061 -0.56693862007097229 0.21523205219837696 -0.1485296830514872 -0.77076102340586516 -0.5818494260486996 -0.63216930146032746 -0.051348031818889646 1.0635700346930614 1.0792365582701298 -1.0000000180025095e-35 -0.55293727949576554 -0.67217241717151499 -0.81599614996939207 0.98535539873085698 0.6064039477469737
decision_type=2 2 2 2 2 2 2 2 2 2 2 2 2 2 2 2 2 2 2 2 2 2 2 2 2 2 2 2 2 2
left_child=-1 2 3 4 11 -6 15 13 10 -10 -9 12 -2 14 -8 17 -17 18 -4 22 -21 -15 24 -7 -3 -5 -27 29 -28 -26
right_child=1 19 6 25 5 23 7 8 9 -11 -12 -13 -14 21 -16 16 -18 -19 -20 20 -22 -23 -24 -25 27 26 28 -29 -30 -31
leaf_value=-0.037657931954502698 0.0097500299612425078 0.021606727978258411 0.068527750370444312 -0.031797697016233736 -0.037876234092447822 0.047168346904540311 0.023235675980237784 -0.0062864331776220752 -0.039973758998527363 0.023120053910473344 0.034779989889298993 -0.026482318393200161 0.045240820484578059 -0.00073622036189010826 -0.030815023932626268 0.039802038447829237 -0.035897596808480918 0.017073525752177836 0.014354272407448502 0.041486264096293198 -0.037810776792224284 0.026501527319280696 0.012096917938328046 0.017928485059496783 0.038579316267768671 -0.045716448212826499 -0.041125620874016694 0.041139318752640111 -0.039096119283766974 0.039520337894205032
leaf_weight=13.703274905681608 9.5849393350072294 0.93741651996969988 4.103383094072341 0.77267358102835748 5.5189899597316971 1.0598738938570025 1.1060630474239586 4.3867437867447796 2.9399612718261769 2.9422614448703825 13.990844415500758 2.1679418114945284 4.8235981762409201 1.167050662217662 6.0637410944327694 0.97576868720352594 1.1341788996942339 3.788895088247954 2.3583380938507617 0.23133330792188644 0.54724762844853003 1.6094248224981127 0.85727633535862047 1.0977455317042766 4.7046477328985903 0.9265796840190893 0.6516128152143198 0.95257242396473962 1.1755080870352683 1.8242712169885633
leaf_count=3597 113 18 22 24 34 5 14 72 170 46 118 32 27 16 254 15 26 32 53 2 61 24 12 37 138 5 16 12 37 30
internal_value=0.00448016 0.0113217 0.008652 -0.000892215 0.00473753 -0.0181545 0.0143456 0.00848291 0.0168809 -0.00841452 0.0249774 0.0153389 0.0216314 -0.0120006 -0.0224768 0.0305699 -0.00088946 0.0370453 0.048756 0.0310615 -0.0142499 0.0150525 0.0348647 0.0322918 0.037183 -0.0396115 -0.041804 0.0391347 -0.0398199 0.0388423
internal_weight=98.1042 84.4009 74.3461 27.7795 24.2531 7.67661 46.5667 34.2061 24.2598 5.88222 18.3776 16.5765 14.4085 9.94628 7.1698 12.3606 2.10995 10.2506 6.46172 10.0548 0.778581 2.77648 9.27618 2.15762 8.41891 3.52637 2.7537 7.48149 1.82712 6.52892
internal_count=5062 1465 1192 330 248 76 862 714 406 216 190 172 140 308 268 148 41 107 75 273 63 40 210 42 198 82 58 180 53 168
is_linear=0
shrinkage=0.05


Tree=228
num_leaves=31
num_cat=0
split_feature=20 38 39 39 2 36 42 36 25 47 13 35 1 42 39 0 9 13 22 40 6 40 36 24 22 16 17 27 40 0
split_gain=26.7992 4.00578 2.01029 2.69012 1.18014 1.473 0.927103 0.736036 0.654727 0.832912 0.404515 1.83501 0.0360588 0.000337331 0.000187805 0.000127709 7.11893e-05 6.23104e-05 4.60112e-05 4.42164e-05 3.59259e-05 3.10172e-05 2.40335e-05 2.15184e-05 2.11042e-05 1.86426e-05 1.0927e-05 8.43844e-06 4.69701e-06 3.90135e-06
threshold=-1.0603712108618153 -1.2194896795209071 -1.3109826500800097 -0.41112171758448929 -1.2074489543288804 0.031252164982235674 -0.4483888059468491 1.6700671568957703 -0.18621566815575122 -0.39658820732780903 -1.225997706348577 0.25515406668438018 0.39261458200416638 -0.05285871869080571 0.40100575111340181 -1.2026236832643853 1.0850902257024664 0.76952840179245074 -0.18131790895449598 1.0875206203117231 -0.18721467293794422 0.44898798543131052 -3.447754560400575 0.58936442678402667 -0.85649102680470246 -0.79883320159174487 -0.96387960031944597 0.90908815507080221 0.62777712319782608 1.0434407503063887
decision_type=2 2 2 2 2 2 2 2 2 2 2 2 2 2 2 2 2 2 2 2 2 2 2 2 2 2 2 2 2 2
left_child=1 8 4 7 5 -3 -5 10 9 -1 -4 -12 13 14 20 -2 17 18 21 27 -10 26 -20 -24 -23 -21 -17 28 -19 -27
right_child=15 2 3 6 -6 -7 -8 -9 12 -11 11 -13 -14 -15 -16 16 -18 19 22 25 -22 24 23 -25 -26 29 -28 -29 -30 -31
leaf_value=0.038482328386190312 -0.039377500095692623 0.034654396517840247 0.053314694674717736 0.0068761931615335869 -0.059005404071331868 -0.030411254722037418 -0.041566120989276888 -0.0099353980946088917 0.03803972967169391 -0.039621632593009021 0.041576019683615691 -0.033846002399118801 0.048310065627824333 0.039423269140122036 0.039153166533444528 -0.037980044681097586 -0.037698017123496796 -0.037688302525459939 -0.03841899303586585 -0.038167677216081441 0.038469548289126521 -0.037782572125173552 -0.038181533154808774 -0.037977732675213954 -0.037975539663301243 -0.037955752134034841 -0.03772800898278858 -0.038013311217681395 -0.037776992917874924 -0.037846280412920819
leaf_weight=0.74961073882877827 0.14321283809840579 1.3682207465171816 2.2695113085210314 1.8353620348498227 1.5135621433146322 2.3879825351759791 2.1385023454204175 1.004469960927963 17.641468115150943 0.62673759646713978 4.5663132015615711 0.97943457821384061 0.90760457515716453 0.47587869130074878 0.39533850736915965 0.51511190785095129 4.6175334891304365 4.1139859748072904 0.45877211540937413 0.73623086651787151 0.4999341294169416 1.6574597735889245 1.9104888481088007 4.0217378181405365 9.7624988816678506 1.3570038452744486 2.6041582138277617 0.25577270705252875 2.3430285989306867 2.0333770159631968
leaf_count=25 3 25 38 36 24 28 31 23 956 16 124 19 4 10 9 42 686 649 21 40 16 188 110 333 694 97 354 18 264 179
internal_value=-0.00704563 0.0215789 0.0042591 0.0149644 -0.0217306 -0.00671068 -0.0191926 0.0303544 0.0362692 0.0029167 0.0355327 0.0282557 0.0385736 0.0381088 0.0380751 -0.0378873 -0.0378815 -0.0379081 -0.0379585 -0.0378108 0.0380516 -0.0379094 -0.0380703 -0.0380434 -0.0379475 -0.0379396 -0.0377696 -0.0377316 -0.0377205 -0.0378901
internal_weight=75.8903 39.3599 18.0634 12.7936 5.26977 3.7562 3.97386 8.81973 21.2966 1.37635 7.81526 5.54575 19.9202 19.0126 18.5367 36.5304 36.3872 31.7696 20.9302 10.8394 18.1414 14.5392 6.391 5.93223 11.42 4.12661 3.11927 6.71279 6.45701 3.39038
internal_count=5062 1384 348 271 77 53 67 204 1036 41 181 143 995 991 981 3678 3675 2989 1742 1247 972 1278 464 443 882 316 396 931 913 276
is_linear=0
shrinkage=0.05


Tree=229
num_leaves=31
num_cat=0
split_feature=22 42 38 39 23 22 37 40 22 22 47 2 42 0 11 16 9 22 1 29 47 34 27 42 3 39 19 36 38 21
split_gain=11.9228 6.19287 2.18802 2.53364 2.38132 1.79376 2.01333 1.78971 0.755379 1.86399 1.31194 0.652796 0.723758 0.479884 0.37973 0.759323 0.364229 0.263443 0.0155296 0.00615349 0.00380276 0.00241179 0.0018162 0.000202841 8.99068e-05 5.53998e-05 3.41294e-05 2.73577e-05 2.6527e-05 2.49173e-05
threshold=-0.4195007186689606 1.2420620919108645 -1.2194896795209071 -1.3109826500800097 -0.97319110048657487 -0.18131790895449598 -0.27958810189991695 -0.3427924818204009 -0.45077268242967294 -0.44978387037684969 -0.55886137463736374 -1.2074489543288804 0.20940654013211643 4.129141550800207 -0.90480988891854508 -0.59445712466752199 -0.45397600551594125 -0.27397761780917462 0.39261458200416638 -0.4780360426279035 0.63762280829021589 1.9768027827418473 -0.17157324276569599 -0.0052873753176207452 0.39288197322308271 0.92707952421835238 -0.73630794564541902 0.78347467291123341 -0.99455459383822342 0.45508716698812673
decision_type=2 2 2 2 2 2 2 2 2 2 2 2 2 2 2 2 2 2 2 2 2 2 2 2 2 2 2 2 2 2
left_child=8 2 18 11 -5 6 -6 -7 13 -10 -11 12 -4 14 15 26 -3 -13 23 -18 -19 25 -21 27 -24 -16 -1 -2 -27 -26
right_child=1 16 3 4 5 7 -8 -9 9 10 -12 17 -14 -15 21 -17 19 20 -20 22 -22 -23 24 -25 29 28 -28 -29 -30 -31
leaf_value=-0.037671195487035451 -0.037764510211395493 0.0012996543538561667 -0.001176047713725507 0.043984919725053945 0.0003253361427867874 -0.010579017965851135 -0.035412015222226666 0.011499055909403207 0.095104441779571683 0.027581160993977935 -0.037802015376284248 0.072105700255333416 0.045296482113214985 0.039732495751607616 -0.037746529515608043 0.038445146018749876 0.032141243444812236 0.043118969716646707 -0.046908350443901618 0.040516761812521306 0.038386333079485691 -0.042256291909277023 0.0389077434767457 -0.039610781474170881 0.038105513013062836 -0.038394741157155313 -0.038548944056882729 -0.038291189120379411 -0.037909670399930769 0.038352230412568446
leaf_weight=0.80823974357917905 1.834395153913648 0.70157219283283012 1.8236188702285292 3.1096393233165136 9.0998338586650771 13.459500488359479 6.9517381130717721 28.863265348598361 0.37004456296563137 1.0122684845700858 3.1693305573426178 1.0862880796194079 1.5498079136013982 0.21195715665817161 8.2563600884750574 0.50151427509263757 0.4198496527969845 0.79753914475440868 0.61660832166671742 0.85438645072281438 0.90735924616456032 0.31479915510862966 0.37634635157882712 0.17408026289194722 13.109019635245202 0.2910881768912067 0.12833019904792309 0.28484974149614561 8.8811504198238236 1.1100506670773018
leaf_count=137 244 9 31 33 203 247 567 383 19 36 402 4 12 3 1139 7 11 8 3 14 33 10 10 5 648 12 7 12 772 41
internal_value=0.000461358 0.00904904 0.002589 0.00441514 0.00135116 -0.000919968 -0.0151521 0.00447778 -0.0307869 -0.0124559 -0.0219743 0.0349743 0.0201742 -0.0350892 -0.035916 -0.0112049 0.0365552 0.0528617 -0.0398641 0.0381138 0.0406002 -0.0379188 0.0382761 -0.0379701 0.038145 -0.0378405 -0.0377915 -0.0378353 -0.0379251 0.0381248
internal_weight=111.075 87.1297 70.5585 67.6486 61.484 58.3743 16.0516 42.3228 23.9451 4.55164 4.1816 6.16461 3.37343 19.3934 19.1815 1.43808 16.5712 2.79119 2.90993 15.8697 1.7049 17.7434 15.4498 2.29333 14.5954 17.4286 0.93657 2.11924 9.17224 14.2191
internal_count=5062 2518 1785 1521 1433 1400 770 630 2544 457 438 88 43 2087 2084 151 733 45 264 724 41 1933 713 261 699 1923 144 256 784 689
is_linear=0
shrinkage=0.05


Tree=230
num_leaves=31
num_cat=0
split_feature=10 1 25 20 25 35 25 40 24 12 19 29 19 0 0 26 32 7 39 9 25 0 42 29 38 6 19 39 0 24
split_gain=12.6817 4.31089 2.39672 3.63629 2.39496 2.73811 2.36105 2.13945 3.34086 1.85827 1.68622 1.77921 1.63021 1.67001 1.42251 1.32047 1.88526 1.78147 1.09938 0.794131 0.725012 0.233294 0.110684 0.0455582 0.0127056 0.00169742 0.0015894 0.000742382 0.000243214 0.000159397
threshold=-0.79346654173819486 1.2641949932054872 -0.8497517383995673 1.0926163784686167 0.26002134966709262 -1.0121528093094512 -0.97169074306317738 0.62777712319782608 1.4390128466240413 0.34879180365090151 -0.506396401633468 -0.69082923956133968 0.12281862025543884 0.58661912341763911 3.8467859583836073 0.30726207217244045 0.2217195162081663 0.97954151091350983 -0.5319938544589472 -0.42919962791537963 -1.3735643314616868 -0.35199030905774858 0.12624141113628984 -0.40357138298643852 0.26483696430407672 0.56444579475906476 0.10216054946122187 0.80857471943477044 -1.2472061452249008 0.53650529478440689
decision_type=2 2 2 2 2 2 2 2 2 2 2 2 2 2 2 2 2 2 2 2 2 2 2 2 2 2 2 2 2 2
left_child=27 2 3 6 5 10 12 8 -7 -9 -4 -12 13 -2 24 17 -17 21 -18 -3 -14 -6 -8 -21 -5 -25 -26 28 -1 -30
right_child=1 19 4 14 15 7 22 9 -10 -11 11 -13 20 -15 -16 16 18 -19 -20 23 -22 -23 -24 25 26 -27 -28 -29 29 -31
leaf_value=-0.037803482235610197 -0.012138209436137032 0.025326854596716842 -0.046321468446662836 0.047708716163375686 -0.015604491172639935 0.03738127374987163 -0.036647596818710805 -0.0044196405560770723 0.0035112102364094778 0.016825412201791352 -0.015448458668267287 0.017908739850060335 -0.037513196121631835 0.017188795843221541 -0.039362486758932107 0.049346530440411845 0.032123016218792405 0.013151071114860491 -0.0084205249222510398 -0.017840415682492602 0.0011972976813044113 -0.042280749281775894 -0.052194465989149078 -0.041042799743461908 0.038275621432733775 -0.037895619708629431 0.040487843371261018 -0.039276008670319329 -0.038368799592196912 -0.037885807153364717
leaf_weight=11.064678043127063 10.626140791922813 0.54744328558444966 2.1215612106025246 0.42992036044597526 1.0065461928024886 23.099417953751981 2.1798938540741828 14.855665020644663 10.631459827534853 33.510987365618348 8.0484971012920141 7.9422242464497659 4.8069054214283824 8.9368306118994933 0.64142834395170201 1.99330742843449 1.9477082844823606 2.5802819961681962 11.813479123637077 0.28925906307995308 1.616261770017444 4.4124440606683519 2.4110276568681002 0.46088575571775336 3.8484359569847584 6.0850175516679883 1.0290258899331091 1.1210635555908073 4.3180392803624281 2.8262788699939847
leaf_count=1092 95 7 21 2 32 919 29 198 158 524 84 100 134 118 11 14 19 26 122 6 34 85 15 5 189 515 19 35 206 248
internal_value=0.000323732 0.00473975 0.00645823 -0.00479822 0.00977495 0.0131586 -0.0117567 0.0170406 0.0267059 0.0103001 -0.00443762 0.0011193 -0.00591685 0.00125906 0.0309687 -0.00449955 0.00390069 -0.0210437 -0.00268214 -0.0326182 -0.0277725 -0.0373258 -0.0448124 -0.0372591 0.0394687 -0.0381172 0.0387423 -0.0380272 -0.0379503 -0.0381777
internal_weight=187.202 167.872 160.489 36.5259 123.964 100.21 30.5771 82.0975 33.7309 48.3667 18.1123 15.9907 25.9861 19.563 5.94881 23.7538 15.7545 7.99927 13.7612 7.38261 6.42317 5.41899 4.59092 6.83516 5.30738 6.5459 4.87746 19.3301 18.209 7.14432
internal_count=5062 3481 2948 646 2302 2004 425 1799 1077 722 205 184 381 213 221 298 155 143 141 533 168 117 44 526 210 520 208 1581 1546 454
is_linear=0
shrinkage=0.05


Tree=231
num_leaves=31
num_cat=0
split_feature=39 16 40 25 16 24 16 25 25 37 32 20 38 23 37 14 1 19 5 11 17 34 23 35 6 21 21 40 19 19
split_gain=10.5283 1.70842 2.07283 2.97662 2.90317 2.63473 1.94096 1.525 1.37803 1.72441 1.54373 3.00771 2.12283 1.2183 1.14984 1.0742 1.04285 0.702014 0.680591 0.509705 0.408764 0.336858 0.331606 0.489408 0.215295 0.19709 0.0445197 0.011009 0.0109752 0.00255887
threshold=0.72205518782103739 -0.36847805792082272 1.5217228120304036 -0.45965201522600169 -0.050717390016164592 0.14430101549140864 -0.2284680785733014 -1.4076012423358437 -1.3376848582170384 -0.098285831242653582 0.91236387360596838 1.046950470399868 0.72889658798430712 0.67203569839867527 2.0264252754379988 -0.84315611410601587 -1.1331522800925284 -0.58506291573448166 0.65481948387364886 -0.056962812507063795 -0.40835401423834389 -1.2805157590816154 0.70655347832422966 -1.1294960385681392 -0.87354582229151523 0.67624070723362639 0.56967141737035887 2.0325489199347335 -0.28474883673103352 0.3137784212548837
decision_type=2 2 2 2 2 2 2 2 2 2 2 2 2 2 2 2 2 2 2 2 2 2 2 2 2 2 2 2 2 2
left_child=-1 7 3 5 20 6 15 18 -9 16 12 -12 -11 17 -6 -3 -10 -5 26 -8 24 -19 -15 -24 -4 -7 27 29 -26 -2
right_child=1 2 4 13 14 25 19 8 9 10 11 -13 -14 22 -16 -17 -18 21 -20 -21 -22 -23 23 -25 28 -27 -28 -29 -30 -31
leaf_value=-0.03764997061172061 0.041679642112413873 0.039484785911704907 -0.06878394585312618 0.016703386269735786 -0.014999922090665108 -0.0098893798374670733 0.019906980508181179 -0.034140120648710852 0.053303745315074313 0.014005241057828034 -0.035277532825704006 0.018719027490634386 0.043794570540195046 0.053281639363791801 0.047411403226168158 -0.039885605811170621 -0.0388340166175569 0.0040595900982500323 0.0068548350123881011 0.044127775888904347 -0.014723486159953364 -0.043817441119731737 0.051701105719839616 -0.03775845727079042 -0.038635320141132093 -0.042450229806327899 0.046106953673320905 0.032445282223627192 -0.044867528223152105 0.038540452533337287
leaf_weight=12.853381108492611 0.93641537055373092 0.6136188302189115 1.0610589515417808 0.65231519797816861 1.3363296035677179 0.70859751198440735 2.95366678480059 1.5247814711183298 0.35769095737487111 19.424015535041693 3.7636004267260423 8.1932771925348771 8.6408874411135894 0.55586758255958535 1.6482245987281201 1.3963976993691201 2.1714513893239191 0.40751414140686337 1.7027939369436351 8.2088922131806576 1.0722089740447698 3.7318115474190594 0.26563939452171326 0.36016981955617666 1.0780340316705403 1.3504676800221203 3.4514366574585438 0.67454765737056721 2.0493643935769805 2.1161898262798786
leaf_count=3597 11 10 7 19 28 29 47 18 3 267 67 181 75 2 19 47 124 4 23 71 24 135 1 49 42 31 26 22 16 67
internal_value=0.00443884 0.0110036 0.0013497 0.00962132 -0.0199232 0.0213527 0.0295744 0.0163723 0.0125635 0.0142371 0.0167674 0.00172283 0.0231771 -0.020293 0.0194668 -0.0156554 -0.0258032 -0.0315066 0.035274 0.0377188 -0.0422704 -0.039104 0.0251777 0.000214752 -0.0493222 -0.0312449 0.0420151 0.038226 -0.0427192 0.0395034
internal_weight=95.2606 82.4073 29.4502 21.205 8.24522 15.2316 13.1726 52.9571 44.0757 42.5509 40.0218 11.9569 28.0649 5.97332 2.98455 2.01002 2.52914 4.79164 8.88138 11.1626 5.26067 4.13933 1.18168 0.625809 4.18846 2.05907 7.17859 3.72715 3.1274 3.05261
internal_count=5062 1465 581 445 136 235 175 884 735 717 590 248 342 210 47 57 127 158 149 118 89 139 52 50 65 60 126 100 58 78
is_linear=0
shrinkage=0.05


Tree=232
num_leaves=31
num_cat=0
split_feature=20 38 25 25 22 9 19 25 33 21 25 9 34 25 23 19 1 18 1 39 0 9 19 6 19 40 38 22 0 17
split_gain=24.9905 3.76905 1.89625 1.55661 1.60272 1.38961 0.732157 0.662595 0.937944 0.62335 0.703758 0.620435 1.13178 0.255788 0.0982328 0.0606103 0.0283595 0.00579705 0.00027006 0.000157672 0.000101449 6.25578e-05 8.50738e-05 2.86311e-05 2.82291e-05 2.43786e-05 1.7772e-05 1.88481e-05 1.19781e-05 9.19478e-06
threshold=-1.0603712108618153 -1.2194896795209071 0.11290132724361722 0.17528220605545916 -0.33127697571364906 -0.4263759322181922 -0.80018172704246437 -0.18621566815575122 -0.33640970191229042 -1.1191104490144019 -0.055622987220023491 -0.047387119286933004 0.37775549857396834 -0.18819448531215818 -0.5875832922013281 -0.48129971732131088 0.39261458200416638 -1.2077634384836955 0.16598111626396903 0.42802052377877892 -1.2026236832643853 1.0850902257024664 -0.27854517878572921 -0.18721467293794422 4.0772924754326292 0.52561190161696003 1.0401681091538613 -0.95201910828346503 0.6680564205988474 -1.4462278875496855
decision_type=2 2 2 2 2 2 2 2 2 2 2 2 2 2 2 2 2 2 2 2 2 2 2 2 2 2 2 2 2 2
left_child=1 7 5 -4 6 -3 -5 8 -1 13 -11 -6 -13 -7 -12 -15 18 -8 19 23 -2 22 25 -9 26 29 27 -24 -27 -22
right_child=20 2 3 4 11 9 17 16 -10 10 14 12 -14 15 -16 -17 -18 -19 -20 -21 21 -23 24 -25 -26 28 -28 -29 -30 -31
leaf_value=0.038394328708341134 -0.039243503255807784 -0.030550598724317646 -0.04081482185601254 -0.0095972563020102816 -0.033117814225522783 0.065883358461253455 0.044468853345295017 0.038000519129707033 -0.046130250507281326 -0.027649418224349794 0.038780779876070169 0.054988051164097607 -0.03874764909942309 0.044502627240991931 0.015076707171861454 0.028010054817406146 0.047358922611361022 0.039301070524761263 0.039282987382981915 0.039085266556642871 -0.038004882959862402 -0.03768533252896869 -0.03779140969960601 0.038398414739244324 -0.038385098204519005 -0.037907159040496026 -0.037805921556224059 -0.037989728933268851 -0.037786558019279257 -0.03769166421703779
leaf_weight=0.76392650790512562 0.13370474055409332 0.99735261127352703 2.857088706456123 0.9969854671508086 2.6731942566111688 1.1891752323135736 0.77636220864951755 16.409639258869007 0.57543704472482449 0.71203679405152809 1.2552555687725542 0.65806103870272525 0.6306283138692379 1.2643414177000525 0.6705491426400868 0.99583634454756964 0.86072249710559745 1.8028763085603701 0.44339542090892692 0.34893905743956466 0.24645633762702246 4.3070830674841991 1.316314286552372 0.46491377986967464 0.38804936967790027 4.1322672409005445 1.8119415533728886 13.335964430123569 4.1032824367284775 4.7531847278587556
leaf_count=27 3 17 37 29 32 14 10 957 14 17 41 6 34 29 15 19 4 48 10 8 24 686 156 16 17 330 201 1044 452 765
internal_value=-0.00720637 0.0211421 0.00420818 -0.00938714 0.00252455 0.0241567 0.026791 0.0360413 0.00207964 0.0331202 0.0148235 -0.0193797 0.00911789 0.0471123 0.0305272 0.037236 0.0384964 0.0408566 0.0380646 0.0380332 -0.0378689 -0.0378636 -0.0378891 0.0380115 -0.0379636 -0.0377942 -0.0379536 -0.0379719 -0.0378471 -0.0377071
internal_weight=71.875 37.3467 17.4797 10.3952 7.53811 7.08455 3.57622 19.867 1.33936 6.08719 2.63784 3.96188 1.28869 3.44935 1.9258 2.26018 18.5276 2.57924 17.6669 17.2235 34.5282 34.3945 30.0875 16.8746 16.8523 13.2352 16.4642 14.6523 8.23555 4.99964
internal_count=5062 1384 348 196 159 152 87 1036 41 135 73 72 40 62 56 48 995 58 991 981 3678 3675 2989 973 1418 1571 1401 1200 782 789
is_linear=0
shrinkage=0.05


Tree=233
num_leaves=31
num_cat=0
split_feature=22 42 37 0 0 39 38 42 21 0 22 3 3 9 19 37 1 34 9 22 10 37 3 38 22 25 19 14 9 19
split_gain=11.1379 6.10106 2.182 4.40739 2.40783 2.21615 1.53768 1.58698 0.880117 0.445512 0.408595 0.180814 0.886672 0.0488808 0.0337041 0.0290929 0.00990781 0.00190154 0.00159954 0.00159259 0.000760447 0.000575689 0.000228478 0.000162092 6.84926e-05 4.42576e-05 4.2175e-05 3.15252e-05 2.97626e-05 2.25292e-05
threshold=-0.45077268242967294 1.2420620919108645 -0.011592364651285254 1.8346308418990052 -1.2888164430547155 1.1586652080804056 1.0680867462324783 -0.55431876826679616 0.64477456593695126 4.129141550800207 -0.20861791131079027 -0.85529293930526051 -0.85529293930545747 -0.7473222482726134 0.65705862206260923 -0.70162216961577684 0.53542482458374774 1.9768027827418473 -0.33521068106836388 -0.13202778765164053 0.8635435053770909 -0.60781076251027855 0.32134197969231976 -1.2147959002480748 -0.20861791131079027 -1.3735643314616868 -0.31854755601345258 -0.18122372569770409 1.0850902257024664 0.49915869904091809
decision_type=2 2 2 2 2 2 2 2 2 2 2 2 2 2 2 2 2 2 2 2 2 2 2 2 2 2 2 2 2 2
left_child=9 2 4 14 16 6 7 -6 -8 11 -3 12 25 -12 19 -7 23 26 -15 24 -21 -17 -20 27 -4 -1 -13 -2 -24 -28
right_child=1 10 3 -5 5 15 8 -9 -10 -11 13 17 -14 18 -16 21 -18 -19 22 20 -22 -23 28 -25 -26 -27 29 -29 -30 -31
leaf_value=-0.038618809956945929 -0.037687844366973422 -0.0090961923998748237 -0.037843697713984756 0.041929104606149278 -0.006291748222772499 -0.052302468616881197 -0.10219998126948678 0.014527480624912562 -0.013504229461145007 0.039566304365345917 0.021053717742736722 -0.037757564086240349 0.037164329439297879 0.040746205349817509 -0.018701532557285957 -0.040558141015343448 -0.046422064982200605 -0.041864873454627312 0.039315830172180079 -0.040670592359117949 -0.038490578619242773 -0.038306898612209588 0.03826522994796358 -0.039244906805526031 -0.038431564080551546 -0.037696213847403404 -0.03796809737268516 -0.038258180222610641 0.038056657259900706 -0.037732065440592752
leaf_weight=0.13926105760037977 2.0776772215031096 0.48051578830927688 5.399773428682237 2.2368172854185104 11.447801305446765 0.52397209405899081 0.45026447437703498 45.669957447331406 0.73828613711521029 0.19784101843833823 0.42628411576151748 8.4592370418831724 0.48681380087510184 0.60571637749671836 0.22651312686502922 0.3629332808777691 0.39053891599178303 0.29801211692392904 0.38941152580082139 0.8715334851294736 0.73941429052501917 1.3053414812311517 2.0068891681730738 0.19772655982524057 0.54553894605487663 1.9522256334312258 5.5358677278272763 0.2742759715765718 11.577091952785848 1.2368683451786635
leaf_count=5 343 8 593 21 380 2 7 691 39 3 6 1133 9 9 7 8 2 10 8 12 31 67 85 5 22 318 441 11 618 168
internal_value=0.000458418 0.00776832 0.00175573 -0.0199278 0.00518045 0.0073279 0.0091835 0.0103548 -0.0471053 -0.0350583 0.0362894 -0.0358736 -0.0236115 0.0377428 -0.0377058 -0.0420247 -0.0390059 -0.0379094 0.0382307 -0.0382755 -0.03967 -0.0387967 0.0381217 -0.0378699 -0.0378976 -0.0377576 -0.037832 -0.0377544 0.0380875 -0.037925
internal_weight=107.25 88.9443 73.4584 10.0196 63.4388 60.4986 58.3063 57.1178 1.18855 18.3061 15.4859 18.1083 2.5783 15.0054 7.78277 2.19225 2.94022 15.53 14.5791 7.55626 1.61095 1.66827 13.9734 2.54968 5.94531 2.09149 15.232 2.35195 13.584 6.77274
internal_count=5062 2975 2241 686 1555 1194 1117 1071 46 2087 734 2084 332 726 665 77 361 1752 720 658 43 75 711 359 615 323 1742 354 703 609
is_linear=0
shrinkage=0.05


Tree=234
num_leaves=31
num_cat=0
split_feature=28 9 22 25 37 0 21 39 39 0 9 15 15 24 36 0 24 40 11 23 33 23 38 3 39 40 11 27 21 42
split_gain=11.7876 3.74408 2.28577 2.53794 2.37779 2.47978 2.22286 2.17624 2.6249 2.957 1.90352 1.84832 2.50562 1.76236 1.63001 1.51929 1.39839 2.14076 1.81344 1.23073 1.36519 1.31871 1.09649 0.958846 0.755172 0.715597 0.596898 0.313159 0.167809 0.0260394
threshold=-0.7673183420026386 0.6279740506999113 -0.53832777843828861 0.26002134966709262 2.0902834820164373 1.1037756821596199 0.86295960228653812 0.72205518782103739 1.4293068243746017 0.047765766521541013 -0.38028776067476217 0.94122125905950449 1.0558168315631338 -0.4793956466082972 -0.01102030431761577 3.8467859583836073 -0.7363983483344706 1.6238880336112695 -0.3894625705596621 0.25514636046370548 1.9165528973547048 -0.77874602918721714 -0.17324884097014973 0.48845568017492474 0.6245160615241786 0.70440103938347554 -0.8318380720351396 -1.6727395792853013 -0.68838053371746266 0.6968333699050181
decision_type=2 2 2 2 2 2 2 2 2 2 2 2 2 2 2 2 2 2 2 2 2 2 2 2 2 2 2 2 2 2
left_child=28 2 7 4 6 -6 13 26 16 22 -11 29 -13 -4 19 -7 18 -18 -9 21 -21 -5 -10 -14 25 -16 -2 -8 -1 -3
right_child=1 11 3 14 5 15 27 8 9 10 -12 12 23 -15 24 -17 17 -19 -20 20 -22 -23 -24 -25 -26 -27 -28 -29 -30 -31
leaf_value=-0.038009964824588405 -0.016693173891164544 -0.045557417128724527 0.035982474850891337 0.0020268758460134004 -0.043207020696752182 0.038577550075552275 -0.013267623861082913 0.032051474722565844 0.011892321255315873 0.032761695088095837 -0.0020795896106734438 0.089281032339607977 0.029760335178621769 0.01022504230336327 -0.035543977504777245 -0.040985899834753335 -0.01033855106850087 0.031229991880241576 -0.035546718180266258 -0.024680534448383588 0.026922412296262483 0.055917431918875264 -0.04626255560651097 -0.039251765489571752 0.0067328075809114417 0.0015410560712654526 0.038156314724596935 0.038599534696442506 -0.0014583603847426153 -0.037916827265805558
leaf_weight=18.252640277147297 0.56131616607308377 1.4004982300102691 7.9338615909218779 2.25176140666008 3.2578729614615431 2.4060311997309332 0.29764770902693172 1.1262486428022374 1.166628994047642 10.843087267130617 6.1401203442364904 0.71368237491697106 0.73159454017877612 40.75147149618715 5.5284910118207318 0.79933740012347687 26.187418986111883 3.5127275250852099 8.3321640957146865 3.5253792088478804 2.0138426423072815 2.2892624745145458 2.6554512511938837 1.6130177620798347 2.1837632618844509 1.7010395824909208 4.2636808324605218 13.065534790977834 0.31950503773987193 5.4722139379009604
leaf_count=1589 16 15 245 28 22 82 7 20 34 94 55 16 8 692 71 12 293 32 100 39 22 17 54 68 32 12 233 659 11 484
internal_value=0.000357226 0.00466438 0.00659795 0.0118452 0.0163743 -0.0124869 0.0193806 -0.000529559 -0.00312898 0.0112229 0.0201652 -0.0250846 0.00725143 0.0144225 -0.00407301 0.0187364 -0.0107542 -0.00542211 -0.0274975 0.00989886 -0.00591974 0.0291947 -0.0285117 -0.0177178 -0.0190348 -0.0268182 0.0317754 0.0374443 -0.0373812 -0.0394738
internal_weight=181.297 162.725 152.794 88.0053 68.5118 6.46324 62.0485 64.7888 59.9638 20.8053 16.9832 9.93101 3.05829 48.6853 19.4935 3.20537 39.1586 29.7001 9.45841 10.0802 5.53922 4.54102 3.82208 2.34461 9.41329 7.22953 4.825 13.3632 18.5721 6.87271
internal_count=5062 3462 2871 1940 1719 116 1603 931 682 237 149 591 92 937 221 94 445 325 120 106 61 45 88 76 115 83 249 666 1600 499
is_linear=0
shrinkage=0.05


Tree=235
num_leaves=31
num_cat=0
split_feature=39 20 24 38 40 5 37 40 37 41 38 25 3 18 22 2 22 42 1 47 24 22 39 41 1 18 3 36 17 15
split_gain=9.79717 1.66864 1.68272 3.30394 3.07034 3.84498 3.12574 1.56925 1.23865 2.26954 1.43332 4.81172 0.744401 1.14242 0.860212 0.286785 0.273985 0.094789 0.0155531 0.00818392 0.0010999 2.48029e-05 9.89511e-06 5.00487e-06 5.28644e-06 9.08054e-06 4.49436e-06 2.7909e-06 2.52571e-06 1.28265e-06
threshold=0.72205518782103739 1.1502077784534082 -0.76045513831344225 -0.13482929747288996 1.9303836983538674 0.63965599428741371 1.9614217879311473 1.5728054228208366 0.48223869996931595 -0.26223095231057719 0.92235310963637007 -0.6357010584108741 -0.18564378713889043 0.66505105367954787 -0.66361224482209191 -1.0806454479126308 -0.62573259603165476 -0.5466875484933803 -1.6729027521040563 -1.5915767850267379 -0.94689758255064949 -0.67217241717151499 0.6954590335867854 -1.2472061452249008 1.3382307738600283 0.65878007514042369 0.091318341925398297 -3.447754560400575 -1.0322757633655082 2.2252649059197638
decision_type=2 2 2 2 2 2 2 2 2 2 2 2 2 2 2 2 2 2 2 2 2 2 2 2 2 2 2 2 2 2
left_child=22 2 8 15 5 7 -7 -5 9 17 12 -12 13 -10 -14 -4 -6 -2 -17 -20 -3 -22 23 -1 25 27 -24 -25 -29 -23
right_child=1 20 3 4 16 6 -8 -9 10 -11 11 -13 14 -15 -16 18 -18 -19 19 -21 21 29 26 24 -26 -27 -28 28 -30 -31
leaf_value=-0.037576350453521694 0.025737147879955426 -0.040706501371637442 0.012935266201900065 0.032582235031176757 -0.045994733394360748 -0.013478415635701258 0.028386315873939041 0.0026526908896974421 0.040146318535875677 -0.033183916450609176 0.047729988733526629 -0.045740942842165677 0.04062203019935428 -0.012500548516332019 0.083111590380711795 -0.050849796218153165 -0.018786027870073305 0.046123977522427369 -0.028377612664632429 -0.038723423086381124 -0.038326203317584996 -0.037707966866078593 -0.03772383344202386 -0.03791292652284145 -0.037578195151350184 -0.037594021890896494 -0.038060312825337832 -0.037914482162458525 -0.037699556113843562 -0.037857033780264032
leaf_weight=2.8172486913390431 1.0884894691407683 0.45992334187030781 0.28529376536607731 21.603881318122152 1.9725393131375315 15.755261010024698 6.2182792113162568 5.4931424660608164 3.8910641707479989 2.4021769966930178 3.3431819211691618 2.3409416466020039 4.5356513578444755 1.4016114752739666 1.6154536902904455 0.25814649462699923 1.7426221249625076 1.1973441280424593 0.20233316533267531 3.4581033629365256 0.21428013173863281 0.83262698329053708 0.20319021586328823 0.16991949989459953 1.8698988591786472 2.3987238239496946 0.19398660911247134 0.14120732992887131 4.2755001669284018 0.17456089379265904
leaf_count=1092 22 5 2 271 16 314 54 75 63 22 26 27 96 23 5 1 33 18 4 225 14 133 30 17 713 853 15 11 866 16
internal_value=0.0043652 0.0106646 0.0117162 0.00719572 0.0105932 0.0139112 -0.00163114 0.0265149 0.0235251 0.000752397 0.0297581 0.00923505 0.0399519 0.0262043 0.051781 -0.0354643 -0.0332323 0.036416 -0.0389881 -0.0381516 -0.0386224 -0.0378377 -0.0376427 -0.0376344 -0.0376529 -0.0376729 -0.0378882 -0.0377141 -0.0377064 -0.0377338
internal_weight=92.5566 80.4869 78.8055 56.9896 52.7857 49.0706 21.9735 27.097 21.8159 4.68801 17.1279 5.68412 11.4438 5.29268 6.15111 4.20388 3.71516 2.28583 3.91858 3.66044 1.68139 1.22147 12.0697 11.6725 8.85525 6.98535 0.397177 4.58663 4.41671 1.00719
internal_count=5062 1465 1297 995 763 714 368 346 302 62 240 53 187 86 101 232 49 40 230 229 168 163 3597 3552 2460 1747 45 894 877 149
is_linear=0
shrinkage=0.05


Tree=236
num_leaves=31
num_cat=0
split_feature=20 0 39 39 19 42 26 7 34 12 28 37 14 9 19 4 9 19 37 42 39 0 40 40 0 17 37 40 22 6
split_gain=23.2604 3.27532 1.41483 2.00593 1.38008 0.93221 0.74969 0.734087 0.638577 1.55922 0.588486 0.243982 0.180999 0.00796322 0.000147114 9.23004e-05 5.44606e-05 7.53354e-05 2.4725e-05 3.44454e-05 2.70801e-05 2.2891e-05 2.3204e-05 2.08114e-05 1.04226e-05 8.08193e-06 5.79834e-06 4.75631e-06 3.98143e-06 3.45144e-06
threshold=-1.0603712108618153 -1.2382896528327978 -1.2834461488491959 -0.41112171758448929 -0.41324989986472599 -0.4483888059468491 -1.2140356512933832 0.97954151091350983 0.31260912773749516 -1.278481615247766 -1.2149926448046593 -0.83950539401771207 -0.14527230221726289 0.24819256232749509 -0.51425125282124429 -1.2111008877652949 1.0850902257024664 -0.27854517878572921 -0.64459265171289271 -0.067188749403435596 0.23249406423793323 0.2501701438222817 0.70440103938347554 0.52561190161696003 0.6680564205988474 -1.4462278875496855 -0.30595301610519138 1.1386032311021561 -0.929184923672146 0.30844082595299677
decision_type=2 2 2 2 2 2 2 2 2 2 2 2 2 2 2 2 2 2 2 2 2 2 2 2 2 2 2 2 2 2
left_child=1 4 6 7 8 -5 -3 10 11 -10 -4 13 -12 14 -1 -2 17 23 19 20 -19 28 -23 25 26 -17 -25 -26 -20 -21
right_child=15 2 3 5 -6 -7 -8 -9 9 -11 12 -13 -14 -15 -16 16 -18 18 21 29 -22 22 -24 24 27 -27 -28 -29 -30 -31
leaf_value=0.0380051178802919 -0.039374021833382455 -0.0051804422490539376 0.006484834551069134 0.010075096449246115 -0.061495512109660255 -0.042282895244728204 -0.052490986337864635 -0.015118484060198304 -0.024850046651260688 0.049128245356251016 0.037855064982563864 -0.0052396264989671704 0.063635278958353983 0.045569191155307671 0.038900525783143326 -0.037982616955635616 -0.037673744695520484 -0.038469788953488293 -0.037695200916219557 -0.037996908959804392 -0.038055148606217226 -0.037851381122305787 -0.038005276850776697 -0.038093166737296735 -0.037715525859674442 -0.037679985602301812 -0.037868092956196822 -0.037826615645275841 -0.037826736287478846 -0.037773832449140343
leaf_weight=17.768094862811278 0.099149202927946045 1.824506080709398 1.4831779077649105 1.4743079533800485 0.38424677029252308 2.0080356048420063 1.5476204524748016 0.89881293987855304 1.4288667524233463 1.4202022049576033 3.3079903274774538 0.32937559299170871 0.85727991769090417 0.35693793371319671 0.47088137455284851 0.23210949916392554 4.0146210845559827 0.65752098709344886 0.79140556463971767 0.23725277185440319 0.98167879180982709 3.8455467252060753 6.7462159558199346 0.31091123307123814 1.9607341638766231 4.4532965291291493 3.5930259679444134 1.8944952888414262 2.106811780948191 0.64419538248330355
leaf_count=1065 2 21 13 23 2 30 28 36 26 18 89 10 7 3 13 24 686 25 118 17 65 421 480 21 273 765 309 179 215 78
internal_value=-0.00732318 0.0206364 0.00112428 0.0105443 0.0324375 -0.0201163 -0.0268934 0.026852 0.0340952 0.0120266 0.0335306 0.0374174 0.043161 0.038173 0.0380282 -0.0378508 -0.0378461 -0.0378705 -0.0379422 -0.0380859 -0.0382215 -0.0379153 -0.0379494 -0.0377782 -0.0378284 -0.037695 -0.037886 -0.0377701 -0.0377908 -0.0378339
internal_weight=68.1293 35.5603 13.4017 10.0296 22.1586 3.48234 3.37213 6.54726 21.7744 2.84907 5.64845 18.9253 4.16527 18.5959 18.239 32.569 32.4698 28.4552 16.0106 2.52065 1.6392 13.49 10.5918 12.4446 7.75917 4.68541 3.90394 3.85523 2.89822 0.881448
internal_count=5062 1384 247 198 1137 53 49 145 1135 44 109 1091 96 1081 1078 3678 3676 2990 1419 185 90 1234 901 1571 782 789 330 452 333 95
is_linear=0
shrinkage=0.05


Tree=237
num_leaves=31
num_cat=0
split_feature=22 1 37 0 0 39 15 34 39 0 11 7 22 14 31 21 1 34 22 17 2 37 38 22 39 6 23 12 14 38
split_gain=10.416 5.66801 1.99177 4.29933 2.22415 2.08671 1.49556 2.01582 1.67225 0.437307 0.352535 0.684332 0.352235 0.0516587 0.0324071 0.0249328 0.00778602 0.00151621 0.00137585 0.00115055 0.000678053 0.000504192 0.000130498 5.81374e-05 4.31225e-05 3.98621e-05 2.92545e-05 2.52991e-05 2.50594e-05 1.97659e-05
threshold=-0.45077268242967294 1.3382307738600283 -0.011592364651285254 1.8346308418990052 -1.2888164430547155 1.1586652080804056 0.76775054198162218 0.24746275690103034 0.66762552034154654 4.129141550800207 -0.90480988891854508 -0.55498518404199049 -0.20861791131079027 0.069015071608312314 0.92865066771827176 -0.68838053371746266 0.53542482458374774 1.9768027827418473 -0.13202778765164053 -0.19495597708004894 0.89142559540987221 -0.60781076251027855 -1.2147959002480748 -0.20861791131079027 0.92707952421835238 1.2006100013194456 -0.77874602918721714 -0.96271133594479652 -0.18122372569770409 -0.99455459383822342
decision_type=2 2 2 2 2 2 2 2 2 2 2 2 2 2 2 2 2 2 2 2 2 2 2 2 2 2 2 2 2 2
left_child=9 2 4 14 16 6 7 -6 -8 10 11 26 -3 -14 18 -7 22 24 23 -15 -20 -17 28 -4 -12 27 -1 -21 -2 -26
right_child=1 12 3 -5 5 15 8 -9 -10 -11 17 -13 13 19 -16 21 -18 -19 20 25 -22 -23 -24 -25 29 -27 -28 -29 -30 -31
leaf_value=-0.037647984781902219 -0.037675035978522516 -0.012128349250791062 -0.037825693360775514 0.041641805096814165 0.0039251221034679266 -0.051449765333083319 -0.0077328212293625983 0.027304614289821352 0.032920783334270044 0.039529714562961303 -0.037720711091451337 0.038725460584388402 0.020257177516214336 0.039701704736285204 -0.019252942744965598 -0.040423520194621268 -0.04565672661088483 -0.041514067262957588 -0.040526656965630826 0.038141024062611051 -0.038447508019816327 -0.038269221718867721 -0.039110527095587592 -0.03836350737733376 -0.038318393514483844 0.038018377598980226 -0.038518816190444831 0.038636106741848419 -0.038202509303412235 -0.037873876158709324
leaf_weight=0.71021109214052558 1.9320022771134979 0.36467745713889677 5.0285602128133169 2.2236126363277435 19.56202180730179 0.50982554256916079 17.57826388580725 17.438936826307327 2.9547528242692342 0.19468654692172904 7.260901383124291 0.45389911066741173 0.41406462714075765 1.1473008524626482 0.23182633379474271 0.34774882206693303 0.36848735809326161 0.28122031269595105 0.83710814919322529 0.65395739115774632 0.73769694752991199 1.2402459117583917 0.18763276748359103 0.55828247964382249 0.25815787259489287 11.24171388056129 0.11159566463902593 0.42622125148773082 0.2548740599304441 7.9927762658335251
leaf_count=139 343 4 587 22 585 2 247 256 32 3 1139 5 8 27 13 8 2 10 12 31 32 67 5 24 12 643 7 14 11 772
internal_value=0.000468121 0.00756479 0.00186228 -0.0193179 0.0051279 0.00715288 0.00893889 0.0149441 -0.00188267 -0.0349834 -0.0358333 -0.0105503 0.0363784 0.0376525 -0.0376518 -0.0418296 -0.0388945 -0.0378755 -0.0382474 0.0381873 -0.0395527 -0.038741 -0.0378451 -0.0378794 -0.0378096 0.0380463 -0.0377662 0.0383364 -0.0377365 -0.0378878
internal_weight=103.503 86.2398 71.9919 9.61709 62.3748 59.6318 57.534 37.001 20.533 17.2634 17.0688 1.27571 14.2479 13.8833 7.39347 2.09782 2.743 15.7931 7.16165 13.4692 1.57481 1.58799 2.37451 5.58684 15.5118 12.3219 0.821807 1.08018 2.18688 8.25093
internal_count=5062 2975 2248 690 1558 1197 1120 841 279 2087 2084 151 727 723 668 77 361 1933 655 715 44 75 359 611 1923 688 146 45 354 784
is_linear=0
shrinkage=0.05


Tree=238
num_leaves=31
num_cat=0
split_feature=10 1 25 20 25 19 25 35 13 38 19 39 38 0 36 24 39 17 39 39 14 13 38 14 19 39 0 24 19 9
split_gain=11.0268 3.63732 2.10297 3.18787 2.12052 2.038 1.98321 2.29165 1.57728 2.62498 1.44587 1.35686 1.30278 1.28313 1.22915 1.3519 1.76053 1.05849 1.03544 0.979874 0.829404 0.314484 0.00991727 0.00129453 0.00116958 0.000614331 0.000185822 0.000119611 6.40939e-05 5.14837e-05
threshold=-0.79346654173819486 1.2641949932054872 -0.8497517383995673 1.0926163784686167 -1.2098622607919063 0.084593969994279802 0.26002134966709262 -1.0121528093094512 0.92284756078601393 0.72889658798430712 -0.506396401633468 1.1190155349173183 0.96284123809051769 3.8467859583836073 0.27866152902161173 -0.61033646934615648 0.2143155809776677 -0.96387960031944597 1.5997910945874005 0.92707952421835238 0.11523212543097332 0.61145516034947478 0.26483696430407672 0.80900832058709715 0.10216054946122187 0.80857471943477044 -1.2472061452249008 0.53650529478440689 -0.7131457790366954 0.72975737949138286
decision_type=2 2 2 2 2 2 2 2 2 2 2 2 2 2 2 2 2 2 2 2 2 2 2 2 2 2 2 2 2 2
left_child=25 2 3 4 5 11 7 10 9 -9 -4 -2 -12 22 15 -8 -17 -10 -7 -6 -3 -21 -5 -22 -24 26 -1 28 -28 -25
right_child=1 20 6 13 19 18 14 8 17 -11 12 -13 -14 -15 -16 16 -18 -19 -20 21 23 -23 24 29 -26 -27 27 -29 -30 -31
leaf_value=-0.037764258179043747 -0.014245371620026578 0.021836064804068505 -0.042922110067996004 0.046800001334817182 0.0019931057038642202 -0.037295736521182198 -0.034279731085272526 0.019090460723218142 -0.029205455131905717 -0.0035690878160783515 -0.0070211322102130148 0.016682858229905756 0.026742338984472893 -0.039178522015785401 -0.039312928229312968 -0.011668406212035853 0.019520655739261032 0.036663754808566894 0.028011124737284461 -0.051096288793529669 -0.04056072853518139 -0.027709073593950174 0.038200264947278767 -0.038457250711522124 0.040196856551704768 -0.03917176368405581 -0.037959399329483175 -0.037841361343684522 -0.038413931144012516 -0.037812828513009128
leaf_weight=9.5887115239165723 5.4133215006440905 0.64093136787414451 2.0961153078824308 0.40634948015212913 1.5366181330755377 4.8821314582601181 2.5491046626120868 48.260095132514834 0.64556285738944907 17.385141401551664 11.516527757048605 10.281554381363092 3.7996833696961394 0.58459699526429165 2.2228300767019382 8.6701032780110854 9.4628652110695821 11.042189145460723 0.69311240408569563 3.9561087852343917 0.48068732582032669 2.2577444296330214 3.4001985592767596 0.33022534754127253 0.93523271381855 1.0149461356922973 1.0752627188339832 2.4649760834872723 2.7828186131082484 5.0438333973288536
leaf_count=1092 89 8 21 2 27 136 32 954 7 336 141 85 43 11 29 149 88 502 16 41 7 31 189 13 19 35 82 248 124 505
internal_value=0.000380444 0.00447716 0.00604302 -0.0048418 -0.0113677 -0.00320905 0.00922074 0.0124126 0.0161025 0.0130894 -0.00397513 0.0060154 0.00135499 0.0307142 -0.00398227 -0.000185067 0.00460791 0.0330255 -0.0291768 -0.0337579 -0.0321634 -0.0425988 0.039331 -0.0380748 0.038631 -0.0379791 -0.037903 -0.0381134 -0.0382873 -0.0378524
internal_weight=175.42 158.493 151.997 34.347 29.0206 21.2701 117.65 94.7453 77.333 65.6452 17.4123 15.6949 15.3162 5.32638 22.9049 20.6821 18.133 11.6878 5.57524 7.75047 6.49568 6.21385 4.74178 5.85475 4.33543 16.9267 15.9118 6.32306 3.85808 5.37406
internal_count=5062 3481 2948 646 425 326 2302 2004 1799 1290 205 174 184 221 298 269 237 509 152 99 533 72 210 525 208 1581 1546 454 206 518
is_linear=0
shrinkage=0.05


Tree=239
num_leaves=31
num_cat=0
split_feature=39 19 31 25 16 37 33 38 38 21 38 8 41 38 36 35 21 22 38 22 17 47 14 41 1 39 19 22 22 5
split_gain=9.1017 1.56979 1.44285 1.97997 1.79779 2.05926 1.8843 1.78389 2.02498 2.03745 1.30916 1.13585 0.993774 1.55529 0.99772 0.964286 1.20546 1.01612 0.733254 0.591247 0.552144 0.389618 0.34547 0.20186 0.116024 0.109688 0.0225202 0.00804397 0.00123835 0.000356429
threshold=0.72205518782103739 0.34385128038555252 -0.58170215648146673 -0.36679034297163265 -0.70893748225240516 0.79451342137174297 0.096515420723808906 0.47697433068639955 0.62681619225547436 0.76945172956528674 0.6158163038929606 -0.17091428200842843 0.51439553504160396 -0.15475313424273537 0.62406315333670626 -0.77076102340586516 0.24046433531363534 -0.66361224482209191 -0.086866952769574318 -0.5818494260486996 -0.29366086668870767 -0.54390532235076694 -0.63216930146032746 0.7622740235420703 -1.0223370976713291 0.91712339270132448 -0.58506291573448166 -0.67217241717151499 -0.83090017290929874 0.56086531310403542
decision_type=2 2 2 2 2 2 2 2 2 2 2 2 2 2 2 2 2 2 2 2 2 2 2 2 2 2 2 2 2 2
left_child=-1 2 3 7 15 12 10 11 24 -10 -7 18 13 -6 -14 17 -17 -4 -2 23 26 -8 -21 25 -9 -3 -5 -28 29 -27
right_child=1 19 4 20 5 6 21 8 9 -11 -12 -13 14 -15 -16 16 -18 -19 -20 22 -22 -23 -24 -25 -26 28 27 -29 -30 -31
leaf_value=-0.037635323797408318 0.0069772120249174301 0.019260470846113716 0.026070694956195652 -0.031394642300947899 -0.027568957014050002 -0.0049393001090704903 -0.077570967534251814 -0.05054063954108981 0.028659629111238372 -0.010032802127177585 0.027184046945690557 -0.013061783798471819 -0.043798443811398489 0.029161032943596829 0.012669050221262119 0.04076725533631486 -0.019666342182209248 0.07052085084083877 0.043168892044090856 0.04081213620737241 0.0032807812252831263 -0.020471582595511916 -0.037774742957165916 0.0097769295486857463 -0.031459923398265616 0.038430789202854601 -0.045046734499200512 -0.039600104325812624 0.040890217100966887 0.039314622153672096
leaf_weight=11.325073509826323 1.9579098743852226 0.79767118580639351 2.5836256388574839 0.66451365430839393 2.1841326123103499 3.954931556247181 0.47787107061594725 1.2538791783154013 5.3875545337796202 9.2331909514032287 16.015409744577482 1.676302977371966 3.0874742174055427 2.703752359375363 1.047716502798721 1.8406355460174331 1.4956525203306226 2.559263352304697 4.9071270748972893 0.19822110235691071 0.94367888546548684 0.79706505546346196 0.47486696531995942 0.76726011931896199 2.1851272722706225 4.1539156623184672 1.0688058882951739 1.8533732811920343 0.70791714265942651 1.5725379586219785
leaf_count=3597 46 17 26 25 115 63 5 8 34 102 280 22 105 61 18 28 38 18 38 2 20 35 61 11 42 143 6 57 10 29
internal_value=0.00426957 0.0103112 0.00782111 -0.000194367 0.0142611 0.00856075 0.0170599 0.00500939 -0.00389514 0.00422486 0.0208223 0.0238371 -0.011451 0.00381145 -0.0294915 0.0346097 0.013675 0.0481905 0.032847 0.0303752 -0.0307494 -0.0418736 -0.0146313 0.0341622 -0.0384168 0.0367493 -0.0397029 -0.0415922 0.0389174 0.0386735
internal_weight=89.8765 78.5514 69.879 31.1315 38.7475 30.2684 21.2453 26.6011 18.0598 14.6207 19.9703 8.54134 9.02308 4.88788 4.13519 8.47918 3.33629 5.14289 6.86504 8.67239 4.53037 1.27494 0.673088 7.9993 3.43901 7.23204 3.58669 2.92218 6.43437 5.72645
internal_count=5062 1465 1192 400 792 682 383 292 186 136 343 106 299 176 123 110 66 44 84 273 108 40 63 210 50 199 88 63 182 172
is_linear=0
shrinkage=0.05


Tree=240
num_leaves=31
num_cat=0
split_feature=20 38 3 39 39 23 0 27 25 17 16 29 1 23 1 0 38 1 19 6 23 19 40 26 22 0 17 40 37 37
split_gain=21.1969 3.43886 1.84087 1.81744 1.88288 1.27476 0.868261 0.748399 0.568916 0.993661 0.186493 0.0989102 0.0112154 0.00123944 0.00023827 9.63025e-05 6.74915e-05 4.82357e-05 6.8108e-05 3.33153e-05 2.90187e-05 2.32687e-05 1.58669e-05 1.56978e-05 1.78361e-05 9.80173e-06 6.68757e-06 3.75678e-06 3.14041e-06 3.03105e-06
threshold=-1.0603712108618153 -1.2194896795209071 0.48845568017492474 0.80857471943477044 -1.3396555949263298 -0.98555237258961303 -1.2180789367440308 0.32856328973678933 -0.18621566815575122 -0.35543185082845746 1.0000000180025095e-35 -0.43451871150698235 0.39261458200416638 0.17782530240038033 0.19816484890500916 -1.2430451154419193 -1.195297546507287 1.3382307738600283 -0.26891226612156288 -0.21569874693561616 0.76335490509335591 4.0772924754326292 0.44898798543131052 1.0109251756319197 -0.87428616522526792 0.6680564205988474 -1.4462278875496855 1.1386032311021561 1.9614217879311473 -0.30595301610519138
decision_type=2 2 2 2 2 2 2 2 2 2 2 2 2 2 2 2 2 2 2 2 2 2 2 2 2 2 2 2 2 2
left_child=1 8 3 4 6 -6 -3 -7 9 -1 -4 -12 14 -13 15 19 -2 18 22 -10 -15 23 26 24 -20 29 -18 -27 -25 -24
right_child=16 2 10 -5 5 7 -8 -9 12 -11 11 13 -14 20 -16 -17 17 -19 21 -21 -22 -23 25 28 -26 27 -28 -29 -30 -31
leaf_value=0.038487097449356585 -0.038934621472443615 0.0056975665722331275 -0.065113338687145514 -0.052476812797117071 -0.01915938257182587 0.026857532977726695 -0.042525592584525831 0.073357946572389948 0.037930175680474916 -0.04542963449043054 -0.0098976044710373835 -0.041876062236355233 0.046355639004404932 -0.038584966569616574 0.039365430309640688 0.038833266467765477 -0.037989681579358114 -0.037653345208940425 -0.037775204526668056 0.03832710627248679 -0.037940275816595835 -0.038308436978335011 -0.03800381017720933 -0.037727448402861914 -0.037952118325237483 -0.037700144383663085 -0.037666209672469954 -0.037797954830489387 -0.03786697397424435 -0.037845021552383118
leaf_weight=0.90552970394492149 0.13854317925870674 2.0639503914862876 0.57341144979000036 1.0952301025390614 1.4219546858221281 8.3919492126442492 1.7041078945621837 0.96476080082357007 13.826987737789747 0.57788400724530464 0.38981558103114378 0.32883298583328679 0.41195666790008623 0.28237206768244505 0.30978559888899404 0.31200283020734332 0.16676177177578244 3.4813831760548046 1.6270555360242713 0.54964819084853012 0.45711217960342765 0.37752005364745933 0.32807990582659874 1.2213879227638234 11.453823670744891 2.0682128709740941 3.8190423459746015 1.8687553843483327 0.6020983806811272 3.5795439528301358
leaf_count=32 4 33 2 9 35 193 15 4 933 15 10 4 2 11 7 9 18 657 212 22 43 17 24 181 970 310 710 193 51 328
internal_value=-0.00762098 0.0192396 0.00382096 0.00963647 0.014313 0.0249489 -0.0161114 0.0316521 0.0353699 0.00579619 -0.0409558 -0.0314558 0.0382167 -0.0393221 0.0379932 0.0379642 -0.0378335 -0.0378285 -0.037851 0.0379454 -0.0381865 -0.0379208 -0.037761 -0.037911 -0.0379301 -0.0378023 -0.0376797 -0.0377466 -0.0377735 -0.0378584
internal_weight=65.2995 34.5673 17.6735 15.642 14.5467 10.7787 3.76806 9.35671 16.8938 1.48341 2.03154 1.45813 15.4104 1.06832 14.9984 14.6886 30.7322 30.5937 27.1123 14.3766 0.739484 15.2819 11.8304 14.9044 13.0809 7.84459 3.9858 3.93697 1.82349 3.90762
internal_count=5054 1379 359 289 280 232 48 197 1020 47 70 68 973 58 971 964 3675 3671 3014 955 54 1431 1583 1414 1182 855 728 503 232 352
is_linear=0
shrinkage=0.05


Tree=241
num_leaves=31
num_cat=0
split_feature=22 42 39 25 42 38 23 23 24 0 25 7 9 27 19 25 22 25 0 6 19 1 34 14 19 36 22 38 39 19
split_gain=10.167 5.00935 2.24806 1.79901 2.45349 1.96888 1.70851 1.54967 1.83475 1.54106 1.36619 1.26436 0.890553 0.635668 0.490048 3.02311 1.57603 0.594648 0.547759 0.118011 0.0330391 0.00339438 0.00132968 0.00113784 0.000424757 0.00016355 0.00014602 2.9344e-05 4.62233e-05 2.10244e-05
threshold=-0.4195007186689606 1.2420620919108645 1.1586652080804056 0.051979306459481796 -0.13676163911665665 -1.2194896795209071 -0.73281679190426752 0.19403531510799751 0.58936442678402667 3.8467859583836073 0.074515607580570284 3.9921401452168368 -0.85462622701907021 -0.21268728857346461 -0.69252578124178943 -0.18621566815575122 -0.45077268242967294 -1.2634572163668552 4.129141550800207 0.26710647400379334 2.473658021074995 0.39261458200416638 1.9768027827418473 0.21896340227328001 -0.18157276660801222 1.039097405249797 -0.19455246843106319 -0.99455459383822342 0.59561912912395865 -0.33806832967044559
decision_type=2 2 2 2 2 2 2 2 2 2 2 2 2 2 2 2 2 2 2 2 2 2 2 2 2 2 2 2 2 2
left_child=14 2 3 4 6 21 -2 13 -9 20 -7 -12 -8 -6 15 16 17 -1 22 -3 23 25 27 26 -21 -5 -4 28 -16 -29
right_child=1 19 9 5 7 10 12 8 -10 -11 11 -13 -14 -15 18 -17 -18 -19 -20 24 -22 -23 -24 -25 -26 -27 -28 29 -30 -31
leaf_value=0.040129184806225141 0.0850480296046488 0.010693519564160923 -0.037956518120574892 -0.037763874768088318 0.012244786460015091 0.050942386536419096 0.019343277864162522 -0.047441612471532772 0.016238789802942775 0.040107381411655374 0.0093735989067310743 0.050688767323705114 -0.032822484797664822 0.050685642733461135 -0.03785320247656411 -0.037695612747425902 0.11365526235998068 -0.037756537694268386 0.039314782664338015 0.038993658728966304 -0.050218504822904367 -0.045039516457726608 -0.041319984190298566 -0.040790513893714589 0.037998331823543945 -0.039481884794630745 -0.038676621402492589 -0.037756651739988524 -0.038541983034573381 -0.037890035191445605
leaf_weight=0.55431460542604327 0.34632939239963789 0.40586193650960822 1.9009093646891417 1.5328362095169712 1.9579654051922259 2.3375559626147142 0.90202620485797425 1.8187960763461886 2.9915779153816402 0.68665984272956837 35.346169505733997 1.9541737064719189 8.7976283272728342 2.385944292880593 0.66415980039164313 5.3946487191133228 0.51237177010625579 0.43927240394987166 0.23356908559799272 1.1855289861559857 0.73900626599788655 0.18583436310291279 0.28244996862486083 0.5035739243030547 11.181969925761221 0.15229177568107832 1.1180381225422018 5.3752522680442754 0.38464680965989828 6.5596134995575968
leaf_count=7 6 8 152 232 28 31 32 50 59 10 562 12 540 26 74 978 5 60 4 37 3 1 12 8 676 4 37 722 15 663
internal_value=0.000395402 0.00857431 0.00300081 0.00564217 -0.00701325 0.011496 -0.024075 0.0117105 -0.00783869 -0.029406 0.0138619 0.0115381 -0.0279713 0.0333589 -0.0310491 -0.0202101 0.0424265 0.00569531 -0.0365897 0.0372231 -0.0406067 -0.0386264 -0.0379261 -0.0385902 0.0380937 -0.0379191 -0.0382232 -0.0378522 -0.0381058 -0.03783
internal_weight=98.831 78.4307 65.6573 60.7091 19.2003 41.5089 10.046 9.15428 4.81037 4.94819 39.6379 37.3003 9.69965 4.34391 20.4003 6.90061 1.50596 0.993587 13.4997 12.7734 4.26153 1.87096 13.2661 3.52252 12.3675 1.68513 3.01895 12.9837 1.04881 11.9349
internal_count=5054 2514 1793 1583 741 842 578 163 109 210 605 574 572 54 2540 1050 72 67 1490 721 200 237 1486 197 713 236 189 1474 89 1385
is_linear=0
shrinkage=0.05


Tree=242
num_leaves=31
num_cat=0
split_feature=30 9 19 38 38 38 20 39 25 39 40 25 15 36 24 40 38 25 25 3 22 6 0 16 5 3 11 1 1 21
split_gain=11.7031 3.65365 2.78639 2.38761 3.14325 4.39383 3.73462 2.0377 1.97918 3.58395 2.80639 1.89714 1.17031 1.54685 1.16173 1.02692 0.981856 0.893253 0.882381 0.768241 0.726611 0.839304 0.492204 0.952109 0.357342 0.0324655 0.0320924 0.0305038 0.0199077 0.00469273
threshold=-0.50768961474215557 0.6279740506999113 -0.44499542197754488 -0.13482929747288996 0.45312775106249165 0.63559616238479333 0.82647430278132339 1.5349794131931531 -0.36679034297163265 0.44161026945671367 0.93427278794042401 -1.4076012423358437 1.0299557974293603 -1.2448999829563812 -0.45151911127886762 1.0619793149165064 -0.43808146020457756 -1.3376848582170384 0.3606635164284287 -0.78349941943832146 -0.23913889024811477 -0.72522875353864424 -0.06547368685816847 1.2461055564105574 -0.49849769465587668 -0.45575319912626844 2.5038159299365383 -1.2000166143764806 0.73362517920344084 -0.8540230511093938
decision_type=2 2 2 2 2 2 2 2 2 2 2 2 2 2 2 2 2 2 2 2 2 2 2 2 2 2 2 2 2 2
left_child=15 2 7 18 8 11 -7 17 10 -10 -5 -6 28 -14 19 24 -17 -2 22 -9 21 -19 23 -4 27 -18 -24 -1 -3 -29
right_child=1 12 3 4 5 6 -8 14 9 -11 -12 -13 13 -15 -16 16 25 20 -20 -21 -22 -23 26 -25 -26 -27 -28 29 -30 -31
leaf_value=-0.051315337121102624 -0.0096274926780479195 -0.044553437353567073 0.030911053406942043 -0.052324783421548116 -0.02647906658311687 -0.012170310903625907 0.015545837590165923 -0.016160201253786328 -0.015371849712649233 0.03418966828291136 -0.0084803907495571706 0.036571785396981242 0.041482455498529462 -0.039854381569072721 -0.034633866103923466 0.03617630176734056 -0.038558334919111037 0.0019016492282354564 0.0017851321324770927 0.030181947454243848 -0.0073114413497921658 0.03688290206274851 0.039740924074718686 -0.019253777709681355 -0.011130142562547303 -0.021696719251866777 0.049300745900870385 -0.038029897912612402 -0.037906141280745577 -0.030236122544065099
leaf_weight=0.43708135932684555 1.4047964848578036 1.62102492712438 4.6351557895541182 5.361384877003732 1.299694675952195 25.418192870914936 23.290933679789305 1.4572731982916596 10.344521451741455 5.6344506293535224 11.431971984915434 14.539296583272515 1.2193757221102717 1.1227728500962255 2.0296994959935537 1.0011257361620667 0.66622486244887114 1.8881343482062316 3.4617557022720566 2.3149524014443159 1.1416901098564221 18.667652719654143 4.1665266891941419 1.1883627846837042 1.3005802994593967 0.49950791895389446 1.112249821424484 17.396986276842664 3.6909095393493772 0.19530705083161137
leaf_count=6 25 17 102 47 23 333 525 19 129 68 152 221 16 45 25 29 27 34 34 36 30 878 90 8 37 16 5 1700 358 19
internal_value=0.00169719 0.00669042 0.00851944 0.00494421 0.00211865 0.00852144 0.00108254 0.0223587 -0.0104922 0.00210436 -0.022478 0.031398 -0.0269523 0.00249142 -0.00413249 -0.0327828 -0.000142685 0.0290117 0.0238253 0.0122792 0.0315134 0.0336697 0.0306976 0.0206743 -0.0364417 -0.0313333 0.0417552 -0.0382675 -0.0399347 -0.0379434
internal_weight=169.94 148.443 140.789 111.884 97.3204 64.5481 48.7091 28.9042 32.7723 15.979 16.7934 15.839 7.65408 2.34215 5.80193 21.4968 2.16686 23.1023 14.5641 3.77223 21.6975 20.5558 11.1023 5.82352 19.33 1.16573 5.27878 18.0294 5.31193 17.5923
internal_count=5054 3220 2784 1737 1498 1102 858 1047 396 197 199 244 436 61 80 1834 72 967 239 55 942 912 205 110 1762 43 95 1725 375 1719
is_linear=0
shrinkage=0.05


Tree=243
num_leaves=31
num_cat=0
split_feature=39 13 38 26 22 34 37 41 28 20 39 19 22 36 39 24 38 42 8 16 22 16 46 42 22 22 24 25 22 37
split_gain=7.39038 2.14024 2.07884 3.14182 2.45495 1.66517 2.16412 2.88124 2.81541 2.84759 1.90274 2.58845 1.74451 1.67023 1.5172 1.41583 1.36275 0.967507 0.835458 0.472303 0.458608 0.600659 0.307236 0.295497 0.284512 0.245767 0.193007 0.159524 0.0815734 0.0192954
threshold=0.7085912603143959 0.40078988180986952 0.1608230905902954 -0.27769303613043334 -0.77521794542066724 -1.13245582536237 1.9614217879311473 1.0235272506306921 0.60342616354663225 0.60192601597193496 1.2824749250822445 -0.216310538495433 -0.60810620272788962 -0.65729514380341447 1.1444250533633491 -0.38055577969134541 0.92235310963637007 -0.05285871869080571 -0.79153239212769855 -0.13738920025136619 -0.53832777843828861 -0.050717390016164592 -0.36509092973074625 -0.69311087988709374 -0.57691774373936811 -0.83090017290929874 -0.94689758255064949 -1.2809658839935076 -0.7564949140667182 0.48223869996931595
decision_type=2 2 2 2 2 2 2 2 2 2 2 2 2 2 2 2 2 2 2 2 2 2 2 2 2 2 2 2 2 2
left_child=-1 2 3 14 26 12 8 16 9 15 11 -10 13 -3 25 -7 -8 -15 -9 29 -14 -22 -11 -16 -25 -2 -5 -12 -6 -4
right_child=1 5 19 4 28 6 7 18 10 22 27 -13 20 17 23 -17 -18 -19 -20 -21 21 -23 -24 24 -26 -27 -28 -29 -30 -31
leaf_value=-0.037624506689431132 0.0081692603582586409 -0.027520908001354812 0.045811415531805837 0.039658896202372472 -0.0085323084811966491 -0.030846084261934331 0.0041581186215225441 0.046822368934214403 -0.040464756577974825 0.049008929994536737 -0.058397200496890359 0.010515993908283928 0.049862326822117796 -0.0085318026455920518 0.063852866221862523 0.016830036786124224 0.048098113618222194 0.030221901149892424 -0.039796127172355318 0.017966120496681219 -0.0049567797257083794 0.043402636797551332 0.023765950322133935 0.042829964536139797 0.013916054279149971 -0.038821544777156436 0.0089506906950271858 -0.040456289730468414 -0.04021411799199185 0.040511571796880225
leaf_weight=10.434030508040449 0.44728679768741131 3.1406701439991584 2.5051669590175152 1.2127854432910683 0.21321088820695866 4.1944609587080777 2.825600663200019 0.31671879999339614 4.2432534210383883 2.5818724241107702 1.650837108492851 6.0252581923268762 3.1938646407797933 2.5077387429773799 1.1483411705121387 2.4767038403078931 4.6990553624927998 4.5014664605259895 2.2999553089030087 2.6957459496334177 1.1711700307205322 1.4213996930047859 2.2609915472567081 3.3158218637108798 1.1444526663981389 0.73628696682862915 0.88513510487973679 4.9667897196486583 4.3160639163106698 5.461339246481657
leaf_count=3575 16 20 22 24 2 74 27 5 220 24 6 98 22 18 9 47 27 34 157 36 27 14 19 68 36 36 23 70 203 95
internal_value=0.00191191 0.00716302 0.0195758 0.00648109 -0.0180115 0.00167602 -0.00394505 0.015882 -0.011025 0.00803973 -0.0240246 -0.0105508 0.0152704 0.00277966 0.0303787 -0.0131461 0.0315981 0.0163567 -0.0293119 0.0360566 0.0371802 0.0215567 0.0372237 0.0412344 0.035411 -0.0210632 0.0267028 -0.0449318 -0.0387227 0.0421782
internal_weight=88.9935 78.5594 24.0816 13.4194 6.6272 54.4778 38.5415 10.1413 28.4002 11.514 16.8861 10.2685 15.9363 10.1499 6.79219 6.67116 7.52466 7.00921 2.61667 10.6623 5.78643 2.59257 4.84286 5.60862 4.46027 1.18357 2.09792 6.61763 4.52927 7.96651
internal_count=5054 1479 570 417 252 909 774 216 558 164 394 318 135 72 165 121 54 52 162 153 63 41 43 113 104 52 47 76 205 117
is_linear=0
shrinkage=0.05


Tree=244
num_leaves=31
num_cat=0
split_feature=20 38 3 39 39 23 0 11 25 35 16 36 1 6 1 0 2 1 19 16 6 19 40 26 0 0 17 40 37 37
split_gain=19.69 3.27888 1.6976 1.66414 1.71362 1.21382 0.790282 0.702832 0.568973 1.01955 0.159491 0.145278 0.00886225 0.00137593 0.0001906 7.70086e-05 5.30144e-05 4.16511e-05 5.92948e-05 3.83593e-05 2.65973e-05 1.83904e-05 1.37107e-05 1.36101e-05 1.37258e-05 8.50154e-06 4.93306e-06 3.13788e-06 2.87855e-06 2.61252e-06
threshold=-1.0603712108618153 -1.2194896795209071 0.48845568017492474 0.80857471943477044 -1.3396555949263298 -0.98555237258961303 -1.2180789367440308 -0.2671967852594696 -0.18621566815575122 -0.28127212421248021 1.0000000180025095e-35 -0.41754452558043159 0.39261458200416638 0.078443739705188642 0.19816484890500916 -1.2430451154419193 -1.1810809354712959 1.3382307738600283 -0.26891226612156288 1.0176241348421633 -0.21569874693561616 4.0772924754326292 0.44898798543131052 1.0109251756319197 0.30664126230560135 0.6680564205988474 -1.4462278875496855 1.1386032311021561 -0.30595301610519138 1.9614217879311473
decision_type=2 2 2 2 2 2 2 2 2 2 2 2 2 2 2 2 2 2 2 2 2 2 2 2 2 2 2 2 2 2
left_child=1 8 3 4 6 -6 -3 -7 9 -1 -4 -12 14 -13 15 20 -2 18 22 -15 -10 23 26 24 -20 28 -18 -27 -24 -25
right_child=16 2 10 -5 5 7 -8 -9 12 -11 11 13 -14 19 -16 -17 17 -19 21 -21 -22 -23 25 29 -26 27 -28 -29 -30 -31
leaf_value=0.038415476918838565 -0.038830168042050375 0.0054102459523240462 -0.062667961650699683 -0.05160196731946616 -0.018973956864712642 0.023122983029689959 -0.040905161305369579 0.056107063853209765 0.03789887487034873 -0.047795172905052571 0.00036042979087755458 -0.042039830445661855 0.045603806743281794 -0.038633829574722306 0.039228996325891885 0.038735993625635318 -0.037941734283055542 -0.03764253676374632 -0.03784270586711224 -0.037918246384637207 0.038266725660783873 -0.038254968673098383 -0.037984867484423285 -0.0377162422857742 -0.03795072616319816 -0.037688453538746031 -0.037656143527288424 -0.037780625751319324 -0.037826039593154587 -0.037847005419204029
leaf_weight=0.8926000501960516 0.1283263042569186 2.0447113383561377 0.56408782303333183 1.0476625319570292 1.4177001500502218 6.9579255869612071 1.6759369848296035 2.1032292246818587 12.841633285395794 0.55692426674067863 0.2896378906443714 0.34499150514602639 0.38953095674514848 0.33401998458430171 0.28857072442770082 0.2903877068310966 0.15786613710224662 3.2332662022672585 4.7901616580784268 0.4262976385653019 0.51095030549913723 0.35520508605986911 0.31165840104222331 1.1599592731799919 7.6172639345750213 1.9460769086144867 3.5838457662612271 1.7570540816523132 3.3694757171906531 0.56950430432334531
leaf_count=34 4 33 2 9 35 178 15 19 933 13 11 3 2 12 7 9 18 657 542 42 22 17 24 181 640 310 710 193 328 51
internal_value=-0.00774796 0.0186756 0.00358144 0.00921096 0.0136978 0.0240479 -0.0154522 0.0307791 0.0351439 0.00529233 -0.0402332 -0.031161 0.0381653 -0.0394209 0.0379574 0.0379305 -0.0378162 -0.0378116 -0.037833 -0.0382326 0.037913 -0.0378996 -0.0377462 -0.0378907 -0.037909 -0.0377857 -0.0376682 -0.0377322 -0.0378395 -0.0377593
internal_weight=61.9565 32.9768 17.2062 15.2472 14.1995 10.4789 3.72065 9.06115 15.7706 1.44952 1.95903 1.39495 14.3211 1.10531 13.9315 13.643 28.9797 28.8513 25.6181 0.760318 13.3526 14.4921 11.126 14.1369 12.4074 7.38427 3.74171 3.70313 3.68113 1.72946
internal_count=5054 1379 359 289 280 232 48 197 1020 47 70 68 973 57 971 964 3675 3671 3014 54 955 1431 1583 1414 1182 855 728 503 352 232
is_linear=0
shrinkage=0.05


Tree=245
num_leaves=31
num_cat=0
split_feature=22 42 39 38 25 38 38 2 25 7 1 19 25 22 25 2 14 19 1 34 14 9 42 17 19 37 40 19 19 36
split_gain=9.43349 4.69705 2.08284 1.63279 1.90533 2.33368 2.02677 1.46557 1.28886 1.1751 0.532502 0.486383 2.85963 1.36351 0.559875 0.510556 0.145103 0.0268418 0.00269064 0.00105395 0.000981774 0.000463332 0.000145804 0.000128082 2.7781e-05 2.72527e-05 3.62539e-05 1.87566e-05 1.83299e-05 1.5408e-05
threshold=-0.4195007186689606 1.2420620919108645 1.1586652080804056 -1.2194896795209071 0.051979306459481796 0.26483696430407672 0.11924129063536505 2.9633395865414327 0.074515607580570284 3.9921401452168368 -1.5664752658558248 -0.69252578124178943 -0.18621566815575122 -0.45077268242967294 -1.2634572163668552 4.0111473770993857 -1.0000000180025095e-35 2.473658021074995 0.39261458200416638 1.9768027827418473 0.21896340227328001 -0.11304419987428162 0.061444138527872845 0.1972423304299524 -0.22773945493660522 -0.55706660888346282 -0.21508595484431844 -0.31854755601345258 0.34385128038555252 0.78347467291123341
decision_type=2 2 2 2 2 2 2 2 2 2 2 2 2 2 2 2 2 2 2 2 2 2 2 2 2 2 2 2 2 2
left_child=11 2 3 18 5 6 -5 17 -6 -10 -7 12 13 14 -1 19 -3 20 22 25 23 -18 29 -4 -23 26 -13 -27 -29 -2
right_child=1 16 7 4 8 10 -8 -9 9 -11 -12 15 -14 -15 -16 -17 21 -19 -20 -21 -22 24 -24 -25 -26 27 -28 28 -30 -31
leaf_value=0.039810828479444456 -0.037715247844442204 0.0047997710522373858 -0.038018976805913193 -0.0071536593042352886 0.049754873638105726 0.040609709514776236 0.036900888245177788 0.040010924965937347 0.00889885092614035 0.048770029892168082 -0.035777293797074887 -0.037830353513109635 -0.037683155120496616 0.10649928488312316 -0.037743656955964933 0.039186410555438332 0.039162481098679307 -0.049253923982881587 -0.04439926046477069 -0.041013093011329015 -0.040631012710596423 0.038364644284753502 -0.039339953237152406 -0.038863946913572318 0.037955046626190876 -0.03774057733131414 -0.038416873820203208 -0.037913888823767367 -0.037693577621913554 -0.038138198048641159
leaf_weight=0.53107612766325474 1.4495474970899516 0.33741990011185485 2.2876026653684676 8.8728822604753095 2.2792499749921253 0.23798316810279807 3.6991701247170559 0.65887548029422749 34.895386174554005 1.9513098448514927 5.5223378858063388 0.63847662834450603 5.0296351332217482 0.52211503591388442 0.41421603551134467 0.21854175254702646 0.88420805521309276 0.70887248218059529 0.17499315738677967 0.26627473114058453 0.47917675599455822 0.43136697169393201 0.16379923000931729 0.55784899182617653 10.267270722426471 5.188404981978235 0.44857245078310259 4.797489834018049 1.1754357027821241 0.25289942463859905
leaf_count=7 248 7 171 174 31 3 41 10 562 12 494 77 978 5 60 4 24 3 1 12 8 18 4 18 672 740 21 436 200 13
internal_value=0.000391554 0.00829703 0.00294452 0.0054738 0.00703497 -0.00626655 0.00580884 -0.0291269 0.0132674 0.0110103 -0.0326214 -0.0308979 -0.0197658 0.0416472 0.00582735 -0.036578 0.0371209 -0.0404206 -0.038471 -0.0379011 -0.0385372 0.0380625 -0.0379152 -0.0381846 0.0379716 -0.0378334 -0.0380724 -0.0378101 -0.0378705 -0.0377781
internal_weight=95.3424 76.1122 64.1919 59.4996 57.4583 18.3324 12.5721 4.69238 39.1259 36.8467 5.76032 19.2302 6.49704 1.46741 0.945292 12.7332 11.9203 4.0335 2.04124 12.5147 3.32463 11.5828 1.86625 2.84545 10.6986 12.2484 1.08705 11.1613 5.97293 1.70245
internal_count=5054 2514 1793 1583 1317 712 215 210 605 574 497 2540 1050 72 67 1490 721 200 266 1486 197 714 265 189 690 1474 98 1376 636 261
is_linear=0
shrinkage=0.05


Tree=246
num_leaves=31
num_cat=0
split_feature=13 9 19 38 26 38 39 38 29 40 24 1 25 15 36 24 25 3 25 23 6 24 11 40 33 1 5 1 39 6
split_gain=11.0161 4.20364 2.60505 1.87974 3.06493 1.92864 1.83059 1.56752 1.54861 2.10939 1.08448 1.27004 1.62523 1.0743 1.35005 1.06901 0.806005 0.784531 0.769996 0.91485 0.833573 0.595318 0.500409 0.174633 0.113484 0.0183691 0.00252233 0.00140216 0.000759374 0.000298422
threshold=-0.86052761804996714 0.6279740506999113 -0.44499542197754488 -0.13482929747288996 0.2598972860750417 0.095731318274349719 1.5349794131931531 1.0000000180025095e-35 2.4692061264507887 -0.13846203865866896 -0.79052025983181617 0.0087579316423621687 0.45254538774249314 1.0299557974293603 -1.2448999829563812 -0.45151911127886762 -1.3376848582170384 -0.78349941943832146 0.11390313780168093 -0.54879218213458381 -0.72522875353864424 0.73478608016687808 -0.079281073330672261 1.7260532551921355 -0.47832280695169288 0.73362517920344084 -0.64715935726602425 1.3974131497540083 0.55232073140037263 -0.34433977000068888
decision_type=2 2 2 2 2 2 2 2 2 2 2 2 2 2 2 2 2 2 2 2 2 2 2 2 2 2 2 2 2 2
left_child=26 2 6 10 5 7 16 -5 9 -6 22 21 -13 25 -15 17 -2 -8 20 -20 -18 -12 -4 -7 -19 -3 28 -16 -1 -30
right_child=1 13 3 4 8 23 15 -9 -10 -11 11 12 -14 14 27 -17 18 24 19 -21 -22 -23 -24 -25 -26 -27 -28 -29 29 -31
leaf_value=-0.037862453596915223 -0.0091373078123388081 -0.044113045572151392 0.020353699994283658 -0.03390082280439758 0.033389804595495023 -0.04037166355940882 -0.01674774146277588 0.021929984599103464 -0.034564419840204239 0.0041535178738030783 0.043880572040969491 0.024751163038055579 -0.044731211500668444 0.033951042254245688 -0.041389901328960373 -0.033660054219209076 0.0021908452496690032 0.041170980219817244 0.027325644851023845 -0.037019535623446842 0.037338060660623465 0.020553881716246409 -0.043677248000634689 -0.018500743489237925 0.019257088648033743 -0.037851968542075107 -0.041097960029453387 -0.037933853442236709 -0.038307727320661747 -0.039940010566496792
leaf_weight=13.936025794595478 1.3715446731075704 1.587303264066575 0.45980420522391796 1.9635768691077808 6.7346411086618749 6.4050298919901252 1.4833491183817384 3.4947737967595458 2.3509111963212481 73.527219542302205 5.8010103460401243 2.2368345027789487 1.3492437452077863 1.3296597287990155 0.55756025388836838 1.950229943729936 1.8746429597959018 1.1205644104629757 1.497121552936733 0.87541389930993219 16.848792843520638 5.1753060482442379 0.90707069728523559 1.0643830792978404 1.2496297862380745 4.4716578777879477 0.67043730057775874 0.61962874885648489 0.50721296202391386 0.62512198835611232
leaf_count=1550 26 19 10 50 220 110 22 53 18 1043 123 39 19 23 7 25 35 15 88 13 826 52 37 23 27 483 9 48 27 14
internal_value=0.00167666 0.00589758 0.00798171 0.00454367 0.00189246 -0.0207461 0.0215374 0.00184551 0.00543508 0.00660669 0.0204451 0.0244421 -0.00139123 -0.0281025 -0.000574002 -0.00349576 0.0280039 0.01177 0.0304186 0.00358367 0.033819 0.0328821 -0.0221378 -0.0372551 0.0296174 -0.0394922 -0.0380971 -0.0395708 -0.0379636 -0.0392089
internal_weight=164.046 148.307 139.741 111.47 95.5405 12.9278 28.2713 5.45835 82.6128 80.2619 15.9293 14.5624 3.58608 8.56581 2.50685 5.80377 22.4675 3.85354 21.096 2.37254 18.7234 10.9763 1.36687 7.46941 2.37019 6.05896 15.7388 1.17719 15.0684 1.13233
internal_count=5054 3454 2874 1797 1517 236 1077 103 1281 1263 280 233 58 580 78 89 988 64 962 101 861 175 47 133 42 502 1600 55 1591 41
is_linear=0
shrinkage=0.05


Tree=247
num_leaves=31
num_cat=0
split_feature=39 13 34 37 0 28 18 39 19 39 37 8 0 24 25 8 37 37 34 39 25 33 27 14 25 19 31 37 3 9
split_gain=6.93616 1.97021 1.52725 2.06425 2.68612 2.6596 2.56504 1.82048 2.36757 1.61601 1.66042 1.15571 1.05189 0.965121 0.888504 0.798703 0.769408 1.93978 1.00492 0.701991 0.688015 0.542482 0.542399 0.389821 0.311694 0.202431 0.191386 0.124861 0.101156 0.00675093
threshold=0.7085912603143959 0.40078988180986952 -1.13245582536237 1.9614217879311473 1.0235272506306921 0.60342616354663225 0.58832725052012169 1.1730728060619782 -0.216310538495433 1.4041346088843902 0.83282756355708043 -0.41020099204132426 0.74711598647549515 -0.38055577969134541 -0.81472861407128261 -0.79153239212769855 -0.011592364651285254 -0.63604408724040418 -1.4522652821959461 1.4041346088843902 -0.8497517383995673 -0.26374348417949162 -0.6058113000767783 -0.85833972657893276 -0.49393685436899798 0.10216054946122187 -0.14312117842703068 1.0619267461345949 -0.74097648226374713 -1.0668734459249098
decision_type=2 2 2 2 2 2 2 2 2 2 2 2 2 2 2 2 2 2 2 2 2 2 2 2 2 2 2 2 2 2
left_child=-1 11 9 5 12 6 13 8 -7 10 -3 16 -5 -4 -13 -6 17 -2 -19 25 -8 26 27 -9 -21 29 28 -12 -18 -16
right_child=1 2 3 4 15 7 20 23 -10 -11 22 14 -14 -15 19 -17 21 18 -20 24 -22 -23 -24 -25 -26 -27 -28 -29 -30 -31
leaf_value=-0.037618115319006301 0.048948863197330085 -0.0021111006135598213 -0.036333982331983677 0.0051160000699633917 0.045808195859076049 -0.040655034358337505 0.04705405233921487 -0.018912614379124951 0.013304243005543968 -0.015486728844489504 0.055469801635683436 0.026036314718996357 0.04485461952040945 0.0082503642955074324 -0.04595984626664569 -0.039691403872369115 0.047659583762431554 0.036631528011747426 -0.039210472442257428 0.035962125506227641 0.013632370458590753 0.0070502105814876127 0.018717144099048892 -0.046536570995892833 -0.0057038022911506375 -0.0044003815756347648 0.020775305822238493 0.039759366637748629 0.036131000798891491 -0.038522575678024674
leaf_weight=9.8134755948558432 1.6667284620925782 4.2320199012756339 3.016315541928634 2.5455981940031034 0.3123263614252213 3.3176418505609027 2.960197014734149 1.6042347457259891 5.2494897842407253 3.439659110736101 2.0827503781765682 2.3367114989086986 4.8154012598097324 2.0312413740903157 0.40045475959777821 2.1774832084774971 2.7239686921238908 0.57282426953315724 1.838864591903991 0.70248285634443153 3.2093026787042618 1.7914571678265883 2.7969055832363665 6.2633933604229233 1.2432085662148891 0.512515912298113 1.5860800389200438 3.2199475998058915 6.311254022642971 1.2817313368432217
leaf_count=3575 22 30 60 26 5 192 26 13 90 29 11 37 28 46 2 157 31 7 86 10 32 30 35 99 38 36 24 30 166 81
internal_value=0.00194823 0.00704099 0.00176341 -0.00372657 0.0159272 -0.0107281 0.00804163 -0.0235389 -0.00759161 0.014818 0.023271 0.0192821 0.0311121 -0.0183923 0.00138571 -0.0289662 0.0263111 0.00746984 -0.0211965 -0.0125263 0.0296685 0.0325018 0.036533 -0.040904 0.00933949 -0.0319113 0.0367946 0.04593 0.0396067 -0.0402931
internal_weight=86.0557 76.2422 53.2739 37.5026 9.85081 27.6518 11.2171 16.4348 8.56713 15.7713 12.3316 22.9683 7.361 5.04756 6.4771 2.48981 16.4912 4.07842 2.41169 4.14039 6.1695 12.4128 8.0996 7.86763 1.94569 2.1947 10.6213 5.3027 9.03522 1.68219
internal_count=5054 1479 909 774 216 558 164 394 282 135 106 570 54 106 204 162 366 115 93 167 58 251 76 112 48 119 221 41 197 83
is_linear=0
shrinkage=0.05


end of trees

feature_importances:
Column_39=493
Column_25=460
Column_38=456
Column_37=406
Column_19=393
Column_22=388
Column_40=370
Column_0=352
Column_24=274
Column_42=250
Column_1=246
Column_21=200
Column_17=173
Column_14=163
Column_20=163
Column_9=157
Column_13=142
Column_23=128
Column_6=123
Column_36=122
Column_16=117
Column_11=112
Column_5=104
Column_34=102
Column_8=81
Column_18=81
Column_15=76
Column_33=75
Column_2=73
Column_31=73
Column_7=72
Column_4=70
Column_3=68
Column_32=67
Column_12=65
Column_26=63
Column_47=58
Column_29=56
Column_35=52
Column_10=50
Column_27=44
Column_30=44
Column_28=43
Column_41=25
Column_46=20
Column_44=2
Column_43=1

parameters:
[boosting: gbdt]
[objective: multiclass]
[metric: multi_logloss]
[tree_learner: serial]
[device_type: cpu]
[data_sample_strategy: bagging]
[data: ]
[valid: ]
[num_iterations: 500]
[learning_rate: 0.05]
[num_leaves: 31]
[num_threads: 0]
[seed: 0]
[deterministic: 0]
[force_col_wise: 0]
[force_row_wise: 0]
[histogram_pool_size: -1]
[max_depth: 7]
[min_data_in_leaf: 20]
[min_sum_hessian_in_leaf: 0.001]
[bagging_fraction: 0.8]
[pos_bagging_fraction: 1]
[neg_bagging_fraction: 1]
[bagging_freq: 5]
[bagging_seed: 3]
[bagging_by_query: 0]
[feature_fraction: 0.9]
[feature_fraction_bynode: 1]
[feature_fraction_seed: 2]
[extra_trees: 0]
[extra_seed: 6]
[early_stopping_round: 50]
[early_stopping_min_delta: 0]
[first_metric_only: 0]
[max_delta_step: 0]
[lambda_l1: 0]
[lambda_l2: 0]
[linear_lambda: 0]
[min_gain_to_split: 0]
[drop_rate: 0.1]
[max_drop: 50]
[skip_drop: 0.5]
[xgboost_dart_mode: 0]
[uniform_drop: 0]
[drop_seed: 4]
[top_rate: 0.2]
[other_rate: 0.1]
[min_data_per_group: 100]
[max_cat_threshold: 32]
[cat_l2: 10]
[cat_smooth: 10]
[max_cat_to_onehot: 4]
[top_k: 20]
[monotone_constraints: ]
[monotone_constraints_method: basic]
[monotone_penalty: 0]
[feature_contri: ]
[forcedsplits_filename: ]
[refit_decay_rate: 0.9]
[cegb_tradeoff: 1]
[cegb_penalty_split: 0]
[cegb_penalty_feature_lazy: ]
[cegb_penalty_feature_coupled: ]
[path_smooth: 0]
[interaction_constraints: ]
[verbosity: -1]
[saved_feature_importance_type: 0]
[use_quantized_grad: 0]
[num_grad_quant_bins: 4]
[quant_train_renew_leaf: 0]
[stochastic_rounding: 1]
[linear_tree: 0]
[max_bin: 255]
[max_bin_by_feature: ]
[min_data_in_bin: 3]
[bin_construct_sample_cnt: 200000]
[data_random_seed: 1]
[is_enable_sparse: 1]
[enable_bundle: 1]
[use_missing: 1]
[zero_as_missing: 0]
[feature_pre_filter: 1]
[pre_partition: 0]
[two_round: 0]
[header: 0]
[label_column: ]
[weight_column: ]
[group_column: ]
[ignore_column: ]
[categorical_feature: ]
[forcedbins_filename: ]
[precise_float_parser: 0]
[parser_config_file: ]
[objective_seed: 5]
[num_class: 4]
[is_unbalance: 0]
[scale_pos_weight: 1]
[sigmoid: 1]
[boost_from_average: 1]
[reg_sqrt: 0]
[alpha: 0.9]
[fair_c: 1]
[poisson_max_delta_step: 0.7]
[tweedie_variance_power: 1.5]
[lambdarank_truncation_level: 30]
[lambdarank_norm: 1]
[label_gain: ]
[lambdarank_position_bias_regularization: 0]
[eval_at: ]
[multi_error_top_k: 1]
[auc_mu_weights: ]
[num_machines: 1]
[local_listen_port: 12400]
[time_out: 120]
[machine_list_filename: ]
[machines: ]
[gpu_platform_id: -1]
[gpu_device_id: -1]
[gpu_use_dp: 0]
[num_gpu: 1]

end of parameters

pandas_categorical:null
